timestamp,rpm,temperature,pressure,vibration,load,fuel_flow,altitude,ambient_temperature,state,fault
2026-08-23T18:30:45.132448,4893.5,77.2,4.23,2.03,67.5,12.08,1493.8,21.62,DEGRADATION,MECHANICAL_DEGRADATION
2026-08-23T18:30:46.132448,4755.8,77.03,4.16,1.95,62.3,12.63,1491.8,20.4,DEGRADATION,MECHANICAL_DEGRADATION
2026-08-23T18:30:47.132448,4845.2,77.61,4.14,2.07,65.7,12.52,1487.2,22.1,DEGRADATION,MECHANICAL_DEGRADATION
2026-08-23T18:30:48.132448,4734.9,79.85,4.09,1.98,65.1,12.57,1496.3,22.24,DEGRADATION,MECHANICAL_DEGRADATION
2026-08-23T18:30:49.132448,4649.8,77.88,4.17,1.92,69.2,12.18,1496.8,20.92,DEGRADATION,MECHANICAL_DEGRADATION
2026-08-23T18:30:50.132448,4799.7,76.09,4.05,2.48,66.8,12.47,1500.6,21.21,DEGRADATION,MECHANICAL_DEGRADATION
2026-08-23T18:30:51.132448,4745.1,78.59,4.0,2.07,59.4,12.52,1481.1,22.82,DEGRADATION,MECHANICAL_DEGRADATION
2026-08-23T18:30:52.132448,4827.5,77.49,4.02,1.86,64.5,12.18,1502.3,22.44,DEGRADATION,MECHANICAL_DEGRADATION
2026-08-23T18:30:53.132448,4782.9,77.63,4.23,1.97,67.3,12.39,1522.6,21.79,DEGRADATION,MECHANICAL_DEGRADATION
2026-08-23T18:30:54.132448,4740.9,78.32,4.12,1.85,64.3,12.72,1465.1,21.91,DEGRADATION,MECHANICAL_DEGRADATION
2026-08-23T18:30:55.132448,4776.7,78.07,4.23,1.78,66.7,12.42,1499.8,21.83,DEGRADATION,MECHANICAL_DEGRADATION
2026-08-23T18:30:56.132448,4768.5,77.65,4.2,2.48,68.0,12.76,1506.8,21.7,DEGRADATION,MECHANICAL_DEGRADATION
2026-08-23T18:30:57.132448,4805.9,80.88,4.06,2.23,67.9,12.59,1510.6,22.66,DEGRADATION,MECHANICAL_DEGRADATION
2026-08-23T18:30:58.132448,4870.7,80.0,4.3,2.14,67.4,12.57,1503.4,21.73,DEGRADATION,MECHANICAL_DEGRADATION
2026-08-23T18:30:59.132448,4808.0,80.24,4.15,2.14,66.9,12.53,1513.4,22.1,DEGRADATION,MECHANICAL_DEGRADATION
2026-08-23T18:31:00.132448,4732.6,77.29,4.22,2.22,68.4,12.61,1502.5,21.18,DEGRADATION,MECHANICAL_DEGRADATION
2026-08-23T18:31:01.132448,4835.6,77.48,4.24,1.87,63.0,12.58,1493.0,21.63,DEGRADATION,MECHANICAL_DEGRADATION
2026-08-23T18:31:02.132448,4814.5,79.46,4.19,2.05,62.6,12.4,1491.7,21.97,DEGRADATION,MECHANICAL_DEGRADATION
2026-08-23T18:31:03.132448,4808.4,78.49,4.09,2.0,69.0,12.6,1503.3,22.13,DEGRADATION,MECHANICAL_DEGRADATION
2026-08-23T18:31:04.132448,4800.4,78.91,4.25,2.29,56.6,12.51,1544.3,21.35,DEGRADATION,MECHANICAL_DEGRADATION
2026-08-23T18:31:05.132448,4780.8,80.09,4.15,2.41,61.4,12.18,1497.1,21.63,DEGRADATION,MECHANICAL_DEGRADATION
2026-08-23T18:31:06.132448,4731.5,79.52,4.17,2.15,64.0,12.64,1498.2,21.63,DEGRADATION,MECHANICAL_DEGRADATION
2026-08-23T18:31:07.132448,4794.1,79.33,4.15,2.29,61.9,12.52,1492.1,22.67,DEGRADATION,MECHANICAL_DEGRADATION
2026-08-23T18:31:08.132448,4792.8,81.46,4.27,2.09,61.9,12.71,1495.8,21.92,DEGRADATION,MECHANICAL_DEGRADATION
2026-08-23T18:31:09.132448,4728.7,79.68,4.16,2.25,66.2,12.3,1466.4,21.86,DEGRADATION,MECHANICAL_DEGRADATION
2026-08-23T18:31:10.132448,4744.6,78.37,4.22,2.16,69.8,12.63,1510.3,22.25,DEGRADATION,MECHANICAL_DEGRADATION
2026-08-23T18:31:11.132448,4801.0,77.53,4.22,2.2,62.3,12.76,1505.2,22.64,DEGRADATION,MECHANICAL_DEGRADATION
2026-08-23T18:31:12.132448,4796.9,79.52,4.0,2.52,69.7,12.81,1506.9,22.61,DEGRADATION,MECHANICAL_DEGRADATION
2026-08-23T18:31:13.132448,4731.7,79.96,4.13,2.0,66.4,12.69,1525.6,22.47,DEGRADATION,MECHANICAL_DEGRADATION
2026-08-23T18:31:14.132448,4701.1,76.8,4.12,2.16,62.5,12.15,1497.1,21.42,DEGRADATION,MECHANICAL_DEGRADATION
2026-08-23T18:31:15.132448,4736.3,80.23,4.15,2.06,61.9,12.53,1526.0,21.75,DEGRADATION,MECHANICAL_DEGRADATION
2026-08-23T18:31:16.132448,4832.0,78.3,4.11,2.36,63.0,12.61,1479.7,22.33,DEGRADATION,MECHANICAL_DEGRADATION
2026-08-23T18:31:17.132448,4807.9,78.5,4.14,2.14,58.8,13.42,1509.4,22.41,DEGRADATION,MECHANICAL_DEGRADATION
2026-08-23T18:31:18.132448,4775.9,79.53,4.31,1.87,64.4,12.47,1496.9,22.35,DEGRADATION,MECHANICAL_DEGRADATION
2026-08-23T18:31:19.132448,4730.3,77.77,4.03,2.33,68.2,12.84,1524.0,21.74,DEGRADATION,MECHANICAL_DEGRADATION
2026-08-23T18:31:20.132448,4797.7,80.22,4.1,2.09,68.0,12.4,1495.6,21.51,DEGRADATION,MECHANICAL_DEGRADATION
2026-08-23T18:31:21.132448,4826.7,79.38,4.07,2.2,64.7,12.63,1474.4,21.42,DEGRADATION,MECHANICAL_DEGRADATION
2026-08-23T18:31:22.132448,4775.8,80.78,4.03,2.28,63.6,11.93,1495.3,21.46,DEGRADATION,MECHANICAL_DEGRADATION
2026-08-23T18:31:23.132448,4789.2,79.27,4.11,1.97,65.8,12.03,1503.3,22.69,DEGRADATION,MECHANICAL_DEGRADATION
2026-08-23T18:31:24.132448,4704.6,80.58,4.22,2.23,68.7,12.64,1492.6,20.99,DEGRADATION,MECHANICAL_DEGRADATION
2026-08-23T18:31:25.132448,4708.8,77.81,4.29,2.33,64.9,12.21,1525.8,21.42,DEGRADATION,MECHANICAL_DEGRADATION
2026-08-23T18:31:26.132448,4810.2,80.94,4.11,2.15,65.3,12.22,1509.7,22.84,DEGRADATION,MECHANICAL_DEGRADATION
2026-08-23T18:31:27.132448,4785.3,80.94,4.04,2.36,62.3,12.49,1510.9,23.25,DEGRADATION,MECHANICAL_DEGRADATION
2026-08-23T18:31:28.132448,4751.2,79.76,3.95,2.34,62.7,12.21,1477.6,22.07,DEGRADATION,MECHANICAL_DEGRADATION
2026-08-23T18:31:29.132448,4731.2,80.57,4.08,2.31,69.8,12.87,1511.5,22.74,DEGRADATION,MECHANICAL_DEGRADATION
2026-08-23T18:31:30.132448,4754.7,78.61,4.03,2.0,66.5,12.51,1507.7,22.42,DEGRADATION,MECHANICAL_DEGRADATION
2026-08-23T18:31:31.132448,4712.2,80.06,4.19,2.34,68.3,12.58,1485.7,21.88,DEGRADATION,MECHANICAL_DEGRADATION
2026-08-23T18:31:32.132448,4667.9,80.73,4.05,2.6,61.8,12.68,1505.2,21.9,DEGRADATION,MECHANICAL_DEGRADATION
2026-08-23T18:31:33.132448,4757.7,79.01,4.0,2.05,63.8,12.4,1503.6,21.81,DEGRADATION,MECHANICAL_DEGRADATION
2026-08-23T18:31:34.132448,4714.5,79.07,3.93,2.27,66.7,12.24,1496.1,22.34,DEGRADATION,MECHANICAL_DEGRADATION
2026-08-23T18:31:35.132448,4712.0,80.23,4.05,2.85,69.7,13.01,1489.6,22.33,DEGRADATION,MECHANICAL_DEGRADATION
2026-08-23T18:31:36.132448,4732.1,80.48,4.03,2.39,63.2,12.74,1526.7,21.31,DEGRADATION,MECHANICAL_DEGRADATION
2026-08-23T18:31:37.132448,4684.2,80.69,4.14,2.29,67.3,12.79,1508.4,22.7,DEGRADATION,MECHANICAL_DEGRADATION
2026-08-23T18:31:38.132448,4710.1,80.92,4.09,2.23,67.1,12.26,1477.4,22.55,DEGRADATION,MECHANICAL_DEGRADATION
2026-08-23T18:31:39.132448,4690.2,82.22,4.15,2.27,62.8,11.98,1498.8,21.17,DEGRADATION,MECHANICAL_DEGRADATION
2026-08-23T18:31:40.132448,4797.8,78.14,4.07,1.83,64.5,13.07,1493.1,21.58,DEGRADATION,MECHANICAL_DEGRADATION
2026-08-23T18:31:41.132448,4713.2,80.7,4.14,2.34,59.3,12.76,1514.8,23.17,DEGRADATION,MECHANICAL_DEGRADATION
2026-08-23T18:31:42.132448,4738.3,80.48,4.02,2.55,71.0,12.36,1501.2,21.47,DEGRADATION,MECHANICAL_DEGRADATION
2026-08-23T18:31:43.132448,4702.0,80.09,4.1,2.23,64.7,13.09,1507.7,22.35,DEGRADATION,MECHANICAL_DEGRADATION
2026-08-23T18:31:44.132448,4745.2,80.12,4.09,2.52,65.6,12.99,1500.0,22.46,DEGRADATION,MECHANICAL_DEGRADATION
2026-08-23T18:31:45.132448,4728.7,81.29,4.0,2.3,62.0,13.05,1507.7,22.11,DEGRADATION,MECHANICAL_DEGRADATION
2026-08-23T18:31:46.132448,4751.9,79.41,4.06,2.32,59.9,12.6,1486.5,22.73,DEGRADATION,MECHANICAL_DEGRADATION
2026-08-23T18:31:47.132448,4694.8,79.71,4.13,2.43,61.5,12.75,1488.3,22.87,DEGRADATION,MECHANICAL_DEGRADATION
2026-08-23T18:31:48.132448,4680.8,79.6,3.82,2.3,71.4,12.65,1485.2,22.15,DEGRADATION,MECHANICAL_DEGRADATION
2026-08-23T18:31:49.132448,4711.1,80.5,4.25,2.86,70.5,13.2,1485.8,21.0,DEGRADATION,MECHANICAL_DEGRADATION
2026-08-23T18:31:50.132448,4752.2,81.08,4.05,2.43,67.8,12.87,1503.9,22.25,DEGRADATION,MECHANICAL_DEGRADATION
2026-08-23T18:31:51.132448,4712.3,80.18,4.16,2.41,71.8,12.9,1500.9,22.57,DEGRADATION,MECHANICAL_DEGRADATION
2026-08-23T18:31:52.132448,4699.2,80.44,4.01,2.47,67.8,13.34,1508.0,21.45,DEGRADATION,MECHANICAL_DEGRADATION
2026-08-23T18:31:53.132448,4684.5,78.49,4.1,2.66,66.7,12.81,1508.0,22.22,DEGRADATION,MECHANICAL_DEGRADATION
2026-08-23T18:31:54.132448,4743.5,81.03,3.95,2.68,69.8,12.2,1496.4,21.42,DEGRADATION,MECHANICAL_DEGRADATION
2026-08-23T18:31:55.132448,4736.7,80.44,4.15,2.72,64.3,12.56,1491.0,22.29,DEGRADATION,MECHANICAL_DEGRADATION
2026-08-23T18:31:56.132448,4676.5,81.37,3.91,2.71,67.2,12.36,1487.9,22.07,DEGRADATION,MECHANICAL_DEGRADATION
2026-08-23T18:31:57.132448,4724.9,77.36,4.04,2.81,64.3,12.3,1518.7,22.12,DEGRADATION,MECHANICAL_DEGRADATION
2026-08-23T18:31:58.132448,4720.2,81.67,3.92,2.37,62.2,12.37,1495.0,21.46,DEGRADATION,MECHANICAL_DEGRADATION
2026-08-23T18:31:59.132448,4776.9,81.57,4.09,2.18,65.1,12.67,1502.4,22.23,DEGRADATION,MECHANICAL_DEGRADATION
2026-08-23T18:32:00.132448,4677.0,79.87,4.1,2.99,72.1,12.64,1487.9,22.09,DEGRADATION,MECHANICAL_DEGRADATION
2026-08-23T18:32:01.132448,4727.9,83.2,4.0,2.38,68.9,12.5,1486.7,22.27,DEGRADATION,MECHANICAL_DEGRADATION
2026-08-23T18:32:02.132448,4699.5,79.78,3.99,2.45,65.1,12.5,1508.8,21.81,DEGRADATION,MECHANICAL_DEGRADATION
2026-08-23T18:32:03.132448,4681.6,82.41,3.94,2.7,67.6,12.64,1503.2,21.24,DEGRADATION,MECHANICAL_DEGRADATION
2026-08-23T18:32:04.132448,4715.0,79.89,3.94,2.6,63.5,12.78,1506.2,22.53,DEGRADATION,MECHANICAL_DEGRADATION
2026-08-23T18:32:05.132448,4720.0,82.46,3.95,2.48,67.8,13.1,1506.8,21.73,DEGRADATION,MECHANICAL_DEGRADATION
2026-08-23T18:32:06.132448,4659.0,80.07,4.1,2.37,65.1,12.93,1506.6,21.64,DEGRADATION,MECHANICAL_DEGRADATION
2026-08-23T18:32:07.132448,4782.2,81.47,4.03,2.74,64.9,12.96,1497.8,21.55,DEGRADATION,MECHANICAL_DEGRADATION
2026-08-23T18:32:08.132448,4661.6,81.78,4.01,2.55,64.4,12.67,1512.0,22.55,DEGRADATION,MECHANICAL_DEGRADATION
2026-08-23T18:32:09.132448,4688.8,81.67,3.85,2.35,63.7,12.47,1510.5,20.94,DEGRADATION,MECHANICAL_DEGRADATION
2026-08-23T18:32:10.132448,4717.6,82.22,4.17,2.49,67.2,13.2,1514.1,21.52,DEGRADATION,MECHANICAL_DEGRADATION
2026-08-23T18:32:11.132448,4682.4,80.04,4.0,2.74,70.0,12.93,1513.5,22.53,DEGRADATION,MECHANICAL_DEGRADATION
2026-08-23T18:32:12.132448,4662.4,82.29,4.07,2.57,63.0,12.81,1502.3,22.35,DEGRADATION,MECHANICAL_DEGRADATION
2026-08-23T18:32:13.132448,4622.2,81.07,4.15,2.88,65.4,12.68,1495.9,21.51,DEGRADATION,MECHANICAL_DEGRADATION
2026-08-23T18:32:14.132448,4674.8,81.51,3.89,2.61,66.7,12.38,1493.2,21.22,DEGRADATION,MECHANICAL_DEGRADATION
2026-08-23T18:32:15.132448,4693.6,81.86,3.94,2.64,67.6,12.98,1479.8,21.84,DEGRADATION,MECHANICAL_DEGRADATION
2026-08-23T18:32:16.132448,4632.8,79.36,4.06,2.79,69.7,13.0,1492.4,22.11,DEGRADATION,MECHANICAL_DEGRADATION
2026-08-23T18:32:17.132448,4667.8,83.32,3.79,2.72,64.2,12.99,1518.1,21.68,DEGRADATION,MECHANICAL_DEGRADATION
2026-08-23T18:32:18.132448,4743.2,83.03,3.85,3.02,62.4,12.37,1514.2,21.64,DEGRADATION,MECHANICAL_DEGRADATION
2026-08-23T18:32:19.132448,4696.1,81.7,3.89,2.98,70.4,12.81,1523.8,22.0,DEGRADATION,MECHANICAL_DEGRADATION
2026-08-23T18:32:20.132448,4696.4,81.43,3.87,2.6,63.1,12.91,1502.3,21.71,DEGRADATION,MECHANICAL_DEGRADATION
2026-08-23T18:32:21.132448,4736.3,82.29,4.12,2.59,64.8,12.57,1503.5,21.92,DEGRADATION,MECHANICAL_DEGRADATION
2026-08-23T18:32:22.132448,4685.1,83.99,4.03,2.55,67.2,12.71,1495.4,21.89,DEGRADATION,MECHANICAL_DEGRADATION
2026-08-23T18:32:23.132448,4685.1,82.69,4.05,2.69,63.5,12.79,1497.1,21.87,DEGRADATION,MECHANICAL_DEGRADATION
2026-08-23T18:32:24.132448,4632.5,81.8,3.82,2.95,68.2,13.02,1486.0,22.12,DEGRADATION,MECHANICAL_DEGRADATION
2026-08-23T18:32:25.132448,4731.4,81.74,3.87,2.68,59.2,13.08,1506.6,21.31,DEGRADATION,MECHANICAL_DEGRADATION
2026-08-23T18:32:26.132448,4706.9,83.41,4.01,2.84,70.6,12.87,1521.2,21.9,DEGRADATION,MECHANICAL_DEGRADATION
2026-08-23T18:32:27.132448,4650.1,81.69,3.87,2.79,63.9,12.92,1504.8,22.82,DEGRADATION,MECHANICAL_DEGRADATION
2026-08-23T18:32:28.132448,4747.3,81.46,3.94,2.69,64.2,13.35,1518.6,21.89,DEGRADATION,MECHANICAL_DEGRADATION
2026-08-23T18:32:29.132448,4619.9,81.39,3.95,3.04,62.2,13.25,1478.5,22.18,DEGRADATION,MECHANICAL_DEGRADATION
2026-08-23T18:32:30.132448,4627.6,81.69,3.76,2.86,66.1,12.5,1468.0,21.96,DEGRADATION,MECHANICAL_DEGRADATION
2026-08-23T18:32:31.132448,4671.7,80.49,3.98,2.72,62.6,12.58,1463.0,22.36,DEGRADATION,MECHANICAL_DEGRADATION
2026-08-23T18:32:32.132448,4710.6,82.04,3.84,2.52,65.1,12.55,1504.1,21.56,DEGRADATION,MECHANICAL_DEGRADATION
2026-08-23T18:32:33.132448,4706.1,83.73,3.89,2.59,57.2,12.83,1505.5,21.52,DEGRADATION,MECHANICAL_DEGRADATION
2026-08-23T18:32:34.132448,4713.4,81.54,3.84,2.93,67.4,12.2,1489.3,21.35,DEGRADATION,MECHANICAL_DEGRADATION
2026-08-23T18:32:35.132448,4658.7,82.6,3.9,2.8,68.8,12.73,1480.7,21.5,DEGRADATION,MECHANICAL_DEGRADATION
2026-08-23T18:32:36.132448,4699.6,84.49,3.92,2.85,63.6,12.65,1514.2,21.74,DEGRADATION,MECHANICAL_DEGRADATION
2026-08-23T18:32:37.132448,4672.0,82.61,4.02,2.83,65.9,12.74,1491.8,22.5,DEGRADATION,MECHANICAL_DEGRADATION
2026-08-23T18:32:38.132448,4749.4,80.61,4.01,2.59,64.2,12.74,1493.1,21.8,DEGRADATION,MECHANICAL_DEGRADATION
2026-08-23T18:32:39.132448,4638.5,84.69,3.81,2.66,63.8,12.89,1480.4,21.98,DEGRADATION,MECHANICAL_DEGRADATION
2026-08-23T18:32:40.132448,4666.0,84.92,3.97,2.79,66.4,13.39,1498.1,21.65,DEGRADATION,MECHANICAL_DEGRADATION
2026-08-23T18:32:41.132448,4635.5,82.18,3.99,2.61,64.4,12.84,1485.9,22.32,DEGRADATION,MECHANICAL_DEGRADATION
2026-08-23T18:32:42.132448,4643.3,83.26,3.96,3.11,71.3,12.59,1480.1,21.41,DEGRADATION,MECHANICAL_DEGRADATION
2026-08-23T18:32:43.132448,4676.7,83.33,3.92,2.82,70.7,13.12,1503.1,22.3,DEGRADATION,MECHANICAL_DEGRADATION
2026-08-23T18:32:44.132448,4596.9,84.16,4.08,2.86,64.9,13.22,1492.5,22.04,DEGRADATION,MECHANICAL_DEGRADATION
2026-08-23T18:32:45.132448,4680.0,82.61,3.97,2.45,58.9,13.08,1507.8,22.11,DEGRADATION,MECHANICAL_DEGRADATION
2026-08-23T18:32:46.132448,4639.1,82.89,3.94,2.62,67.0,12.63,1531.1,22.18,DEGRADATION,MECHANICAL_DEGRADATION
2026-08-23T18:32:47.132448,4664.3,84.08,3.98,3.04,64.3,12.91,1513.2,22.11,DEGRADATION,MECHANICAL_DEGRADATION
2026-08-23T18:32:48.132448,4657.2,82.24,3.92,3.14,62.6,12.46,1482.1,21.23,DEGRADATION,MECHANICAL_DEGRADATION
2026-08-23T18:32:49.132448,4701.8,85.21,3.94,2.89,70.4,13.19,1466.2,21.97,DEGRADATION,MECHANICAL_DEGRADATION
2026-08-23T18:32:50.132448,4747.4,82.53,3.84,2.75,70.9,12.75,1506.3,22.6,DEGRADATION,MECHANICAL_DEGRADATION
2026-08-23T18:32:51.132448,4656.2,83.07,3.82,2.64,69.5,12.49,1516.0,22.62,DEGRADATION,MECHANICAL_DEGRADATION
2026-08-23T18:32:52.132448,4707.3,82.87,3.83,2.91,70.1,13.04,1507.2,21.94,DEGRADATION,MECHANICAL_DEGRADATION
2026-08-23T18:32:53.132448,4683.2,80.81,3.8,3.21,67.7,13.09,1471.8,21.58,DEGRADATION,MECHANICAL_DEGRADATION
2026-08-23T18:32:54.132448,4628.3,83.04,3.98,2.79,66.7,12.67,1496.7,22.19,DEGRADATION,MECHANICAL_DEGRADATION
2026-08-23T18:32:55.132448,4660.6,84.39,3.79,3.07,67.7,12.66,1519.5,21.67,DEGRADATION,MECHANICAL_DEGRADATION
2026-08-23T18:32:56.132448,4628.4,83.87,4.0,2.84,70.7,13.01,1488.7,22.36,DEGRADATION,MECHANICAL_DEGRADATION
2026-08-23T18:32:57.132448,4644.4,82.43,3.87,3.17,67.4,12.82,1512.1,21.31,DEGRADATION,MECHANICAL_DEGRADATION
2026-08-23T18:32:58.132448,4666.4,84.91,3.79,2.71,63.8,12.84,1488.9,21.99,DEGRADATION,MECHANICAL_DEGRADATION
2026-08-23T18:32:59.132448,4600.0,83.7,3.92,3.03,64.7,13.15,1477.1,21.68,DEGRADATION,MECHANICAL_DEGRADATION
2026-08-23T18:33:00.132448,4635.1,84.92,3.85,3.07,71.2,13.49,1525.8,21.61,DEGRADATION,MECHANICAL_DEGRADATION
2026-08-23T18:33:01.132448,4647.6,84.04,3.93,3.06,66.0,12.92,1479.8,22.36,DEGRADATION,MECHANICAL_DEGRADATION
2026-08-23T18:33:02.132448,4648.7,82.81,4.01,2.96,64.5,13.09,1506.7,22.33,DEGRADATION,MECHANICAL_DEGRADATION
2026-08-23T18:33:03.132448,4631.3,84.44,3.88,3.21,67.4,12.68,1485.1,22.29,DEGRADATION,MECHANICAL_DEGRADATION
2026-08-23T18:33:04.132448,4670.6,81.85,3.92,2.96,67.2,12.68,1483.7,21.72,DEGRADATION,MECHANICAL_DEGRADATION
2026-08-23T18:33:05.132448,4600.6,83.12,3.87,2.99,72.0,12.64,1493.7,22.05,DEGRADATION,MECHANICAL_DEGRADATION
2026-08-23T18:33:06.132448,4655.6,82.44,3.75,3.04,67.6,13.1,1509.7,21.25,DEGRADATION,MECHANICAL_DEGRADATION
2026-08-23T18:33:07.132448,4672.0,83.55,4.02,2.92,60.1,12.9,1503.0,22.16,DEGRADATION,MECHANICAL_DEGRADATION
2026-08-23T18:33:08.132448,4637.1,83.11,3.73,2.97,65.5,12.74,1501.0,21.86,DEGRADATION,MECHANICAL_DEGRADATION
2026-08-23T18:33:09.132448,4548.2,82.79,3.79,2.96,71.3,12.92,1508.2,20.97,DEGRADATION,MECHANICAL_DEGRADATION
2026-08-23T18:33:10.132448,4674.0,83.18,3.89,2.8,66.4,13.18,1499.7,22.11,DEGRADATION,MECHANICAL_DEGRADATION
2026-08-23T18:33:11.132448,4595.3,83.01,3.87,2.99,66.9,12.74,1494.4,22.37,DEGRADATION,MECHANICAL_DEGRADATION
2026-08-23T18:33:12.132448,4679.2,83.42,3.8,3.05,69.2,13.03,1516.0,21.91,DEGRADATION,MECHANICAL_DEGRADATION
2026-08-23T18:33:13.132448,4585.2,81.71,3.91,3.09,64.6,13.05,1483.2,22.51,DEGRADATION,MECHANICAL_DEGRADATION
2026-08-23T18:33:14.132448,4662.0,85.34,3.81,3.32,68.9,13.42,1475.2,22.46,DEGRADATION,MECHANICAL_DEGRADATION
2026-08-23T18:33:15.132448,4671.7,83.68,3.92,3.08,70.8,12.88,1500.9,21.43,DEGRADATION,MECHANICAL_DEGRADATION
2026-08-23T18:33:16.132448,4700.0,83.09,3.76,2.88,66.8,12.97,1506.6,22.77,DEGRADATION,MECHANICAL_DEGRADATION
2026-08-23T18:33:17.132448,4656.9,82.4,3.85,3.03,68.8,13.0,1519.8,22.08,DEGRADATION,MECHANICAL_DEGRADATION
2026-08-23T18:33:18.132448,4693.8,83.02,3.93,3.25,64.4,12.57,1490.6,22.19,DEGRADATION,MECHANICAL_DEGRADATION
2026-08-23T18:33:19.132448,4680.5,82.46,3.81,2.83,68.9,13.01,1500.7,22.37,DEGRADATION,MECHANICAL_DEGRADATION
2026-08-23T18:33:20.132448,4626.6,85.94,3.81,2.97,66.6,12.96,1519.1,21.82,DEGRADATION,MECHANICAL_DEGRADATION
2026-08-23T18:33:21.132448,4592.9,83.47,3.77,2.71,67.0,13.12,1502.7,21.63,DEGRADATION,MECHANICAL_DEGRADATION
2026-08-23T18:33:22.132448,4648.3,85.14,3.84,3.23,66.3,13.09,1508.1,21.41,DEGRADATION,MECHANICAL_DEGRADATION
2026-08-23T18:33:23.132448,4591.4,83.5,3.85,2.6,67.5,12.97,1497.6,22.2,DEGRADATION,MECHANICAL_DEGRADATION
2026-08-23T18:33:24.132448,4551.4,84.64,3.76,3.0,70.7,12.88,1515.8,21.99,DEGRADATION,MECHANICAL_DEGRADATION
2026-08-23T18:33:25.132448,4596.8,83.97,3.7,3.06,67.0,13.4,1511.3,22.41,DEGRADATION,MECHANICAL_DEGRADATION
2026-08-23T18:33:26.132448,4571.0,83.59,3.84,3.23,63.5,13.29,1490.8,22.14,DEGRADATION,MECHANICAL_DEGRADATION
2026-08-23T18:33:27.132448,4587.6,85.36,3.88,3.34,64.0,13.03,1533.2,22.01,DEGRADATION,MECHANICAL_DEGRADATION
2026-08-23T18:33:28.132448,4623.4,84.69,3.77,3.48,71.3,12.79,1507.8,22.92,DEGRADATION,MECHANICAL_DEGRADATION
2026-08-23T18:33:29.132448,4622.3,84.68,3.89,3.31,63.1,12.76,1523.7,21.73,DEGRADATION,MECHANICAL_DEGRADATION
2026-08-23T18:33:30.132448,4601.0,83.86,3.96,2.92,67.2,12.89,1495.9,21.41,DEGRADATION,MECHANICAL_DEGRADATION
2026-08-23T18:33:31.132448,4570.1,84.42,3.82,2.8,67.0,12.75,1499.4,21.79,DEGRADATION,MECHANICAL_DEGRADATION
2026-08-23T18:33:32.132448,4595.4,84.41,3.84,3.17,61.7,12.3,1478.9,22.15,DEGRADATION,MECHANICAL_DEGRADATION
2026-08-23T18:33:33.132448,4532.6,83.53,3.94,3.11,66.1,13.1,1509.5,21.75,DEGRADATION,MECHANICAL_DEGRADATION
2026-08-23T18:33:34.132448,4601.6,82.36,3.82,3.3,61.6,13.28,1528.2,20.74,DEGRADATION,MECHANICAL_DEGRADATION
2026-08-23T18:33:35.132448,4587.9,86.46,3.85,3.05,64.9,12.9,1510.1,21.58,DEGRADATION,MECHANICAL_DEGRADATION
2026-08-23T18:33:36.132448,4536.6,84.99,3.73,3.53,63.6,13.09,1496.6,21.27,DEGRADATION,MECHANICAL_DEGRADATION
2026-08-23T18:33:37.132448,4573.2,82.51,3.82,3.01,63.0,12.55,1520.7,22.25,DEGRADATION,MECHANICAL_DEGRADATION
2026-08-23T18:33:38.132448,4552.4,84.71,3.83,3.32,66.7,12.4,1525.1,21.93,DEGRADATION,MECHANICAL_DEGRADATION
2026-08-23T18:33:39.132448,4645.8,83.43,3.84,3.48,70.1,12.65,1496.1,22.77,DEGRADATION,MECHANICAL_DEGRADATION
2026-08-23T18:33:40.132448,4557.2,85.82,3.77,2.93,69.6,13.35,1509.5,22.12,DEGRADATION,MECHANICAL_DEGRADATION
2026-08-23T18:33:41.132448,4628.8,82.68,3.77,3.57,68.2,13.35,1496.4,22.17,DEGRADATION,MECHANICAL_DEGRADATION
2026-08-23T18:33:42.132448,4541.3,85.7,3.8,3.16,66.7,13.06,1503.0,22.38,DEGRADATION,MECHANICAL_DEGRADATION
2026-08-23T18:33:43.132448,4626.7,82.55,3.79,3.47,63.3,12.98,1535.5,21.69,DEGRADATION,MECHANICAL_DEGRADATION
2026-08-23T18:33:44.132448,4625.0,85.45,3.66,3.2,61.3,12.93,1513.6,22.32,DEGRADATION,MECHANICAL_DEGRADATION
2026-08-23T18:33:45.132448,4595.8,84.56,3.82,3.51,69.1,13.34,1506.8,22.23,DEGRADATION,MECHANICAL_DEGRADATION
2026-08-23T18:33:46.132448,4547.5,87.05,3.68,3.09,64.7,12.83,1519.9,21.9,DEGRADATION,MECHANICAL_DEGRADATION
2026-08-23T18:33:47.132448,4571.3,84.96,3.76,3.54,71.3,12.92,1525.7,22.3,DEGRADATION,MECHANICAL_DEGRADATION
2026-08-23T18:33:48.132448,4593.0,86.89,3.77,3.35,67.3,12.71,1481.5,21.52,DEGRADATION,MECHANICAL_DEGRADATION
2026-08-23T18:33:49.132448,4544.7,84.67,3.72,3.51,66.9,13.29,1505.1,21.58,DEGRADATION,MECHANICAL_DEGRADATION
2026-08-23T18:33:50.132448,4567.1,83.62,3.62,3.37,66.7,13.08,1514.5,21.32,DEGRADATION,MECHANICAL_DEGRADATION
2026-08-23T18:33:51.132448,4570.2,82.75,3.68,3.42,62.2,12.66,1495.1,22.83,DEGRADATION,MECHANICAL_DEGRADATION
2026-08-23T18:33:52.132448,4605.1,85.24,3.8,3.32,65.6,12.9,1506.3,21.93,DEGRADATION,MECHANICAL_DEGRADATION
2026-08-23T18:33:53.132448,4603.9,84.83,3.81,3.23,70.3,13.35,1489.2,23.13,DEGRADATION,MECHANICAL_DEGRADATION
2026-08-23T18:33:54.132448,4586.8,84.73,3.65,3.34,67.2,12.83,1483.4,21.76,DEGRADATION,MECHANICAL_DEGRADATION
2026-08-23T18:33:55.132448,4528.7,84.8,3.67,3.41,59.3,13.66,1493.0,21.97,DEGRADATION,MECHANICAL_DEGRADATION
2026-08-23T18:33:56.132448,4517.3,86.91,3.73,3.26,64.1,13.24,1506.7,21.67,DEGRADATION,MECHANICAL_DEGRADATION
2026-08-23T18:33:57.132448,4633.0,84.57,3.83,3.37,62.8,12.99,1507.7,21.78,DEGRADATION,MECHANICAL_DEGRADATION
2026-08-23T18:33:58.132448,4570.9,85.58,3.77,3.22,72.3,13.17,1521.6,21.87,DEGRADATION,MECHANICAL_DEGRADATION
2026-08-23T18:33:59.132448,4574.3,84.57,3.74,3.65,67.8,12.86,1491.5,22.28,DEGRADATION,MECHANICAL_DEGRADATION
2026-08-23T18:34:00.132448,4558.5,88.2,3.75,3.37,69.1,13.57,1477.2,21.64,DEGRADATION,MECHANICAL_DEGRADATION
2026-08-23T18:34:01.132448,4536.8,83.47,3.72,3.35,69.4,13.27,1509.5,22.29,DEGRADATION,MECHANICAL_DEGRADATION
2026-08-23T18:34:02.132448,4545.9,89.27,3.84,3.31,64.2,13.24,1514.9,22.24,DEGRADATION,MECHANICAL_DEGRADATION
2026-08-23T18:34:03.132448,4593.0,87.08,3.76,3.2,65.5,12.56,1513.6,21.73,DEGRADATION,MECHANICAL_DEGRADATION
2026-08-23T18:34:04.132448,4568.0,88.47,3.66,3.39,64.6,12.55,1514.5,21.95,DEGRADATION,MECHANICAL_DEGRADATION
2026-08-23T18:34:05.132448,4557.2,86.91,3.7,3.53,70.7,12.89,1506.3,22.07,DEGRADATION,MECHANICAL_DEGRADATION
2026-08-23T18:34:06.132448,4600.5,88.94,3.64,3.71,67.3,13.3,1505.6,21.93,DEGRADATION,MECHANICAL_DEGRADATION
2026-08-23T18:34:07.132448,4508.5,86.07,3.64,3.7,68.3,12.93,1494.5,22.55,DEGRADATION,MECHANICAL_DEGRADATION
2026-08-23T18:34:08.132448,4500.3,86.34,3.72,3.24,70.1,12.99,1515.5,22.09,DEGRADATION,MECHANICAL_DEGRADATION
2026-08-23T18:34:09.132448,4530.2,86.02,3.79,3.24,64.6,13.08,1508.1,22.3,DEGRADATION,MECHANICAL_DEGRADATION
2026-08-23T18:34:10.132448,4515.8,84.79,3.7,3.39,67.9,12.66,1492.4,21.45,DEGRADATION,MECHANICAL_DEGRADATION
2026-08-23T18:34:11.132448,4615.0,83.8,3.63,3.34,61.8,12.98,1488.5,21.22,DEGRADATION,MECHANICAL_DEGRADATION
2026-08-23T18:34:12.132448,4531.9,87.8,3.71,3.71,70.8,13.16,1495.3,20.91,DEGRADATION,MECHANICAL_DEGRADATION
2026-08-23T18:34:13.132448,4469.6,86.55,3.7,3.49,64.5,13.03,1483.9,22.41,DEGRADATION,MECHANICAL_DEGRADATION
2026-08-23T18:34:14.132448,4552.1,83.97,3.65,3.7,64.0,12.79,1485.5,21.72,DEGRADATION,MECHANICAL_DEGRADATION
2026-08-23T18:34:15.132448,4550.9,86.18,3.71,3.35,69.0,13.54,1486.8,22.13,DEGRADATION,MECHANICAL_DEGRADATION
2026-08-23T18:34:16.132448,4558.3,86.62,3.69,3.57,66.4,12.94,1488.5,22.36,DEGRADATION,MECHANICAL_DEGRADATION
2026-08-23T18:34:17.132448,4524.9,84.36,3.65,3.38,69.6,13.43,1483.9,22.6,DEGRADATION,MECHANICAL_DEGRADATION
2026-08-23T18:34:18.132448,4557.4,88.32,3.65,3.62,69.3,13.59,1481.2,21.98,DEGRADATION,MECHANICAL_DEGRADATION
2026-08-23T18:34:19.132448,4547.8,86.32,3.62,3.45,67.4,13.7,1500.7,22.51,DEGRADATION,MECHANICAL_DEGRADATION
2026-08-23T18:34:20.132448,4522.0,86.86,3.68,3.52,62.9,13.14,1538.0,22.0,DEGRADATION,MECHANICAL_DEGRADATION
2026-08-23T18:34:21.132448,4490.1,89.32,3.72,3.58,62.7,13.06,1496.6,21.92,DEGRADATION,MECHANICAL_DEGRADATION
2026-08-23T18:34:22.132448,4500.6,87.44,3.58,3.74,67.1,13.02,1477.4,22.17,DEGRADATION,MECHANICAL_DEGRADATION
2026-08-23T18:34:23.132448,4552.5,85.0,3.81,3.48,62.7,13.51,1484.6,21.56,DEGRADATION,MECHANICAL_DEGRADATION
2026-08-23T18:34:24.132448,4481.6,85.65,3.65,3.32,67.9,12.85,1498.1,20.89,DEGRADATION,MECHANICAL_DEGRADATION
2026-08-23T18:34:25.132448,4513.7,86.67,3.72,3.46,67.4,13.25,1486.7,22.25,DEGRADATION,MECHANICAL_DEGRADATION
2026-08-23T18:34:26.132448,4545.0,86.17,3.57,3.79,70.3,13.21,1515.3,22.69,DEGRADATION,MECHANICAL_DEGRADATION
2026-08-23T18:34:27.132448,4526.9,87.51,3.71,3.64,66.8,13.02,1510.8,22.09,DEGRADATION,MECHANICAL_DEGRADATION
2026-08-23T18:34:28.132448,4595.0,87.43,3.67,3.31,66.8,13.24,1497.6,21.64,DEGRADATION,MECHANICAL_DEGRADATION
2026-08-23T18:34:29.132448,4418.0,85.88,3.67,3.87,63.8,13.31,1480.7,22.44,DEGRADATION,MECHANICAL_DEGRADATION
2026-08-23T18:34:30.132448,4519.8,86.96,3.69,3.44,65.2,13.45,1479.0,21.53,DEGRADATION,MECHANICAL_DEGRADATION
2026-08-23T18:34:31.132448,4557.7,87.84,3.59,3.43,67.5,13.71,1521.0,21.84,DEGRADATION,MECHANICAL_DEGRADATION
2026-08-23T18:34:32.132448,4505.0,86.93,3.52,3.64,66.0,13.48,1487.8,22.14,DEGRADATION,MECHANICAL_DEGRADATION
2026-08-23T18:34:33.132448,4501.4,86.45,3.79,3.42,66.9,13.29,1527.2,22.13,DEGRADATION,MECHANICAL_DEGRADATION
2026-08-23T18:34:34.132448,4507.3,87.44,3.78,3.71,69.1,13.84,1486.8,22.55,DEGRADATION,MECHANICAL_DEGRADATION
2026-08-23T18:34:35.132448,4490.7,88.64,3.69,3.73,68.1,13.27,1457.2,21.4,DEGRADATION,MECHANICAL_DEGRADATION
2026-08-23T18:34:36.132448,4604.8,87.34,3.63,3.73,70.0,13.25,1515.0,22.3,DEGRADATION,MECHANICAL_DEGRADATION
2026-08-23T18:34:37.132448,4498.2,87.47,3.72,3.45,67.5,12.97,1495.9,21.24,DEGRADATION,MECHANICAL_DEGRADATION
2026-08-23T18:34:38.132448,4524.3,86.56,3.72,3.56,73.3,13.53,1489.0,23.0,DEGRADATION,MECHANICAL_DEGRADATION
2026-08-23T18:34:39.132448,4523.3,87.81,3.54,3.62,65.4,12.82,1483.6,22.64,DEGRADATION,MECHANICAL_DEGRADATION
2026-08-23T18:34:40.132448,4495.7,87.34,3.57,3.55,65.7,13.16,1499.8,22.39,DEGRADATION,MECHANICAL_DEGRADATION
2026-08-23T18:34:41.132448,4512.3,87.22,3.56,3.75,68.4,13.1,1472.8,21.92,DEGRADATION,MECHANICAL_DEGRADATION
2026-08-23T18:34:42.132448,4431.8,89.12,3.63,3.89,66.5,13.44,1523.5,22.37,DEGRADATION,MECHANICAL_DEGRADATION
2026-08-23T18:34:43.132448,4471.3,85.64,3.58,3.68,63.6,12.62,1489.0,21.86,DEGRADATION,MECHANICAL_DEGRADATION
2026-08-23T18:34:44.132448,4435.6,87.22,3.67,3.42,67.3,13.14,1501.5,22.06,DEGRADATION,MECHANICAL_DEGRADATION
2026-08-23T18:34:45.132448,4467.8,88.03,3.77,3.72,62.7,13.08,1524.9,21.82,DEGRADATION,MECHANICAL_DEGRADATION
2026-08-23T18:34:46.132448,4509.7,85.93,3.49,3.63,67.9,12.98,1502.9,21.73,DEGRADATION,MECHANICAL_DEGRADATION
2026-08-23T18:34:47.132448,4421.5,87.14,3.65,4.11,62.6,13.27,1502.8,22.13,DEGRADATION,MECHANICAL_DEGRADATION
2026-08-23T18:34:48.132448,4508.0,89.33,3.7,3.54,64.5,13.19,1476.3,22.0,DEGRADATION,MECHANICAL_DEGRADATION
2026-08-23T18:34:49.132448,4531.9,86.94,3.58,3.54,67.4,13.33,1483.0,22.39,DEGRADATION,MECHANICAL_DEGRADATION
2026-08-23T18:34:50.132448,4462.5,87.72,3.62,3.5,66.1,12.88,1512.8,21.86,DEGRADATION,MECHANICAL_DEGRADATION
2026-08-23T18:34:51.132448,4440.9,88.57,3.57,4.06,66.7,13.39,1481.6,21.82,DEGRADATION,MECHANICAL_DEGRADATION
2026-08-23T18:34:52.132448,4492.7,88.78,3.7,3.73,66.7,12.94,1488.3,21.87,DEGRADATION,MECHANICAL_DEGRADATION
2026-08-23T18:34:53.132448,4539.3,89.9,3.58,3.58,64.3,13.46,1519.0,22.27,DEGRADATION,MECHANICAL_DEGRADATION
2026-08-23T18:34:54.132448,4562.0,87.9,3.56,3.76,63.6,13.15,1490.0,21.02,DEGRADATION,MECHANICAL_DEGRADATION
2026-08-23T18:34:55.132448,4497.7,88.56,3.7,3.7,70.6,12.98,1516.6,21.61,DEGRADATION,MECHANICAL_DEGRADATION
2026-08-23T18:34:56.132448,4490.3,86.36,3.73,3.66,70.6,13.2,1502.7,22.32,DEGRADATION,MECHANICAL_DEGRADATION
2026-08-23T18:34:57.132448,4448.5,88.49,3.56,3.56,70.5,13.19,1518.3,22.03,DEGRADATION,MECHANICAL_DEGRADATION
2026-08-23T18:34:58.132448,4480.1,87.37,3.59,3.64,70.2,13.07,1519.8,21.8,DEGRADATION,MECHANICAL_DEGRADATION
2026-08-23T18:34:59.132448,4490.8,87.36,3.77,3.37,69.9,13.58,1516.5,22.87,DEGRADATION,MECHANICAL_DEGRADATION
2026-08-23T18:35:00.132448,4552.1,86.21,3.6,3.59,66.8,13.19,1515.0,22.39,DEGRADATION,MECHANICAL_DEGRADATION
2026-08-23T18:35:01.132448,4490.9,87.24,3.61,3.8,66.2,13.52,1519.1,21.58,DEGRADATION,MECHANICAL_DEGRADATION
2026-08-23T18:35:02.132448,4541.1,86.92,3.54,3.48,68.5,13.77,1481.2,21.65,DEGRADATION,MECHANICAL_DEGRADATION
2026-08-23T18:35:03.132448,4446.8,88.35,3.66,3.51,69.7,13.83,1494.8,21.96,DEGRADATION,MECHANICAL_DEGRADATION
2026-08-23T18:35:04.132448,4509.6,85.97,3.5,3.9,67.3,13.47,1484.3,21.88,DEGRADATION,MECHANICAL_DEGRADATION
2026-08-23T18:35:05.132448,4454.6,86.96,3.62,4.14,64.7,13.37,1508.2,22.63,DEGRADATION,MECHANICAL_DEGRADATION
2026-08-23T18:35:06.132448,4457.0,86.55,3.61,3.66,63.6,13.16,1498.4,22.05,DEGRADATION,MECHANICAL_DEGRADATION
2026-08-23T18:35:07.132448,4474.2,85.93,3.39,3.91,71.4,13.41,1483.0,22.43,DEGRADATION,MECHANICAL_DEGRADATION
2026-08-23T18:35:08.132448,4443.7,89.99,3.59,4.0,65.0,13.45,1469.0,22.6,DEGRADATION,MECHANICAL_DEGRADATION
2026-08-23T18:35:09.132448,4432.1,88.43,3.63,4.03,68.0,12.83,1519.5,21.82,DEGRADATION,MECHANICAL_DEGRADATION
2026-08-23T18:35:10.132448,4426.1,90.35,3.78,3.79,71.0,13.59,1506.4,22.33,DEGRADATION,MECHANICAL_DEGRADATION
2026-08-23T18:35:11.132448,4494.3,86.23,3.5,3.77,65.1,13.32,1499.0,22.34,DEGRADATION,MECHANICAL_DEGRADATION
2026-08-23T18:35:12.132448,4567.7,87.81,3.62,4.22,67.6,12.82,1499.4,22.62,DEGRADATION,MECHANICAL_DEGRADATION
2026-08-23T18:35:13.132448,4503.2,87.01,3.58,3.85,66.3,13.56,1462.2,22.74,DEGRADATION,MECHANICAL_DEGRADATION
2026-08-23T18:35:14.132448,4551.2,88.31,3.48,3.6,68.9,13.14,1469.9,20.98,DEGRADATION,MECHANICAL_DEGRADATION
2026-08-23T18:35:15.132448,4497.8,89.93,3.45,4.18,66.1,13.35,1484.8,22.51,DEGRADATION,MECHANICAL_DEGRADATION
2026-08-23T18:35:16.132448,4465.7,88.76,3.58,3.75,71.8,13.41,1490.2,21.4,DEGRADATION,MECHANICAL_DEGRADATION
2026-08-23T18:35:17.132448,4480.5,89.01,3.53,3.67,71.6,13.34,1514.7,22.28,DEGRADATION,MECHANICAL_DEGRADATION
2026-08-23T18:35:18.132448,4465.2,88.09,3.44,4.09,67.1,13.73,1522.0,22.27,DEGRADATION,MECHANICAL_DEGRADATION
2026-08-23T18:35:19.132448,4474.9,90.23,3.68,3.91,69.9,13.81,1485.9,22.35,DEGRADATION,MECHANICAL_DEGRADATION
2026-08-23T18:35:20.132448,4465.4,89.73,3.62,3.91,69.2,13.85,1512.2,22.32,DEGRADATION,MECHANICAL_DEGRADATION
2026-08-23T18:35:21.132448,4476.7,89.25,3.63,3.91,66.8,13.19,1496.5,22.13,DEGRADATION,MECHANICAL_DEGRADATION
2026-08-23T18:35:22.132448,4470.3,88.96,3.72,3.75,68.6,13.57,1501.5,22.1,DEGRADATION,MECHANICAL_DEGRADATION
2026-08-23T18:35:23.132448,4418.1,89.35,3.6,3.79,69.2,13.62,1502.1,22.11,DEGRADATION,MECHANICAL_DEGRADATION
2026-08-23T18:35:24.132448,4407.7,90.63,3.72,4.22,73.0,12.53,1489.4,21.76,DEGRADATION,MECHANICAL_DEGRADATION
2026-08-23T18:35:25.132448,4466.9,88.52,3.38,3.91,62.8,13.22,1512.8,22.9,DEGRADATION,MECHANICAL_DEGRADATION
2026-08-23T18:35:26.132448,4483.8,90.12,3.38,3.72,69.6,13.51,1501.6,21.63,DEGRADATION,MECHANICAL_DEGRADATION
2026-08-23T18:35:27.132448,4441.8,89.75,3.66,3.95,60.8,14.01,1509.9,21.71,DEGRADATION,MECHANICAL_DEGRADATION
2026-08-23T18:35:28.132448,4517.0,90.19,3.48,3.86,70.3,13.36,1520.7,21.69,DEGRADATION,MECHANICAL_DEGRADATION
2026-08-23T18:35:29.132448,4429.0,87.74,3.5,4.4,61.1,13.47,1482.6,21.51,DEGRADATION,MECHANICAL_DEGRADATION
2026-08-23T18:35:30.132448,4536.2,86.96,3.47,3.53,65.6,13.49,1499.1,22.48,DEGRADATION,MECHANICAL_DEGRADATION
2026-08-23T18:35:31.132448,4484.9,88.79,3.51,4.09,66.5,12.67,1492.3,22.13,DEGRADATION,MECHANICAL_DEGRADATION
2026-08-23T18:35:32.132448,4461.8,87.16,3.44,4.13,65.3,13.63,1481.8,21.04,DEGRADATION,MECHANICAL_DEGRADATION
2026-08-23T18:35:33.132448,4402.9,92.18,3.44,3.87,69.1,13.18,1468.4,21.68,DEGRADATION,MECHANICAL_DEGRADATION
2026-08-23T18:35:34.132448,4493.3,87.5,3.39,3.97,68.3,13.15,1526.3,21.8,DEGRADATION,MECHANICAL_DEGRADATION
2026-08-23T18:35:35.132448,4398.1,89.72,3.52,4.02,67.0,13.98,1522.2,22.23,DEGRADATION,MECHANICAL_DEGRADATION
2026-08-23T18:35:36.132448,4441.9,90.5,3.56,4.09,65.0,13.7,1507.8,21.38,DEGRADATION,MECHANICAL_DEGRADATION
2026-08-23T18:35:37.132448,4477.4,90.88,3.55,3.98,67.2,13.18,1493.9,22.59,DEGRADATION,MECHANICAL_DEGRADATION
2026-08-23T18:35:38.132448,4473.1,88.43,3.53,4.3,72.5,13.54,1487.4,21.84,DEGRADATION,MECHANICAL_DEGRADATION
2026-08-23T18:35:39.132448,4421.0,88.95,3.39,4.07,68.5,13.2,1528.4,21.78,DEGRADATION,MECHANICAL_DEGRADATION
2026-08-23T18:35:40.132448,4479.2,92.24,3.47,4.45,69.3,13.97,1512.7,21.52,DEGRADATION,MECHANICAL_DEGRADATION
2026-08-23T18:35:41.132448,4416.1,88.02,3.44,3.94,68.8,12.74,1471.0,21.78,DEGRADATION,MECHANICAL_DEGRADATION
2026-08-23T18:35:42.132448,4415.5,90.88,3.46,3.92,69.3,12.87,1504.2,22.49,DEGRADATION,MECHANICAL_DEGRADATION
2026-08-23T18:35:43.132448,4477.9,88.94,3.63,4.17,69.4,13.7,1521.0,21.52,DEGRADATION,MECHANICAL_DEGRADATION
2026-08-23T18:35:44.132448,4440.9,89.74,3.48,4.19,70.1,13.37,1512.6,22.67,DEGRADATION,MECHANICAL_DEGRADATION
2026-08-23T18:35:45.132448,4452.4,88.13,3.32,4.02,67.3,13.35,1500.9,21.95,DEGRADATION,MECHANICAL_DEGRADATION
2026-08-23T18:35:46.132448,4491.5,89.98,3.44,4.0,69.8,13.19,1495.4,21.92,DEGRADATION,MECHANICAL_DEGRADATION
2026-08-23T18:35:47.132448,4402.1,88.03,3.37,3.87,64.6,13.24,1504.7,21.72,DEGRADATION,MECHANICAL_DEGRADATION
2026-08-23T18:35:48.132448,4380.1,91.47,3.46,3.68,67.4,12.97,1493.0,21.73,DEGRADATION,MECHANICAL_DEGRADATION
2026-08-23T18:35:49.132448,4446.4,87.97,3.48,4.32,63.6,13.61,1506.9,22.12,DEGRADATION,MECHANICAL_DEGRADATION
2026-08-23T18:35:50.132448,4494.7,89.25,3.43,4.2,69.8,13.42,1504.8,21.87,DEGRADATION,MECHANICAL_DEGRADATION
2026-08-23T18:35:51.132448,4447.6,89.63,3.48,4.01,66.6,12.92,1488.9,21.96,DEGRADATION,MECHANICAL_DEGRADATION
2026-08-23T18:35:52.132448,4401.6,90.3,3.55,4.11,65.7,13.3,1470.5,22.43,DEGRADATION,MECHANICAL_DEGRADATION
2026-08-23T18:35:53.132448,4487.7,88.86,3.69,3.96,70.5,13.45,1524.0,22.52,DEGRADATION,MECHANICAL_DEGRADATION
2026-08-23T18:35:54.132448,4472.7,92.04,3.48,4.29,65.2,13.99,1500.0,22.32,DEGRADATION,MECHANICAL_DEGRADATION
2026-08-23T18:35:55.132448,4434.2,89.49,3.38,4.06,67.2,13.09,1501.1,22.26,DEGRADATION,MECHANICAL_DEGRADATION
2026-08-23T18:35:56.132448,4442.3,89.72,3.45,4.44,70.8,13.34,1493.9,22.41,DEGRADATION,MECHANICAL_DEGRADATION
2026-08-23T18:35:57.132448,4340.1,91.2,3.36,4.06,67.0,13.69,1474.1,22.27,DEGRADATION,MECHANICAL_DEGRADATION
2026-08-23T18:35:58.132448,4484.5,89.25,3.49,4.65,67.3,13.69,1493.2,22.04,DEGRADATION,MECHANICAL_DEGRADATION
2026-08-23T18:35:59.132448,4326.8,90.27,3.6,4.55,66.2,13.57,1493.5,21.94,DEGRADATION,MECHANICAL_DEGRADATION
2026-08-23T18:36:00.132448,4387.9,92.36,3.4,4.52,67.1,13.94,1496.2,21.36,DEGRADATION,MECHANICAL_DEGRADATION
2026-08-23T18:36:01.132448,4393.1,90.85,3.52,4.36,64.9,13.93,1504.8,22.14,DEGRADATION,MECHANICAL_DEGRADATION
2026-08-23T18:36:02.132448,4394.1,91.98,3.43,3.94,68.1,13.57,1496.2,21.79,DEGRADATION,MECHANICAL_DEGRADATION
2026-08-23T18:36:03.132448,4430.7,89.08,3.51,4.1,64.0,13.56,1523.0,22.6,DEGRADATION,MECHANICAL_DEGRADATION
2026-08-23T18:36:04.132448,4366.4,89.74,3.49,4.3,69.8,13.67,1474.3,22.77,DEGRADATION,MECHANICAL_DEGRADATION
2026-08-23T18:36:05.132448,4365.5,91.1,3.36,4.34,72.3,13.65,1489.9,22.03,DEGRADATION,MECHANICAL_DEGRADATION
2026-08-23T18:36:06.132448,4415.0,90.6,3.5,4.08,70.0,13.16,1511.5,22.42,DEGRADATION,MECHANICAL_DEGRADATION
2026-08-23T18:36:07.132448,4424.1,92.36,3.55,4.27,69.3,13.1,1486.8,22.61,DEGRADATION,MECHANICAL_DEGRADATION
2026-08-23T18:36:08.132448,4330.6,92.86,3.5,4.14,69.0,13.26,1520.1,21.68,DEGRADATION,MECHANICAL_DEGRADATION
2026-08-23T18:36:09.132448,4468.6,90.97,3.34,4.47,70.3,13.66,1518.1,21.76,DEGRADATION,MECHANICAL_DEGRADATION
2026-08-23T18:36:10.132448,4350.1,90.91,3.45,4.35,65.9,13.63,1481.4,22.12,DEGRADATION,MECHANICAL_DEGRADATION
2026-08-23T18:36:11.132448,4437.4,91.53,3.47,3.98,67.6,13.41,1496.5,21.81,DEGRADATION,MECHANICAL_DEGRADATION
2026-08-23T18:36:12.132448,4415.5,91.97,3.49,4.28,67.8,13.61,1477.0,22.43,DEGRADATION,MECHANICAL_DEGRADATION
2026-08-23T18:36:13.132448,4383.3,92.17,3.45,4.37,72.7,13.85,1509.9,21.54,DEGRADATION,MECHANICAL_DEGRADATION
2026-08-23T18:36:14.132448,4369.5,90.63,3.39,4.17,65.5,13.88,1472.7,23.33,DEGRADATION,MECHANICAL_DEGRADATION
2026-08-23T18:36:15.132448,4403.8,91.2,3.25,4.35,69.7,13.78,1471.0,21.64,DEGRADATION,MECHANICAL_DEGRADATION
2026-08-23T18:36:16.132448,4466.3,91.42,3.51,4.47,72.3,13.33,1511.9,22.06,DEGRADATION,MECHANICAL_DEGRADATION
2026-08-23T18:36:17.132448,4317.5,91.72,3.35,4.39,68.2,13.01,1520.7,21.93,DEGRADATION,MECHANICAL_DEGRADATION
2026-08-23T18:36:18.132448,4409.7,88.86,3.41,4.38,70.1,13.12,1519.7,21.3,DEGRADATION,MECHANICAL_DEGRADATION
2026-08-23T18:36:19.132448,4422.2,92.02,3.46,4.13,69.8,12.87,1511.3,22.04,DEGRADATION,MECHANICAL_DEGRADATION
2026-08-23T18:36:20.132448,4423.7,91.78,3.26,4.63,69.1,13.85,1466.9,22.55,DEGRADATION,MECHANICAL_DEGRADATION
2026-08-23T18:36:21.132448,4378.5,90.33,3.45,4.44,75.0,14.16,1497.4,22.3,DEGRADATION,MECHANICAL_DEGRADATION
2026-08-23T18:36:22.132448,4418.4,91.62,3.31,4.23,64.2,13.27,1507.3,22.63,DEGRADATION,MECHANICAL_DEGRADATION
2026-08-23T18:36:23.132448,4300.4,89.78,3.34,4.44,69.1,13.98,1504.3,21.6,DEGRADATION,MECHANICAL_DEGRADATION
2026-08-23T18:36:24.132448,4435.1,89.08,3.36,4.43,70.4,13.41,1515.0,21.97,DEGRADATION,MECHANICAL_DEGRADATION
2026-08-23T18:36:25.132448,4348.3,91.6,3.45,4.46,71.3,13.7,1515.5,22.45,DEGRADATION,MECHANICAL_DEGRADATION
2026-08-23T18:36:26.132448,4303.3,91.0,3.43,4.14,69.2,13.23,1507.9,21.36,DEGRADATION,MECHANICAL_DEGRADATION
2026-08-23T18:36:27.132448,4428.8,89.54,3.3,4.02,75.4,13.59,1482.3,22.05,DEGRADATION,MECHANICAL_DEGRADATION
2026-08-23T18:36:28.132448,4392.1,92.77,3.31,4.34,71.2,13.54,1525.1,23.32,DEGRADATION,MECHANICAL_DEGRADATION
2026-08-23T18:36:29.132448,4440.8,92.8,3.4,3.66,68.0,13.05,1476.6,21.28,DEGRADATION,MECHANICAL_DEGRADATION
2026-08-23T18:36:30.132448,4412.2,90.61,3.47,4.36,66.3,13.67,1486.3,21.56,DEGRADATION,MECHANICAL_DEGRADATION
2026-08-23T18:36:31.132448,4367.8,93.1,3.23,4.62,69.3,13.62,1481.1,21.98,DEGRADATION,MECHANICAL_DEGRADATION
2026-08-23T18:36:32.132448,4426.2,92.13,3.4,4.52,68.6,13.48,1504.6,22.56,DEGRADATION,MECHANICAL_DEGRADATION
2026-08-23T18:36:33.132448,4412.8,90.03,3.27,4.41,69.8,13.2,1503.4,21.47,DEGRADATION,MECHANICAL_DEGRADATION
2026-08-23T18:36:34.132448,4445.1,93.86,3.39,4.7,66.9,13.23,1496.5,22.13,DEGRADATION,MECHANICAL_DEGRADATION
2026-08-23T18:36:35.132448,4365.0,92.18,3.28,4.4,71.1,13.67,1488.7,22.13,DEGRADATION,MECHANICAL_DEGRADATION
2026-08-23T18:36:36.132448,4410.9,91.74,3.38,4.48,71.4,13.68,1516.1,22.1,DEGRADATION,MECHANICAL_DEGRADATION
2026-08-23T18:36:37.132448,4405.1,91.65,3.33,4.23,70.0,13.84,1516.0,22.06,DEGRADATION,MECHANICAL_DEGRADATION
2026-08-23T18:36:38.132448,4392.3,92.48,3.28,4.52,69.2,13.72,1492.1,23.25,DEGRADATION,MECHANICAL_DEGRADATION
2026-08-23T18:36:39.132448,4408.7,91.93,3.44,4.51,70.2,13.42,1515.6,21.97,DEGRADATION,MECHANICAL_DEGRADATION
2026-08-23T18:36:40.132448,4372.0,92.68,3.33,4.73,67.8,13.85,1496.9,21.42,DEGRADATION,MECHANICAL_DEGRADATION
2026-08-23T18:36:41.132448,4387.9,92.5,3.38,4.4,65.0,13.85,1518.0,21.91,DEGRADATION,MECHANICAL_DEGRADATION
2026-08-23T18:36:42.132448,4371.0,90.62,3.37,4.28,69.3,13.94,1493.9,21.8,DEGRADATION,MECHANICAL_DEGRADATION
2026-08-23T18:36:43.132448,4333.1,91.6,3.27,4.66,66.7,13.79,1513.1,21.96,DEGRADATION,MECHANICAL_DEGRADATION
2026-08-23T18:36:44.132448,4365.6,92.38,3.3,4.86,64.0,13.57,1519.7,21.61,DEGRADATION,MECHANICAL_DEGRADATION
2026-08-23T18:36:45.132448,4443.9,91.65,3.37,4.79,72.8,13.64,1519.8,21.54,DEGRADATION,MECHANICAL_DEGRADATION
2026-08-23T18:36:46.132448,4406.0,91.41,3.34,4.38,68.4,13.71,1517.6,22.64,DEGRADATION,MECHANICAL_DEGRADATION
2026-08-23T18:36:47.132448,4420.3,93.73,3.32,4.92,69.5,13.57,1480.3,21.66,DEGRADATION,MECHANICAL_DEGRADATION
2026-08-23T18:36:48.132448,4355.9,92.58,3.2,4.54,66.9,13.56,1496.7,21.97,DEGRADATION,MECHANICAL_DEGRADATION
2026-08-23T18:36:49.132448,4379.4,93.53,3.25,4.57,68.3,14.29,1507.1,22.18,DEGRADATION,MECHANICAL_DEGRADATION
2026-08-23T18:36:50.132448,4361.3,91.55,3.42,4.26,64.4,13.58,1481.8,22.57,DEGRADATION,MECHANICAL_DEGRADATION
2026-08-23T18:36:51.132448,4416.0,92.35,3.2,4.89,73.7,13.62,1510.3,21.89,DEGRADATION,MECHANICAL_DEGRADATION
2026-08-23T18:36:52.132448,4347.2,92.25,3.17,4.86,70.3,13.7,1504.9,22.24,DEGRADATION,MECHANICAL_DEGRADATION
2026-08-23T18:36:53.132448,4374.5,95.69,3.24,4.42,70.2,13.19,1513.5,21.93,DEGRADATION,MECHANICAL_DEGRADATION
2026-08-23T18:36:54.132448,4271.9,92.25,3.25,5.0,66.3,13.83,1493.9,22.15,DEGRADATION,MECHANICAL_DEGRADATION
2026-08-23T18:36:55.132448,4318.6,94.31,3.37,4.38,72.4,13.75,1487.9,21.43,DEGRADATION,MECHANICAL_DEGRADATION
2026-08-23T18:36:56.132448,4354.0,93.27,3.25,4.57,71.4,13.09,1523.3,22.34,DEGRADATION,MECHANICAL_DEGRADATION
2026-08-23T18:36:57.132448,4313.2,93.26,3.15,4.71,74.7,14.01,1513.9,21.74,DEGRADATION,MECHANICAL_DEGRADATION
2026-08-23T18:36:58.132448,4423.4,92.58,3.26,4.38,67.9,13.23,1502.7,21.64,DEGRADATION,MECHANICAL_DEGRADATION
2026-08-23T18:36:59.132448,4323.3,93.4,3.43,4.62,67.0,13.48,1509.3,21.26,DEGRADATION,MECHANICAL_DEGRADATION
2026-08-23T18:37:00.132448,4354.8,91.41,3.26,4.9,68.6,14.0,1507.0,21.45,DEGRADATION,MECHANICAL_DEGRADATION
2026-08-23T18:37:01.132448,4397.4,91.34,3.22,4.68,68.2,13.96,1524.3,22.48,DEGRADATION,MECHANICAL_DEGRADATION
2026-08-23T18:37:02.132448,4348.1,93.56,3.34,4.78,66.7,13.99,1494.5,22.3,DEGRADATION,MECHANICAL_DEGRADATION
2026-08-23T18:37:03.132448,4299.3,93.34,3.21,4.63,60.6,13.39,1485.3,22.61,DEGRADATION,MECHANICAL_DEGRADATION
2026-08-23T18:37:04.132448,4287.8,93.95,3.18,4.87,73.5,13.61,1499.9,21.84,DEGRADATION,MECHANICAL_DEGRADATION
2026-08-23T18:37:05.132448,4319.8,91.51,3.36,4.95,71.7,13.04,1491.9,22.17,DEGRADATION,MECHANICAL_DEGRADATION
2026-08-23T18:37:06.132448,4344.7,93.42,3.06,4.66,66.3,13.91,1517.4,22.63,DEGRADATION,MECHANICAL_DEGRADATION
2026-08-23T18:37:07.132448,4321.5,94.06,3.33,4.39,64.6,13.43,1515.6,22.59,DEGRADATION,MECHANICAL_DEGRADATION
2026-08-23T18:37:08.132448,4290.3,92.58,3.24,4.88,71.6,13.83,1480.9,22.1,DEGRADATION,MECHANICAL_DEGRADATION
2026-08-23T18:37:09.132448,4284.2,93.44,3.02,4.49,71.2,14.02,1499.1,21.12,DEGRADATION,MECHANICAL_DEGRADATION
2026-08-23T18:37:10.132448,4352.4,94.22,3.24,4.43,66.4,14.15,1489.1,22.14,DEGRADATION,MECHANICAL_DEGRADATION
2026-08-23T18:37:11.132448,4309.6,93.61,3.27,4.18,68.2,13.27,1529.8,22.69,DEGRADATION,MECHANICAL_DEGRADATION
2026-08-23T18:37:12.132448,4387.7,91.85,3.27,4.63,67.5,13.98,1491.7,21.79,DEGRADATION,MECHANICAL_DEGRADATION
2026-08-23T18:37:13.132448,4369.0,92.59,3.24,4.31,68.8,13.86,1493.3,21.88,DEGRADATION,MECHANICAL_DEGRADATION
2026-08-23T18:37:14.132448,4343.7,93.62,3.3,4.35,66.4,13.89,1488.4,21.81,DEGRADATION,MECHANICAL_DEGRADATION
2026-08-23T18:37:15.132448,4311.3,94.61,3.26,5.04,67.5,13.62,1520.2,22.48,DEGRADATION,MECHANICAL_DEGRADATION
2026-08-23T18:37:16.132448,4252.2,93.9,3.24,4.48,68.8,14.08,1475.6,22.16,DEGRADATION,MECHANICAL_DEGRADATION
2026-08-23T18:37:17.132448,4325.7,97.21,3.47,4.56,67.4,13.81,1475.8,22.28,DEGRADATION,MECHANICAL_DEGRADATION
2026-08-23T18:37:18.132448,4324.7,93.56,3.29,5.25,67.8,13.65,1476.6,21.62,DEGRADATION,MECHANICAL_DEGRADATION
2026-08-23T18:37:19.132448,4343.9,93.44,3.24,4.66,66.5,13.39,1509.2,22.04,DEGRADATION,MECHANICAL_DEGRADATION
2026-08-23T18:37:20.132448,4271.3,94.72,3.32,4.75,68.2,14.14,1480.6,22.19,DEGRADATION,MECHANICAL_DEGRADATION
2026-08-23T18:37:21.132448,4364.5,92.23,3.18,4.85,67.5,13.31,1491.2,21.5,DEGRADATION,MECHANICAL_DEGRADATION
2026-08-23T18:37:22.132448,4320.0,93.01,3.28,4.59,68.1,13.74,1509.3,21.43,DEGRADATION,MECHANICAL_DEGRADATION
2026-08-23T18:37:23.132448,4298.7,93.12,3.34,4.88,67.0,13.68,1501.6,21.88,DEGRADATION,MECHANICAL_DEGRADATION
2026-08-23T18:37:24.132448,4375.8,91.87,3.4,5.09,71.6,13.59,1474.7,22.37,DEGRADATION,MECHANICAL_DEGRADATION
2026-08-23T18:37:25.132448,4388.3,94.82,3.35,4.82,72.2,13.79,1495.2,21.4,DEGRADATION,MECHANICAL_DEGRADATION
2026-08-23T18:37:26.132448,4298.5,94.76,3.29,4.9,69.5,13.92,1507.4,22.22,DEGRADATION,MECHANICAL_DEGRADATION
2026-08-23T18:37:27.132448,4302.2,94.39,3.22,4.65,69.7,13.33,1495.2,21.2,DEGRADATION,MECHANICAL_DEGRADATION
2026-08-23T18:37:28.132448,4278.6,95.53,3.38,4.91,67.8,13.04,1494.9,22.24,DEGRADATION,MECHANICAL_DEGRADATION
2026-08-23T18:37:29.132448,4312.4,93.41,3.28,4.7,69.8,13.62,1493.4,22.88,DEGRADATION,MECHANICAL_DEGRADATION
2026-08-23T18:37:30.132448,4371.3,95.09,3.15,5.0,70.0,13.92,1517.2,21.44,DEGRADATION,MECHANICAL_DEGRADATION
2026-08-23T18:37:31.132448,4325.3,94.57,3.27,4.92,68.3,14.08,1486.6,23.11,DEGRADATION,MECHANICAL_DEGRADATION
2026-08-23T18:37:32.132448,4352.9,94.95,3.12,4.6,64.9,13.78,1507.1,22.33,DEGRADATION,MECHANICAL_DEGRADATION
2026-08-23T18:37:33.132448,4315.8,94.12,3.05,4.74,70.8,13.63,1516.8,21.99,DEGRADATION,MECHANICAL_DEGRADATION
2026-08-23T18:37:34.132448,4359.4,95.96,2.99,4.75,73.2,14.13,1498.4,22.13,DEGRADATION,MECHANICAL_DEGRADATION
2026-08-23T18:37:35.132448,4345.3,96.14,3.33,4.7,67.4,13.46,1495.0,22.46,DEGRADATION,MECHANICAL_DEGRADATION
2026-08-23T18:37:36.132448,4326.5,94.73,3.22,5.32,71.2,13.6,1508.0,21.91,DEGRADATION,MECHANICAL_DEGRADATION
2026-08-23T18:37:37.132448,4295.1,93.99,3.01,4.62,68.7,13.28,1484.9,21.2,DEGRADATION,MECHANICAL_DEGRADATION
2026-08-23T18:37:38.132448,4220.2,94.6,3.19,4.58,69.6,14.27,1505.1,21.95,DEGRADATION,MECHANICAL_DEGRADATION
2026-08-23T18:37:39.132448,4245.4,95.18,3.26,4.56,67.8,14.05,1498.9,20.66,DEGRADATION,MECHANICAL_DEGRADATION
2026-08-23T18:37:40.132448,4307.2,94.74,3.22,4.86,71.6,13.89,1533.6,22.07,DEGRADATION,MECHANICAL_DEGRADATION
2026-08-23T18:37:41.132448,4316.3,94.72,3.12,4.91,69.2,13.15,1535.4,22.15,DEGRADATION,MECHANICAL_DEGRADATION
2026-08-23T18:37:42.132448,4334.6,95.16,3.2,5.04,73.9,14.01,1493.8,22.41,DEGRADATION,MECHANICAL_DEGRADATION
2026-08-23T18:37:43.132448,4329.3,93.97,3.22,5.01,68.5,13.84,1492.5,21.59,DEGRADATION,MECHANICAL_DEGRADATION
2026-08-23T18:37:44.132448,4278.8,93.59,3.43,5.16,69.2,13.36,1513.9,22.55,DEGRADATION,MECHANICAL_DEGRADATION
2026-08-23T18:37:45.132448,4234.3,94.42,3.3,5.05,74.4,13.59,1494.7,21.72,DEGRADATION,MECHANICAL_DEGRADATION
2026-08-23T18:37:46.132448,4253.1,93.52,3.19,5.38,69.0,13.87,1467.8,22.19,DEGRADATION,MECHANICAL_DEGRADATION
2026-08-23T18:37:47.132448,4284.4,93.99,3.05,5.2,72.2,13.64,1488.0,22.03,DEGRADATION,MECHANICAL_DEGRADATION
2026-08-23T18:37:48.132448,4253.9,92.68,3.11,5.28,64.6,13.77,1497.2,21.3,DEGRADATION,MECHANICAL_DEGRADATION
2026-08-23T18:37:49.132448,4339.0,97.73,3.23,5.01,72.7,14.06,1460.1,22.35,DEGRADATION,MECHANICAL_DEGRADATION
2026-08-23T18:37:50.132448,4298.2,95.45,3.25,4.99,70.3,13.51,1487.6,21.95,DEGRADATION,MECHANICAL_DEGRADATION
2026-08-23T18:37:51.132448,4275.3,96.94,3.28,4.98,71.7,13.69,1478.5,22.05,DEGRADATION,MECHANICAL_DEGRADATION
2026-08-23T18:37:52.132448,4281.1,95.84,3.18,4.98,69.7,14.12,1504.1,22.06,DEGRADATION,MECHANICAL_DEGRADATION
2026-08-23T18:37:53.132448,4336.2,93.55,2.98,4.91,71.5,13.35,1483.7,22.6,DEGRADATION,MECHANICAL_DEGRADATION
2026-08-23T18:37:54.132448,4264.4,96.08,3.17,5.01,70.8,13.29,1508.5,21.57,DEGRADATION,MECHANICAL_DEGRADATION
2026-08-23T18:37:55.132448,4267.6,93.65,3.16,5.23,73.6,14.15,1498.9,21.86,DEGRADATION,MECHANICAL_DEGRADATION
2026-08-23T18:37:56.132448,4265.1,93.44,3.38,5.22,72.8,13.77,1499.1,22.03,DEGRADATION,MECHANICAL_DEGRADATION
2026-08-23T18:37:57.132448,4287.8,93.36,3.17,5.1,64.9,14.1,1491.3,22.61,DEGRADATION,MECHANICAL_DEGRADATION
2026-08-23T18:37:58.132448,4270.5,94.62,3.12,4.98,70.4,13.48,1512.8,21.68,DEGRADATION,MECHANICAL_DEGRADATION
2026-08-23T18:37:59.132448,4244.1,96.11,3.03,5.16,69.2,13.85,1494.9,21.77,DEGRADATION,MECHANICAL_DEGRADATION
2026-08-23T18:38:00.132448,4299.1,96.3,3.1,5.07,71.5,13.67,1510.4,21.79,DEGRADATION,MECHANICAL_DEGRADATION
2026-08-23T18:38:01.132448,4352.9,95.64,3.14,5.08,65.5,13.45,1481.4,22.44,DEGRADATION,MECHANICAL_DEGRADATION
2026-08-23T18:38:02.132448,4307.6,95.44,2.98,4.65,67.9,14.36,1518.7,22.42,DEGRADATION,MECHANICAL_DEGRADATION
2026-08-23T18:38:03.132448,4209.5,95.11,3.02,5.03,74.1,14.18,1477.5,21.86,DEGRADATION,MECHANICAL_DEGRADATION
2026-08-23T18:38:04.132448,4276.4,94.14,3.23,4.83,69.4,13.95,1495.0,20.94,DEGRADATION,MECHANICAL_DEGRADATION
2026-08-23T18:38:05.132448,4254.0,96.51,3.06,4.64,68.5,13.74,1482.7,22.0,DEGRADATION,MECHANICAL_DEGRADATION
2026-08-23T18:38:06.132448,4288.2,97.28,3.07,5.0,68.2,13.73,1511.7,21.75,DEGRADATION,MECHANICAL_DEGRADATION
2026-08-23T18:38:07.132448,4226.6,97.81,2.93,4.8,70.6,13.34,1522.5,21.83,DEGRADATION,MECHANICAL_DEGRADATION
2026-08-23T18:38:08.132448,4315.6,96.3,3.04,5.13,77.8,13.72,1494.7,21.08,DEGRADATION,MECHANICAL_DEGRADATION
2026-08-23T18:38:09.132448,4310.9,95.79,3.08,5.14,70.1,13.8,1524.4,20.71,DEGRADATION,MECHANICAL_DEGRADATION
2026-08-23T18:38:10.132448,4261.1,96.04,3.1,5.15,72.9,13.73,1508.9,22.73,DEGRADATION,MECHANICAL_DEGRADATION
2026-08-23T18:38:11.132448,4214.2,95.69,3.18,5.63,73.9,13.4,1516.2,20.95,DEGRADATION,MECHANICAL_DEGRADATION
2026-08-23T18:38:12.132448,4270.9,97.94,3.08,5.21,68.7,13.49,1499.8,22.61,DEGRADATION,MECHANICAL_DEGRADATION
2026-08-23T18:38:13.132448,4219.1,96.82,3.14,4.8,68.9,14.12,1505.3,23.22,DEGRADATION,MECHANICAL_DEGRADATION
2026-08-23T18:38:14.132448,4289.9,95.86,3.06,5.32,72.7,14.13,1494.1,21.72,DEGRADATION,MECHANICAL_DEGRADATION
2026-08-23T18:38:15.132448,4244.4,97.74,3.16,5.11,68.4,13.26,1497.3,20.46,DEGRADATION,MECHANICAL_DEGRADATION
2026-08-23T18:38:16.132448,4258.1,96.82,3.2,5.11,68.1,13.51,1497.2,21.95,DEGRADATION,MECHANICAL_DEGRADATION
2026-08-23T18:38:17.132448,4273.2,96.29,3.14,5.1,68.4,13.97,1485.4,21.44,DEGRADATION,MECHANICAL_DEGRADATION
2026-08-23T18:38:18.132448,4277.0,94.25,3.12,5.04,62.1,14.11,1474.4,22.38,DEGRADATION,MECHANICAL_DEGRADATION
2026-08-23T18:38:19.132448,4222.0,95.86,3.13,5.15,66.4,13.46,1502.5,21.85,DEGRADATION,MECHANICAL_DEGRADATION
2026-08-23T18:38:20.132448,4227.9,95.52,3.09,5.13,66.1,13.93,1498.4,22.4,DEGRADATION,MECHANICAL_DEGRADATION
2026-08-23T18:38:21.132448,4248.3,94.68,3.04,5.34,66.7,13.58,1485.2,20.94,DEGRADATION,MECHANICAL_DEGRADATION
2026-08-23T18:38:22.132448,4273.1,96.18,3.0,5.23,71.2,14.04,1506.7,22.45,DEGRADATION,MECHANICAL_DEGRADATION
2026-08-23T18:38:23.132448,4242.1,96.74,3.06,4.89,69.8,14.05,1489.4,22.73,DEGRADATION,MECHANICAL_DEGRADATION
2026-08-23T18:38:24.132448,4295.5,97.62,3.16,5.16,70.1,14.27,1505.5,21.72,DEGRADATION,MECHANICAL_DEGRADATION
2026-08-23T18:38:25.132448,4287.1,96.86,3.06,5.28,70.0,13.78,1493.6,21.67,DEGRADATION,MECHANICAL_DEGRADATION
2026-08-23T18:38:26.132448,4276.8,97.2,3.03,5.34,67.4,13.63,1496.2,22.31,DEGRADATION,MECHANICAL_DEGRADATION
2026-08-23T18:38:27.132448,4182.3,95.13,3.12,5.11,68.4,13.64,1496.6,21.86,DEGRADATION,MECHANICAL_DEGRADATION
2026-08-23T18:38:28.132448,4248.3,95.27,3.09,4.83,73.6,14.3,1510.4,21.9,DEGRADATION,MECHANICAL_DEGRADATION
2026-08-23T18:38:29.132448,4198.2,94.56,3.2,5.33,68.4,14.21,1506.9,22.45,DEGRADATION,MECHANICAL_DEGRADATION
2026-08-23T18:38:30.132448,4267.2,96.0,3.05,5.31,68.3,14.04,1490.4,22.41,DEGRADATION,MECHANICAL_DEGRADATION
2026-08-23T18:38:31.132448,4185.9,96.35,3.07,5.24,60.2,13.97,1514.2,21.46,DEGRADATION,MECHANICAL_DEGRADATION
2026-08-23T18:38:32.132448,4226.1,95.69,3.14,5.3,72.4,13.78,1487.5,22.05,DEGRADATION,MECHANICAL_DEGRADATION
2026-08-23T18:38:33.132448,4288.5,96.92,3.2,5.45,68.3,13.84,1500.9,22.16,DEGRADATION,MECHANICAL_DEGRADATION
2026-08-23T18:38:34.132448,4254.6,97.61,3.01,5.42,76.4,14.14,1460.6,22.9,DEGRADATION,MECHANICAL_DEGRADATION
2026-08-23T18:38:35.132448,4259.9,98.45,3.12,5.14,69.6,13.67,1497.5,21.7,DEGRADATION,MECHANICAL_DEGRADATION
2026-08-23T18:38:36.132448,4287.3,94.6,3.06,5.45,69.1,13.65,1487.7,21.7,DEGRADATION,MECHANICAL_DEGRADATION
2026-08-23T18:38:37.132448,4283.9,96.16,3.13,5.13,64.9,13.67,1514.9,21.33,DEGRADATION,MECHANICAL_DEGRADATION
2026-08-23T18:38:38.132448,4180.4,97.6,3.06,5.18,72.8,14.2,1498.7,22.81,DEGRADATION,MECHANICAL_DEGRADATION
2026-08-23T18:38:39.132448,4291.9,97.12,3.08,5.33,71.1,14.16,1514.2,22.48,DEGRADATION,MECHANICAL_DEGRADATION
2026-08-23T18:38:40.132448,4266.4,95.75,3.11,5.73,72.8,13.88,1520.0,21.85,DEGRADATION,MECHANICAL_DEGRADATION
2026-08-23T18:38:41.132448,4239.1,97.05,3.17,5.8,72.0,14.52,1496.2,20.85,DEGRADATION,MECHANICAL_DEGRADATION
2026-08-23T18:38:42.132448,4209.2,96.37,3.06,5.29,68.3,14.16,1502.9,21.49,DEGRADATION,MECHANICAL_DEGRADATION
2026-08-23T18:38:43.132448,4239.8,97.61,3.08,5.53,69.6,13.93,1520.0,21.88,DEGRADATION,MECHANICAL_DEGRADATION
2026-08-23T18:38:44.132448,4220.7,98.8,3.1,5.35,71.9,14.04,1470.9,21.47,DEGRADATION,MECHANICAL_DEGRADATION
2026-08-23T18:38:45.132448,4205.8,97.05,2.98,4.91,68.8,13.77,1482.2,21.64,DEGRADATION,MECHANICAL_DEGRADATION
2026-08-23T18:38:46.132448,4201.3,96.41,2.96,5.3,69.7,13.78,1491.5,20.89,DEGRADATION,MECHANICAL_DEGRADATION
2026-08-23T18:38:47.132448,4194.1,97.71,3.04,5.55,67.2,13.7,1507.5,22.5,DEGRADATION,MECHANICAL_DEGRADATION
2026-08-23T18:38:48.132448,4223.8,98.16,2.96,5.61,67.7,14.02,1509.7,22.06,DEGRADATION,MECHANICAL_DEGRADATION
2026-08-23T18:38:49.132448,4173.1,96.36,3.05,5.56,69.2,13.83,1486.1,21.62,DEGRADATION,MECHANICAL_DEGRADATION
2026-08-23T18:38:50.132448,4207.1,98.91,3.1,5.56,68.6,14.1,1471.6,22.54,DEGRADATION,MECHANICAL_DEGRADATION
2026-08-23T18:38:51.132448,4242.1,96.22,3.08,5.1,67.7,13.98,1496.3,22.49,DEGRADATION,MECHANICAL_DEGRADATION
2026-08-23T18:38:52.132448,4256.7,98.49,2.91,5.42,76.3,14.09,1489.7,21.47,DEGRADATION,MECHANICAL_DEGRADATION
2026-08-23T18:38:53.132448,4194.6,99.33,3.08,5.87,71.2,14.29,1489.0,23.29,DEGRADATION,MECHANICAL_DEGRADATION
2026-08-23T18:38:54.132448,4218.1,99.16,3.18,5.63,74.1,13.77,1510.2,22.22,DEGRADATION,MECHANICAL_DEGRADATION
2026-08-23T18:38:55.132448,4239.1,98.53,3.04,5.37,72.3,14.13,1489.6,22.01,DEGRADATION,MECHANICAL_DEGRADATION
2026-08-23T18:38:56.132448,4141.6,98.28,2.94,5.48,69.1,13.52,1472.3,22.33,DEGRADATION,MECHANICAL_DEGRADATION
2026-08-23T18:38:57.132448,4210.9,95.75,2.97,5.39,69.5,13.48,1484.8,21.56,DEGRADATION,MECHANICAL_DEGRADATION
2026-08-23T18:38:58.132448,4149.0,97.2,3.01,5.67,75.6,13.64,1499.1,21.94,DEGRADATION,MECHANICAL_DEGRADATION
2026-08-23T18:38:59.132448,4193.8,97.89,3.11,5.28,69.8,13.58,1513.1,22.44,DEGRADATION,MECHANICAL_DEGRADATION
2026-08-23T18:39:00.132448,4216.3,97.05,3.01,5.36,69.5,14.31,1513.6,22.16,DEGRADATION,MECHANICAL_DEGRADATION
2026-08-23T18:39:01.132448,4156.3,97.66,3.12,5.26,70.0,14.63,1475.4,21.62,DEGRADATION,MECHANICAL_DEGRADATION
2026-08-23T18:39:02.132448,4237.2,98.6,2.95,5.68,70.8,13.92,1497.9,22.24,DEGRADATION,MECHANICAL_DEGRADATION
2026-08-23T18:39:03.132448,4203.7,96.51,2.9,5.45,71.3,14.36,1478.5,21.41,DEGRADATION,MECHANICAL_DEGRADATION
2026-08-23T18:39:04.132448,4209.6,99.33,2.97,5.5,70.5,13.8,1498.4,21.62,DEGRADATION,MECHANICAL_DEGRADATION
2026-08-23T18:39:05.132448,4207.5,95.08,3.05,5.57,69.8,13.77,1500.4,22.5,DEGRADATION,MECHANICAL_DEGRADATION
2026-08-23T18:39:06.132448,4174.7,95.79,2.97,5.4,69.0,14.01,1485.6,21.34,DEGRADATION,MECHANICAL_DEGRADATION
2026-08-23T18:39:07.132448,4203.4,98.28,2.93,5.19,70.6,13.97,1519.2,21.47,DEGRADATION,MECHANICAL_DEGRADATION
2026-08-23T18:39:08.132448,4203.7,98.36,3.01,5.45,67.4,14.11,1492.4,21.88,DEGRADATION,MECHANICAL_DEGRADATION
2026-08-23T18:39:09.132448,4138.0,97.42,2.98,5.55,67.9,13.84,1511.4,21.82,DEGRADATION,MECHANICAL_DEGRADATION
2026-08-23T18:39:10.132448,4221.0,99.27,2.98,5.55,68.0,13.85,1507.3,21.88,DEGRADATION,MECHANICAL_DEGRADATION
2026-08-23T18:39:11.132448,4236.5,98.94,3.0,5.03,67.9,13.37,1474.7,22.03,DEGRADATION,MECHANICAL_DEGRADATION
2026-08-23T18:39:12.132448,4160.3,98.75,3.0,5.44,69.1,13.66,1500.5,21.43,DEGRADATION,MECHANICAL_DEGRADATION
2026-08-23T18:39:13.132448,4259.7,98.34,3.11,5.53,72.8,13.76,1481.0,22.51,DEGRADATION,MECHANICAL_DEGRADATION
2026-08-23T18:39:14.132448,4223.2,100.49,3.17,5.57,76.1,14.15,1483.3,22.28,DEGRADATION,MECHANICAL_DEGRADATION
2026-08-23T18:39:15.132448,4178.2,99.85,3.05,5.48,68.4,13.96,1500.9,21.83,DEGRADATION,MECHANICAL_DEGRADATION
2026-08-23T18:39:16.132448,4186.6,98.74,3.0,5.36,74.1,13.65,1529.6,22.87,DEGRADATION,MECHANICAL_DEGRADATION
2026-08-23T18:39:17.132448,4246.3,96.61,2.99,5.33,70.2,14.26,1527.0,21.95,DEGRADATION,MECHANICAL_DEGRADATION
2026-08-23T18:39:18.132448,4214.0,98.78,2.95,5.31,69.9,14.16,1499.4,22.44,DEGRADATION,MECHANICAL_DEGRADATION
2026-08-23T18:39:19.132448,4197.3,99.02,2.9,5.27,67.6,13.87,1502.9,22.17,DEGRADATION,MECHANICAL_DEGRADATION
2026-08-23T18:39:20.132448,4227.1,97.97,2.95,5.37,73.7,14.25,1496.3,21.93,DEGRADATION,MECHANICAL_DEGRADATION
2026-08-23T18:39:21.132448,4149.2,95.8,2.94,5.66,74.6,13.87,1510.8,21.57,DEGRADATION,MECHANICAL_DEGRADATION
2026-08-23T18:39:22.132448,4209.2,96.97,3.03,5.65,70.0,14.24,1505.7,21.93,DEGRADATION,MECHANICAL_DEGRADATION
2026-08-23T18:39:23.132448,4201.2,97.01,2.78,5.9,66.3,13.78,1502.4,21.84,DEGRADATION,MECHANICAL_DEGRADATION
2026-08-23T18:39:24.132448,4189.9,98.47,3.08,5.27,72.2,13.69,1515.7,22.24,DEGRADATION,MECHANICAL_DEGRADATION
2026-08-23T18:39:25.132448,4255.3,95.65,3.01,5.45,72.9,13.81,1495.9,21.83,DEGRADATION,MECHANICAL_DEGRADATION
2026-08-23T18:39:26.132448,4264.1,97.79,2.86,5.36,68.0,14.19,1498.0,22.26,DEGRADATION,MECHANICAL_DEGRADATION
2026-08-23T18:39:27.132448,4200.3,96.43,2.92,5.21,66.9,14.13,1488.5,21.97,DEGRADATION,MECHANICAL_DEGRADATION
2026-08-23T18:39:28.132448,4253.9,96.79,2.99,5.64,71.4,13.82,1490.1,22.14,DEGRADATION,MECHANICAL_DEGRADATION
2026-08-23T18:39:29.132448,4178.0,98.06,2.99,5.58,67.1,13.69,1495.6,23.03,DEGRADATION,MECHANICAL_DEGRADATION
2026-08-23T18:39:30.132448,4294.4,97.36,2.98,5.83,69.8,13.85,1474.2,22.61,DEGRADATION,MECHANICAL_DEGRADATION
2026-08-23T18:39:31.132448,4190.1,97.73,3.08,5.62,74.6,13.72,1512.0,21.91,DEGRADATION,MECHANICAL_DEGRADATION
2026-08-23T18:39:32.132448,4214.0,100.05,2.83,5.65,68.9,13.77,1504.0,21.96,DEGRADATION,MECHANICAL_DEGRADATION
2026-08-23T18:39:33.132448,4287.4,97.26,2.97,5.43,70.3,14.09,1494.6,21.99,DEGRADATION,MECHANICAL_DEGRADATION
2026-08-23T18:39:34.132448,4221.8,96.72,3.05,5.38,66.4,14.07,1507.0,22.03,DEGRADATION,MECHANICAL_DEGRADATION
2026-08-23T18:39:35.132448,4181.0,97.46,3.09,5.23,70.1,14.37,1497.7,21.72,DEGRADATION,MECHANICAL_DEGRADATION
2026-08-23T18:39:36.132448,4195.5,97.69,3.11,5.51,66.3,14.21,1519.9,22.8,DEGRADATION,MECHANICAL_DEGRADATION
2026-08-23T18:39:37.132448,4144.6,99.32,3.05,5.39,71.0,14.29,1459.0,21.75,DEGRADATION,MECHANICAL_DEGRADATION
2026-08-23T18:39:38.132448,4177.3,98.27,3.05,5.11,75.5,13.72,1494.9,22.46,DEGRADATION,MECHANICAL_DEGRADATION
2026-08-23T18:39:39.132448,4199.9,100.14,3.05,5.36,69.4,13.95,1519.5,22.18,DEGRADATION,MECHANICAL_DEGRADATION
2026-08-23T18:39:40.132448,4193.3,99.14,3.15,5.9,72.0,13.44,1495.9,22.22,DEGRADATION,MECHANICAL_DEGRADATION
2026-08-23T18:39:41.132448,4257.9,100.04,2.94,5.52,75.3,13.67,1509.0,22.85,DEGRADATION,MECHANICAL_DEGRADATION
2026-08-23T18:39:42.132448,4208.4,98.51,3.03,5.78,67.2,14.08,1500.5,21.67,DEGRADATION,MECHANICAL_DEGRADATION
2026-08-23T18:39:43.132448,4209.0,96.08,2.99,5.55,69.3,14.25,1502.9,22.04,DEGRADATION,MECHANICAL_DEGRADATION
2026-08-23T18:39:44.132448,4199.7,97.95,3.02,5.5,68.2,14.34,1507.5,21.78,DEGRADATION,MECHANICAL_DEGRADATION
2026-08-23T18:39:45.132448,4211.4,101.45,2.98,5.41,70.1,13.84,1478.8,22.29,DEGRADATION,MECHANICAL_DEGRADATION
2026-08-23T18:39:46.132448,4180.4,100.29,3.04,5.53,65.1,13.27,1486.8,21.43,DEGRADATION,MECHANICAL_DEGRADATION
2026-08-23T18:39:47.132448,4180.3,96.98,2.92,5.72,77.2,14.45,1486.6,22.02,DEGRADATION,MECHANICAL_DEGRADATION
2026-08-23T18:39:48.132448,4216.5,99.8,3.02,5.33,67.8,14.26,1519.0,22.93,DEGRADATION,MECHANICAL_DEGRADATION
2026-08-23T18:39:49.132448,4259.9,98.55,3.07,5.2,71.9,14.08,1526.7,22.01,DEGRADATION,MECHANICAL_DEGRADATION
2026-08-23T18:39:50.132448,4141.8,95.44,3.12,5.73,67.5,14.36,1511.5,21.92,DEGRADATION,MECHANICAL_DEGRADATION
2026-08-23T18:39:51.132448,4195.2,97.44,3.08,5.54,73.2,14.38,1489.8,21.86,DEGRADATION,MECHANICAL_DEGRADATION
2026-08-23T18:39:52.132448,4234.2,98.86,3.06,5.25,72.1,13.74,1506.5,21.63,DEGRADATION,MECHANICAL_DEGRADATION
2026-08-23T18:39:53.132448,4239.0,97.95,3.1,5.24,67.7,13.83,1501.3,22.52,DEGRADATION,MECHANICAL_DEGRADATION
2026-08-23T18:39:54.132448,4239.5,96.7,2.96,5.33,68.1,14.45,1504.3,22.18,DEGRADATION,MECHANICAL_DEGRADATION
2026-08-23T18:39:55.132448,4113.5,97.18,3.05,5.5,67.5,13.86,1504.1,21.38,DEGRADATION,MECHANICAL_DEGRADATION
2026-08-23T18:39:56.132448,4189.2,97.86,2.97,5.64,67.9,14.04,1528.9,22.08,DEGRADATION,MECHANICAL_DEGRADATION
2026-08-23T18:39:57.132448,4160.8,98.32,3.0,5.58,70.3,14.53,1519.3,21.41,DEGRADATION,MECHANICAL_DEGRADATION
2026-08-23T18:39:58.132448,4268.4,96.18,2.93,5.45,73.8,14.43,1483.1,22.43,DEGRADATION,MECHANICAL_DEGRADATION
2026-08-23T18:39:59.132448,4208.2,99.17,3.08,5.53,72.6,14.22,1522.2,21.88,DEGRADATION,MECHANICAL_DEGRADATION
2026-08-23T18:40:00.132448,4190.5,98.46,3.1,5.67,80.3,14.05,1497.6,22.7,DEGRADATION,MECHANICAL_DEGRADATION
2026-08-23T18:40:01.132448,4214.8,99.87,2.97,5.08,70.5,13.64,1505.3,21.55,DEGRADATION,MECHANICAL_DEGRADATION
2026-08-23T18:40:02.132448,4212.8,98.25,3.06,5.64,63.8,14.18,1508.9,20.9,DEGRADATION,MECHANICAL_DEGRADATION
2026-08-23T18:40:03.132448,4205.7,98.35,2.92,5.43,65.9,13.56,1495.9,21.27,DEGRADATION,MECHANICAL_DEGRADATION
2026-08-23T18:40:04.132448,4265.5,98.42,3.15,5.62,69.0,14.24,1471.6,22.78,DEGRADATION,MECHANICAL_DEGRADATION
2026-08-23T18:40:05.132448,4177.5,99.91,3.04,5.5,68.9,13.99,1508.4,22.28,DEGRADATION,MECHANICAL_DEGRADATION
2026-08-23T18:40:06.132448,4271.1,97.9,3.18,5.51,69.6,13.99,1489.1,21.69,DEGRADATION,MECHANICAL_DEGRADATION
2026-08-23T18:40:07.132448,4100.7,96.07,3.05,5.63,65.2,13.93,1510.9,22.93,DEGRADATION,MECHANICAL_DEGRADATION
2026-08-23T18:40:08.132448,4195.0,98.15,3.07,5.48,72.4,14.32,1501.1,21.55,DEGRADATION,MECHANICAL_DEGRADATION
2026-08-23T18:40:09.132448,4188.6,99.61,2.97,5.26,67.7,13.54,1518.0,23.03,DEGRADATION,MECHANICAL_DEGRADATION
2026-08-23T18:40:10.132448,4206.9,96.57,3.06,5.58,66.9,13.74,1506.6,22.82,DEGRADATION,MECHANICAL_DEGRADATION
2026-08-23T18:40:11.132448,4285.8,98.73,3.01,5.94,68.4,13.91,1503.5,22.38,DEGRADATION,MECHANICAL_DEGRADATION
2026-08-23T18:40:12.132448,4238.0,98.38,2.97,5.49,67.5,14.36,1508.2,21.19,DEGRADATION,MECHANICAL_DEGRADATION
2026-08-23T18:40:13.132448,4236.5,98.39,2.97,5.64,73.9,13.93,1492.8,21.7,DEGRADATION,MECHANICAL_DEGRADATION
2026-08-23T18:40:14.132448,4150.4,99.93,2.93,5.17,69.1,13.96,1508.2,21.92,DEGRADATION,MECHANICAL_DEGRADATION
2026-08-23T18:40:15.132448,4208.0,99.18,2.92,5.31,65.3,14.0,1508.9,22.15,DEGRADATION,MECHANICAL_DEGRADATION
2026-08-23T18:40:16.132448,4175.3,99.86,2.94,5.49,69.4,13.74,1502.9,21.72,DEGRADATION,MECHANICAL_DEGRADATION
2026-08-23T18:40:17.132448,4269.1,98.29,3.1,5.8,67.4,13.81,1524.4,22.34,DEGRADATION,MECHANICAL_DEGRADATION
2026-08-23T18:40:18.132448,4255.1,98.21,2.94,5.74,73.1,14.18,1496.0,22.07,DEGRADATION,MECHANICAL_DEGRADATION
2026-08-23T18:40:19.132448,4228.1,98.06,2.98,5.48,71.3,14.1,1469.2,21.39,DEGRADATION,MECHANICAL_DEGRADATION
2026-08-23T18:40:20.132448,4217.9,99.28,3.04,5.6,72.0,14.39,1467.5,21.76,DEGRADATION,MECHANICAL_DEGRADATION
2026-08-23T18:40:21.132448,4192.8,97.61,3.08,5.45,73.7,13.29,1473.8,22.12,DEGRADATION,MECHANICAL_DEGRADATION
2026-08-23T18:40:22.132448,4202.4,97.58,2.9,5.25,70.4,13.94,1484.4,21.89,DEGRADATION,MECHANICAL_DEGRADATION
2026-08-23T18:40:23.132448,4214.8,97.79,2.96,5.69,67.8,13.94,1508.2,22.74,DEGRADATION,MECHANICAL_DEGRADATION
2026-08-23T18:40:24.132448,4233.0,97.57,2.93,5.4,72.5,14.77,1471.7,20.47,DEGRADATION,MECHANICAL_DEGRADATION
2026-08-23T18:40:25.132448,4241.4,97.35,2.96,5.24,70.9,13.98,1470.0,21.89,DEGRADATION,MECHANICAL_DEGRADATION
2026-08-23T18:40:26.132448,4190.3,98.19,2.92,5.67,71.8,13.95,1501.6,22.41,DEGRADATION,MECHANICAL_DEGRADATION
2026-08-23T18:40:27.132448,4216.8,99.13,3.06,5.32,68.3,14.7,1490.8,22.07,DEGRADATION,MECHANICAL_DEGRADATION
2026-08-23T18:40:28.132448,4203.4,97.32,2.99,5.44,65.3,13.82,1498.2,22.47,DEGRADATION,MECHANICAL_DEGRADATION
2026-08-23T18:40:29.132448,4190.2,96.05,3.01,5.29,73.4,13.87,1493.5,22.14,DEGRADATION,MECHANICAL_DEGRADATION
2026-08-23T18:40:30.132448,4197.8,96.69,3.03,5.03,68.8,14.28,1494.1,20.97,DEGRADATION,MECHANICAL_DEGRADATION
2026-08-23T18:40:31.132448,4234.3,97.47,3.0,5.79,72.4,13.45,1499.4,22.52,DEGRADATION,MECHANICAL_DEGRADATION
2026-08-23T18:40:32.132448,4171.2,97.73,3.09,5.6,69.8,14.39,1493.3,22.56,DEGRADATION,MECHANICAL_DEGRADATION
2026-08-23T18:40:33.132448,4216.4,97.73,2.99,5.54,66.1,13.56,1523.6,20.87,DEGRADATION,MECHANICAL_DEGRADATION
2026-08-23T18:40:34.132448,4206.9,98.59,2.92,5.25,73.1,13.68,1506.6,22.47,DEGRADATION,MECHANICAL_DEGRADATION
2026-08-23T18:40:35.132448,4136.8,97.37,3.11,5.13,73.9,13.8,1490.9,21.58,DEGRADATION,MECHANICAL_DEGRADATION
2026-08-23T18:40:36.132448,4189.1,96.89,3.05,5.4,67.3,13.96,1477.9,21.91,DEGRADATION,MECHANICAL_DEGRADATION
2026-08-23T18:40:37.132448,4198.8,99.33,2.89,5.4,66.0,13.73,1512.7,22.33,DEGRADATION,MECHANICAL_DEGRADATION
2026-08-23T18:40:38.132448,4121.9,98.01,2.96,5.39,70.0,14.16,1503.7,22.37,DEGRADATION,MECHANICAL_DEGRADATION
2026-08-23T18:40:39.132448,4181.7,96.9,3.07,5.34,71.3,13.58,1511.9,21.74,DEGRADATION,MECHANICAL_DEGRADATION
2026-08-23T18:40:40.132448,4164.2,100.11,2.95,5.33,71.0,13.81,1505.6,22.63,DEGRADATION,MECHANICAL_DEGRADATION
2026-08-23T18:40:41.132448,4213.1,96.84,3.11,5.51,73.2,13.75,1513.4,22.05,DEGRADATION,MECHANICAL_DEGRADATION
2026-08-23T18:40:42.132448,4233.4,97.97,2.98,5.39,67.8,13.73,1546.9,22.49,DEGRADATION,MECHANICAL_DEGRADATION
2026-08-23T18:40:43.132448,4211.5,99.35,2.99,5.8,70.3,14.14,1527.7,20.87,DEGRADATION,MECHANICAL_DEGRADATION
2026-08-23T18:40:44.132448,4222.6,100.45,3.19,5.7,71.4,14.12,1497.2,21.37,DEGRADATION,MECHANICAL_DEGRADATION
2026-08-23T18:40:45.132448,4133.4,98.57,3.14,5.42,71.4,14.55,1524.4,21.81,DEGRADATION,MECHANICAL_DEGRADATION
2026-08-23T18:40:46.132448,4105.4,95.06,2.83,5.71,70.8,13.5,1487.2,22.12,DEGRADATION,MECHANICAL_DEGRADATION
2026-08-23T18:40:47.132448,4217.3,97.04,3.04,5.6,69.9,13.91,1520.1,22.37,DEGRADATION,MECHANICAL_DEGRADATION
2026-08-23T18:40:48.132448,4184.8,98.14,3.07,5.64,70.6,13.89,1500.9,21.98,DEGRADATION,MECHANICAL_DEGRADATION
2026-08-23T18:40:49.132448,4232.8,97.73,2.92,5.61,68.0,14.14,1482.8,22.12,DEGRADATION,MECHANICAL_DEGRADATION
2026-08-23T18:40:50.132448,4164.0,97.52,3.04,5.75,71.4,14.03,1490.5,22.52,DEGRADATION,MECHANICAL_DEGRADATION
2026-08-23T18:40:51.132448,4285.9,99.41,2.98,5.28,67.5,13.89,1531.9,22.16,DEGRADATION,MECHANICAL_DEGRADATION
2026-08-23T18:40:52.132448,4114.1,97.88,2.96,5.59,65.5,13.28,1510.1,22.55,DEGRADATION,MECHANICAL_DEGRADATION
2026-08-23T18:40:53.132448,4250.7,98.45,2.93,5.56,72.9,13.82,1476.8,22.42,DEGRADATION,MECHANICAL_DEGRADATION
2026-08-23T18:40:54.132448,4221.5,97.68,3.14,5.94,68.5,13.51,1536.4,21.83,DEGRADATION,MECHANICAL_DEGRADATION
2026-08-23T18:40:55.132448,4177.7,97.56,2.97,5.31,68.0,13.74,1481.4,22.13,DEGRADATION,MECHANICAL_DEGRADATION
2026-08-23T18:40:56.132448,4195.0,96.76,3.0,5.46,73.7,14.22,1492.1,23.02,DEGRADATION,MECHANICAL_DEGRADATION
2026-08-23T18:40:57.132448,4141.3,98.77,2.99,5.81,68.1,13.7,1502.8,21.68,DEGRADATION,MECHANICAL_DEGRADATION
2026-08-23T18:40:58.132448,4168.9,98.07,2.92,4.97,71.1,13.66,1510.5,22.03,DEGRADATION,MECHANICAL_DEGRADATION
2026-08-23T18:40:59.132448,4218.8,98.66,3.14,5.4,68.7,13.97,1503.0,22.69,DEGRADATION,MECHANICAL_DEGRADATION
2026-08-23T18:41:00.132448,4211.1,96.08,2.85,5.25,68.8,14.01,1496.2,22.35,DEGRADATION,MECHANICAL_DEGRADATION
2026-08-23T18:41:01.132448,4256.4,96.49,2.97,5.36,70.9,13.83,1510.5,21.67,DEGRADATION,MECHANICAL_DEGRADATION
2026-08-23T18:41:02.132448,4193.1,99.23,3.06,5.21,70.5,13.95,1514.9,21.94,DEGRADATION,MECHANICAL_DEGRADATION
2026-08-23T18:41:03.132448,4264.0,97.51,2.91,5.5,74.5,13.57,1472.1,22.78,DEGRADATION,MECHANICAL_DEGRADATION
2026-08-23T18:41:04.132448,4258.7,97.93,3.04,5.66,69.7,14.0,1489.1,21.78,DEGRADATION,MECHANICAL_DEGRADATION
2026-08-23T18:41:05.132448,4228.7,97.46,3.24,5.69,72.0,13.62,1483.7,22.12,DEGRADATION,MECHANICAL_DEGRADATION
2026-08-23T18:41:06.132448,4167.3,97.84,3.04,5.44,69.3,13.96,1510.2,21.81,DEGRADATION,MECHANICAL_DEGRADATION
2026-08-23T18:41:07.132448,4221.3,99.99,3.06,5.61,72.5,14.08,1522.8,22.57,DEGRADATION,MECHANICAL_DEGRADATION
2026-08-23T18:41:08.132448,4209.2,99.13,3.02,5.44,69.7,13.94,1506.5,21.79,DEGRADATION,MECHANICAL_DEGRADATION
2026-08-23T18:41:09.132448,4219.4,97.09,2.97,5.19,68.4,14.12,1480.0,22.03,DEGRADATION,MECHANICAL_DEGRADATION
2026-08-23T18:41:10.132448,4213.8,98.16,3.01,5.44,70.7,14.19,1500.1,21.92,DEGRADATION,MECHANICAL_DEGRADATION
2026-08-23T18:41:11.132448,4192.3,97.53,3.04,5.69,67.3,13.76,1501.1,22.78,DEGRADATION,MECHANICAL_DEGRADATION
2026-08-23T18:41:12.132448,4072.8,98.25,3.02,5.72,69.9,13.38,1489.8,22.84,DEGRADATION,MECHANICAL_DEGRADATION
2026-08-23T18:41:13.132448,4199.0,98.81,2.89,4.97,70.5,13.92,1477.2,22.38,DEGRADATION,MECHANICAL_DEGRADATION
2026-08-23T18:41:14.132448,4210.8,95.82,3.03,5.5,67.7,13.98,1484.4,21.44,DEGRADATION,MECHANICAL_DEGRADATION
2026-08-23T18:41:15.132448,4193.1,98.09,2.92,5.66,68.2,14.0,1491.6,21.45,DEGRADATION,MECHANICAL_DEGRADATION
2026-08-23T18:41:16.132448,4164.3,96.92,3.0,5.89,69.0,14.04,1497.8,22.92,DEGRADATION,MECHANICAL_DEGRADATION
2026-08-23T18:41:17.132448,4141.9,98.87,3.02,5.72,67.2,14.22,1492.5,21.06,DEGRADATION,MECHANICAL_DEGRADATION
2026-08-23T18:41:18.132448,4191.2,98.06,3.14,5.23,70.1,13.69,1530.6,21.94,DEGRADATION,MECHANICAL_DEGRADATION
2026-08-23T18:41:19.132448,4236.8,97.47,2.96,5.42,70.7,14.32,1497.3,22.24,DEGRADATION,MECHANICAL_DEGRADATION
2026-08-23T18:41:20.132448,4280.9,98.11,3.06,5.6,72.5,14.17,1498.2,21.61,DEGRADATION,MECHANICAL_DEGRADATION
2026-08-23T18:41:21.132448,4187.5,97.99,3.17,5.17,68.0,13.91,1484.3,22.16,DEGRADATION,MECHANICAL_DEGRADATION
2026-08-23T18:41:22.132448,4217.3,98.1,3.1,5.68,71.9,13.77,1496.2,22.18,DEGRADATION,MECHANICAL_DEGRADATION
2026-08-23T18:41:23.132448,4140.2,98.05,2.99,5.93,72.2,13.94,1517.4,21.55,DEGRADATION,MECHANICAL_DEGRADATION
2026-08-23T18:41:24.132448,4164.2,98.67,2.99,5.53,67.9,13.84,1490.4,21.46,DEGRADATION,MECHANICAL_DEGRADATION
2026-08-23T18:41:25.132448,4144.0,98.06,3.04,5.5,65.8,13.85,1510.2,22.51,DEGRADATION,MECHANICAL_DEGRADATION
2026-08-23T18:41:26.132448,4177.3,100.96,2.91,5.19,71.4,13.48,1508.3,21.85,DEGRADATION,MECHANICAL_DEGRADATION
2026-08-23T18:41:27.132448,4239.9,98.57,2.98,5.66,74.8,14.46,1510.1,22.6,DEGRADATION,MECHANICAL_DEGRADATION
2026-08-23T18:41:28.132448,4201.1,98.02,3.07,5.45,69.2,13.87,1499.2,23.04,DEGRADATION,MECHANICAL_DEGRADATION
2026-08-23T18:41:29.132448,4216.9,99.26,2.91,5.56,67.9,13.88,1509.7,22.02,DEGRADATION,MECHANICAL_DEGRADATION
2026-08-23T18:41:30.132448,4264.1,97.18,3.11,5.72,69.2,13.75,1490.1,21.77,DEGRADATION,MECHANICAL_DEGRADATION
2026-08-23T18:41:31.132448,4204.2,97.85,3.06,5.67,66.3,13.95,1496.9,21.46,DEGRADATION,MECHANICAL_DEGRADATION
2026-08-23T18:41:32.132448,4168.7,100.77,3.07,5.62,64.3,14.06,1538.9,22.6,DEGRADATION,MECHANICAL_DEGRADATION
2026-08-23T18:41:33.132448,4191.6,98.04,2.98,5.72,71.0,13.74,1494.2,21.71,DEGRADATION,MECHANICAL_DEGRADATION
2026-08-23T18:41:34.132448,4154.4,98.21,3.03,5.54,71.5,14.03,1463.7,22.62,DEGRADATION,MECHANICAL_DEGRADATION
2026-08-23T18:41:35.132448,4178.4,96.61,2.9,5.23,70.6,13.96,1499.6,21.75,DEGRADATION,MECHANICAL_DEGRADATION
2026-08-23T18:41:36.132448,4209.7,97.16,2.92,5.23,73.1,13.6,1517.1,21.5,DEGRADATION,MECHANICAL_DEGRADATION
2026-08-23T18:41:37.132448,4191.7,96.93,3.01,5.71,70.4,14.13,1490.4,21.86,DEGRADATION,MECHANICAL_DEGRADATION
2026-08-23T18:41:38.132448,4204.1,97.39,3.1,5.64,71.0,13.94,1506.2,21.45,DEGRADATION,MECHANICAL_DEGRADATION
2026-08-23T18:41:39.132448,4160.1,96.09,3.02,5.54,71.5,13.93,1492.2,21.57,DEGRADATION,MECHANICAL_DEGRADATION
2026-08-23T18:41:40.132448,4207.8,98.47,2.93,5.62,72.9,14.24,1499.8,21.94,DEGRADATION,MECHANICAL_DEGRADATION
2026-08-23T18:41:41.132448,4177.4,99.83,3.07,5.26,66.8,14.1,1493.6,22.18,DEGRADATION,MECHANICAL_DEGRADATION
2026-08-23T18:41:42.132448,4172.0,100.94,2.86,5.2,68.5,13.83,1488.4,21.94,DEGRADATION,MECHANICAL_DEGRADATION
2026-08-23T18:41:43.132448,4251.8,98.27,3.06,5.13,71.0,14.08,1484.3,21.95,DEGRADATION,MECHANICAL_DEGRADATION
2026-08-23T18:41:44.132448,4203.3,97.52,3.0,5.06,70.4,13.74,1489.4,21.63,DEGRADATION,MECHANICAL_DEGRADATION
2026-08-23T18:41:45.132448,4207.9,98.78,2.97,5.65,67.1,13.77,1478.2,22.18,DEGRADATION,MECHANICAL_DEGRADATION
2026-08-23T18:41:46.132448,4256.7,98.02,3.18,5.81,67.1,13.79,1514.5,22.58,DEGRADATION,MECHANICAL_DEGRADATION
2026-08-23T18:41:47.132448,4236.0,97.92,2.96,5.31,72.5,14.16,1488.8,23.23,DEGRADATION,MECHANICAL_DEGRADATION
2026-08-23T18:41:48.132448,4189.3,98.83,2.9,5.73,65.7,14.54,1482.6,22.8,DEGRADATION,MECHANICAL_DEGRADATION
2026-08-23T18:41:49.132448,4221.9,97.94,2.92,5.35,70.9,13.66,1524.4,22.21,DEGRADATION,MECHANICAL_DEGRADATION
2026-08-23T18:41:50.132448,4164.1,96.43,3.18,5.8,71.1,14.22,1482.7,22.11,DEGRADATION,MECHANICAL_DEGRADATION
2026-08-23T18:41:51.132448,4160.5,100.0,2.89,5.72,71.5,13.8,1541.2,23.04,DEGRADATION,MECHANICAL_DEGRADATION
2026-08-23T18:41:52.132448,4175.4,96.85,3.0,5.85,68.4,13.97,1528.3,21.61,DEGRADATION,MECHANICAL_DEGRADATION
2026-08-23T18:41:53.132448,4234.1,98.57,2.92,5.19,72.4,13.81,1524.9,22.4,DEGRADATION,MECHANICAL_DEGRADATION
2026-08-23T18:41:54.132448,4188.7,97.85,2.88,5.68,67.2,13.67,1525.2,21.81,DEGRADATION,MECHANICAL_DEGRADATION
2026-08-23T18:41:55.132448,4224.9,96.89,2.98,5.21,76.0,13.83,1505.2,21.69,DEGRADATION,MECHANICAL_DEGRADATION
2026-08-23T18:41:56.132448,4194.0,99.29,2.96,5.2,68.5,14.01,1521.6,21.85,DEGRADATION,MECHANICAL_DEGRADATION
2026-08-23T18:41:57.132448,4235.9,97.74,2.98,5.34,70.8,13.9,1501.1,22.06,DEGRADATION,MECHANICAL_DEGRADATION
2026-08-23T18:41:58.132448,4258.9,95.74,2.72,5.26,72.5,13.83,1488.5,21.78,DEGRADATION,MECHANICAL_DEGRADATION
2026-08-23T18:41:59.132448,4204.7,95.65,2.91,5.57,66.6,13.85,1482.6,22.21,DEGRADATION,MECHANICAL_DEGRADATION
2026-08-23T18:42:00.132448,4169.1,98.81,3.09,5.92,66.3,14.25,1493.2,22.25,DEGRADATION,MECHANICAL_DEGRADATION
2026-08-23T18:42:01.132448,4252.8,97.24,3.05,5.28,70.3,14.13,1505.5,21.77,DEGRADATION,MECHANICAL_DEGRADATION
2026-08-23T18:42:02.132448,4221.0,96.75,2.96,5.67,74.3,13.45,1489.5,22.64,DEGRADATION,MECHANICAL_DEGRADATION
2026-08-23T18:42:03.132448,4169.2,99.35,2.93,5.88,73.3,14.1,1483.3,22.61,DEGRADATION,MECHANICAL_DEGRADATION
2026-08-23T18:42:04.132448,4213.9,98.33,2.89,5.64,73.2,14.21,1483.5,22.61,DEGRADATION,MECHANICAL_DEGRADATION
2026-08-23T18:42:05.132448,4219.8,97.88,3.08,5.36,69.5,13.79,1503.8,23.01,DEGRADATION,MECHANICAL_DEGRADATION
2026-08-23T18:42:06.132448,4191.2,95.29,2.86,5.31,73.7,13.78,1487.5,22.53,DEGRADATION,MECHANICAL_DEGRADATION
2026-08-23T18:42:07.132448,4153.7,97.75,3.03,5.69,71.6,13.85,1518.0,21.48,DEGRADATION,MECHANICAL_DEGRADATION
2026-08-23T18:42:08.132448,4227.1,99.27,2.9,5.56,71.5,13.92,1547.8,21.72,DEGRADATION,MECHANICAL_DEGRADATION
2026-08-23T18:42:09.132448,4279.3,96.04,2.98,5.64,66.8,14.02,1523.1,21.87,DEGRADATION,MECHANICAL_DEGRADATION
2026-08-23T18:42:10.132448,4153.9,95.87,3.08,5.42,68.1,14.25,1501.1,22.78,DEGRADATION,MECHANICAL_DEGRADATION
2026-08-23T18:42:11.132448,4219.3,98.11,3.11,5.4,64.7,13.5,1501.0,22.37,DEGRADATION,MECHANICAL_DEGRADATION
2026-08-23T18:42:12.132448,4170.8,98.67,2.92,5.69,69.4,14.02,1492.2,21.36,DEGRADATION,MECHANICAL_DEGRADATION
2026-08-23T18:42:13.132448,4182.2,99.51,2.99,5.51,70.9,14.79,1496.7,22.2,DEGRADATION,MECHANICAL_DEGRADATION
2026-08-23T18:42:14.132448,4271.2,97.47,3.0,5.55,71.6,14.43,1513.1,21.9,DEGRADATION,MECHANICAL_DEGRADATION
2026-08-23T18:42:15.132448,4227.4,98.23,3.03,5.44,74.8,14.72,1493.1,22.15,DEGRADATION,MECHANICAL_DEGRADATION
2026-08-23T18:42:16.132448,4139.4,95.41,3.12,5.86,70.4,13.52,1515.3,22.08,DEGRADATION,MECHANICAL_DEGRADATION
2026-08-23T18:42:17.132448,4202.6,95.71,3.0,5.58,70.9,13.79,1493.0,21.11,DEGRADATION,MECHANICAL_DEGRADATION
2026-08-23T18:42:18.132448,4193.0,97.71,3.0,5.63,64.6,14.28,1499.2,22.08,DEGRADATION,MECHANICAL_DEGRADATION
2026-08-23T18:42:19.132448,4255.9,97.91,2.98,5.82,66.1,14.46,1511.9,21.32,DEGRADATION,MECHANICAL_DEGRADATION
2026-08-23T18:42:20.132448,4200.9,100.27,2.98,5.27,65.5,14.42,1487.2,21.76,DEGRADATION,MECHANICAL_DEGRADATION
2026-08-23T18:42:21.132448,4191.4,97.22,3.01,5.28,65.1,13.97,1479.1,21.47,DEGRADATION,MECHANICAL_DEGRADATION
2026-08-23T18:42:22.132448,4150.6,96.59,2.95,5.72,72.7,14.0,1506.0,21.94,DEGRADATION,MECHANICAL_DEGRADATION
2026-08-23T18:42:23.132448,4198.5,98.14,3.0,5.2,66.5,13.99,1520.9,21.73,DEGRADATION,MECHANICAL_DEGRADATION
2026-08-23T18:42:24.132448,4162.2,100.15,3.03,5.29,67.3,14.32,1486.6,21.81,DEGRADATION,MECHANICAL_DEGRADATION
2026-08-23T18:42:25.132448,4182.8,98.49,2.96,5.77,71.1,13.88,1506.0,21.83,DEGRADATION,MECHANICAL_DEGRADATION
2026-08-23T18:42:26.132448,4189.2,96.5,2.96,5.42,73.2,14.37,1509.5,22.17,DEGRADATION,MECHANICAL_DEGRADATION
2026-08-23T18:42:27.132448,4225.3,98.91,3.02,5.61,68.7,13.78,1492.2,23.0,DEGRADATION,MECHANICAL_DEGRADATION
2026-08-23T18:42:28.132448,4104.6,97.28,3.06,5.73,69.8,14.04,1501.2,22.05,DEGRADATION,MECHANICAL_DEGRADATION
2026-08-23T18:42:29.132448,4188.6,97.78,3.04,5.49,67.4,13.87,1505.4,21.9,DEGRADATION,MECHANICAL_DEGRADATION
2026-08-23T18:42:30.132448,4185.4,97.95,2.98,5.67,74.5,13.73,1506.6,20.88,DEGRADATION,MECHANICAL_DEGRADATION
2026-08-23T18:42:31.132448,4208.1,96.73,3.14,5.85,75.3,14.09,1510.4,22.03,DEGRADATION,MECHANICAL_DEGRADATION
2026-08-23T18:42:32.132448,4191.6,98.27,2.93,5.43,69.3,14.69,1517.9,21.36,DEGRADATION,MECHANICAL_DEGRADATION
2026-08-23T18:42:33.132448,4177.9,99.28,2.94,5.09,68.7,13.94,1503.0,21.74,DEGRADATION,MECHANICAL_DEGRADATION
2026-08-23T18:42:34.132448,4216.1,99.49,3.06,5.74,64.8,14.44,1496.1,22.26,DEGRADATION,MECHANICAL_DEGRADATION
2026-08-23T18:42:35.132448,4277.8,97.04,2.95,5.67,67.1,14.26,1494.1,22.4,DEGRADATION,MECHANICAL_DEGRADATION
2026-08-23T18:42:36.132448,4147.8,96.65,2.96,5.52,65.0,13.94,1514.5,22.57,DEGRADATION,MECHANICAL_DEGRADATION
2026-08-23T18:42:37.132448,4223.3,97.62,2.97,5.65,68.4,13.96,1507.4,21.61,DEGRADATION,MECHANICAL_DEGRADATION
2026-08-23T18:42:38.132448,4201.7,96.39,3.07,5.04,69.4,14.31,1520.9,21.55,DEGRADATION,MECHANICAL_DEGRADATION
2026-08-23T18:42:39.132448,4173.2,97.13,2.99,5.51,62.7,14.39,1504.2,20.93,DEGRADATION,MECHANICAL_DEGRADATION
2026-08-23T18:42:40.132448,4203.0,94.33,3.19,5.4,72.4,14.1,1485.9,22.12,DEGRADATION,MECHANICAL_DEGRADATION
2026-08-23T18:42:41.132448,4209.3,97.83,3.03,5.57,71.4,13.28,1519.0,22.3,DEGRADATION,MECHANICAL_DEGRADATION
2026-08-23T18:42:42.132448,4257.5,100.13,3.1,5.35,74.9,13.81,1494.7,21.47,DEGRADATION,MECHANICAL_DEGRADATION
2026-08-23T18:42:43.132448,4219.7,98.51,3.0,5.43,67.9,13.91,1516.3,21.67,DEGRADATION,MECHANICAL_DEGRADATION
2026-08-23T18:42:44.132448,4205.5,97.82,3.02,5.52,76.4,13.83,1514.0,21.57,DEGRADATION,MECHANICAL_DEGRADATION
2026-08-23T18:42:45.132448,4306.5,99.3,3.07,5.61,72.7,13.91,1532.9,22.21,DEGRADATION,MECHANICAL_DEGRADATION
2026-08-23T18:42:46.132448,4193.5,99.67,2.95,5.64,71.1,13.54,1470.6,21.51,DEGRADATION,MECHANICAL_DEGRADATION
2026-08-23T18:42:47.132448,4155.5,98.12,2.87,5.37,66.6,13.94,1492.6,21.77,DEGRADATION,MECHANICAL_DEGRADATION
2026-08-23T18:42:48.132448,4224.7,97.67,3.01,5.81,65.5,13.92,1509.1,22.55,DEGRADATION,MECHANICAL_DEGRADATION
2026-08-23T18:42:49.132448,4227.0,97.61,2.96,5.2,67.7,13.47,1477.7,22.15,DEGRADATION,MECHANICAL_DEGRADATION
2026-08-23T18:42:50.132448,4146.2,97.04,3.04,5.36,65.0,13.94,1498.1,22.6,DEGRADATION,MECHANICAL_DEGRADATION
2026-08-23T18:42:51.132448,4219.4,96.63,3.05,5.28,69.1,13.59,1516.4,21.59,DEGRADATION,MECHANICAL_DEGRADATION
2026-08-23T18:42:52.132448,4194.9,98.83,2.97,5.46,74.3,14.6,1472.1,21.65,DEGRADATION,MECHANICAL_DEGRADATION
2026-08-23T18:42:53.132448,4232.1,96.18,2.92,5.58,68.7,14.14,1509.0,22.15,DEGRADATION,MECHANICAL_DEGRADATION
2026-08-23T18:42:54.132448,4231.0,97.15,3.09,5.56,72.3,13.93,1479.1,21.52,DEGRADATION,MECHANICAL_DEGRADATION
2026-08-23T18:42:55.132448,4277.0,98.58,2.98,5.43,67.0,14.37,1512.5,21.49,DEGRADATION,MECHANICAL_DEGRADATION
2026-08-23T18:42:56.132448,4205.8,98.13,2.89,5.69,66.7,14.35,1494.0,21.18,DEGRADATION,MECHANICAL_DEGRADATION
2026-08-23T18:42:57.132448,4253.4,98.7,2.86,5.73,65.4,14.51,1486.6,22.14,DEGRADATION,MECHANICAL_DEGRADATION
2026-08-23T18:42:58.132448,4197.3,98.56,3.05,5.17,67.9,13.86,1496.5,21.26,DEGRADATION,MECHANICAL_DEGRADATION
2026-08-23T18:42:59.132448,4215.5,97.92,2.9,5.63,69.2,14.09,1478.9,22.62,DEGRADATION,MECHANICAL_DEGRADATION
2026-08-23T18:43:00.132448,4130.5,96.51,3.06,5.37,68.8,14.09,1509.2,22.01,DEGRADATION,MECHANICAL_DEGRADATION
2026-08-23T18:43:01.132448,4277.4,97.11,3.04,5.54,71.0,14.48,1489.4,22.02,DEGRADATION,MECHANICAL_DEGRADATION
2026-08-23T18:43:02.132448,4214.8,98.7,2.89,5.4,76.4,14.57,1479.1,21.94,DEGRADATION,MECHANICAL_DEGRADATION
2026-08-23T18:43:03.132448,4205.7,98.91,3.02,5.51,68.6,14.02,1467.6,21.74,DEGRADATION,MECHANICAL_DEGRADATION
2026-08-23T18:43:04.132448,4121.2,95.21,2.92,5.37,71.1,14.1,1516.3,21.44,DEGRADATION,MECHANICAL_DEGRADATION
2026-08-23T18:43:05.132448,4210.5,96.59,2.89,5.42,73.1,14.21,1518.5,22.16,DEGRADATION,MECHANICAL_DEGRADATION
2026-08-23T18:43:06.132448,4145.5,96.72,3.09,5.46,76.8,13.99,1493.8,22.44,DEGRADATION,MECHANICAL_DEGRADATION
2026-08-23T18:43:07.132448,4200.6,98.31,2.91,5.58,67.4,13.35,1514.9,21.55,DEGRADATION,MECHANICAL_DEGRADATION
2026-08-23T18:43:08.132448,4114.2,98.69,2.97,5.57,70.1,14.21,1498.1,22.39,DEGRADATION,MECHANICAL_DEGRADATION
2026-08-23T18:43:09.132448,4202.2,99.53,2.92,5.6,70.3,14.63,1508.4,21.42,DEGRADATION,MECHANICAL_DEGRADATION
2026-08-23T18:43:10.132448,4167.4,98.85,2.84,5.77,68.8,13.57,1487.9,21.43,DEGRADATION,MECHANICAL_DEGRADATION
2026-08-23T18:43:11.132448,4247.5,98.42,3.0,5.25,66.0,14.23,1502.9,22.7,DEGRADATION,MECHANICAL_DEGRADATION
2026-08-23T18:43:12.132448,4153.5,98.72,3.06,5.25,73.7,13.8,1498.7,22.51,DEGRADATION,MECHANICAL_DEGRADATION
2026-08-23T18:43:13.132448,4239.1,98.26,2.93,5.55,73.2,13.92,1493.7,22.85,DEGRADATION,MECHANICAL_DEGRADATION
2026-08-23T18:43:14.132448,4217.3,96.95,3.03,5.2,69.1,13.85,1499.7,22.3,DEGRADATION,MECHANICAL_DEGRADATION
2026-08-23T18:43:15.132448,4177.6,96.43,2.9,5.59,69.7,13.89,1500.3,22.04,DEGRADATION,MECHANICAL_DEGRADATION
2026-08-23T18:43:16.132448,4193.9,98.99,2.86,5.86,65.2,14.09,1495.4,22.6,DEGRADATION,MECHANICAL_DEGRADATION
2026-08-23T18:43:17.132448,4194.0,97.41,2.98,5.66,73.1,14.27,1479.6,21.67,DEGRADATION,MECHANICAL_DEGRADATION
2026-08-23T18:43:18.132448,4220.1,98.65,2.98,5.47,69.9,14.21,1505.7,22.13,DEGRADATION,MECHANICAL_DEGRADATION
2026-08-23T18:43:19.132448,4207.0,97.07,2.96,5.15,74.6,14.57,1514.8,21.5,DEGRADATION,MECHANICAL_DEGRADATION
2026-08-23T18:43:20.132448,4176.3,98.8,2.87,5.65,71.4,13.95,1518.7,22.27,DEGRADATION,MECHANICAL_DEGRADATION
2026-08-23T18:43:21.132448,4201.9,96.72,2.95,5.51,68.3,13.79,1509.0,21.84,DEGRADATION,MECHANICAL_DEGRADATION
2026-08-23T18:43:22.132448,4289.4,98.04,2.94,5.45,65.8,14.03,1493.4,23.34,DEGRADATION,MECHANICAL_DEGRADATION
2026-08-23T18:43:23.132448,4227.5,97.96,3.09,5.75,68.4,13.92,1479.0,21.98,DEGRADATION,MECHANICAL_DEGRADATION
2026-08-23T18:43:24.132448,4221.1,98.69,2.96,5.53,66.0,14.42,1528.4,22.48,DEGRADATION,MECHANICAL_DEGRADATION
2026-08-23T18:43:25.132448,4281.9,98.61,2.97,5.28,72.2,14.08,1486.2,21.5,DEGRADATION,MECHANICAL_DEGRADATION
2026-08-23T18:43:26.132448,4229.3,97.77,2.85,5.52,68.0,13.99,1512.7,22.03,DEGRADATION,MECHANICAL_DEGRADATION
2026-08-23T18:43:27.132448,4201.8,97.33,2.97,5.75,74.0,14.33,1506.2,23.01,DEGRADATION,MECHANICAL_DEGRADATION
2026-08-23T18:43:28.132448,4226.7,98.3,2.89,5.56,69.9,14.07,1479.5,22.76,DEGRADATION,MECHANICAL_DEGRADATION
2026-08-23T18:43:29.132448,4241.9,97.86,3.07,5.51,70.2,14.0,1478.1,21.86,DEGRADATION,MECHANICAL_DEGRADATION
2026-08-23T18:43:30.132448,4313.0,97.53,3.14,5.9,75.6,13.98,1522.9,21.89,DEGRADATION,MECHANICAL_DEGRADATION
2026-08-23T18:43:31.132448,4231.6,97.42,2.99,5.44,75.1,14.01,1492.8,22.11,DEGRADATION,MECHANICAL_DEGRADATION
2026-08-23T18:43:32.132448,4193.9,97.82,3.24,5.19,71.0,13.73,1505.4,22.21,DEGRADATION,MECHANICAL_DEGRADATION
2026-08-23T18:43:33.132448,4147.6,96.51,3.16,5.91,68.6,14.46,1522.9,22.58,DEGRADATION,MECHANICAL_DEGRADATION
2026-08-23T18:43:34.132448,4213.9,100.71,3.04,5.48,70.8,14.33,1506.2,21.52,DEGRADATION,MECHANICAL_DEGRADATION
2026-08-23T18:43:35.132448,4201.9,98.26,3.13,5.22,70.9,13.69,1487.6,22.17,DEGRADATION,MECHANICAL_DEGRADATION
2026-08-23T18:43:36.132448,4207.6,99.46,2.93,5.37,69.6,13.7,1513.3,22.49,DEGRADATION,MECHANICAL_DEGRADATION
2026-08-23T18:43:37.132448,4161.5,96.99,2.91,5.58,67.2,13.7,1522.3,23.02,DEGRADATION,MECHANICAL_DEGRADATION
2026-08-23T18:43:38.132448,4203.2,97.47,2.93,5.79,74.5,14.49,1481.7,21.31,DEGRADATION,MECHANICAL_DEGRADATION
2026-08-23T18:43:39.132448,4205.9,98.52,2.89,5.3,75.9,14.17,1504.3,21.67,DEGRADATION,MECHANICAL_DEGRADATION
2026-08-23T18:43:40.132448,4212.3,100.56,2.99,5.67,70.3,13.99,1503.2,21.64,DEGRADATION,MECHANICAL_DEGRADATION
2026-08-23T18:43:41.132448,4211.1,99.13,3.15,5.39,71.6,13.6,1498.3,21.88,DEGRADATION,MECHANICAL_DEGRADATION
2026-08-23T18:43:42.132448,4235.9,99.61,2.93,5.77,72.1,14.37,1511.9,22.4,DEGRADATION,MECHANICAL_DEGRADATION
2026-08-23T18:43:43.132448,4127.4,97.72,2.87,5.48,66.8,14.43,1491.2,22.37,DEGRADATION,MECHANICAL_DEGRADATION
2026-08-23T18:43:44.132448,4095.7,100.16,3.11,5.52,75.7,13.95,1514.8,22.11,DEGRADATION,MECHANICAL_DEGRADATION
2026-08-23T18:43:45.132448,4211.7,99.43,2.98,5.85,65.0,14.34,1505.5,22.45,DEGRADATION,MECHANICAL_DEGRADATION
2026-08-23T18:43:46.132448,4204.1,95.83,3.01,5.32,70.2,14.32,1517.2,23.14,DEGRADATION,MECHANICAL_DEGRADATION
2026-08-23T18:43:47.132448,4228.7,99.27,3.0,5.53,67.3,14.37,1486.2,21.09,DEGRADATION,MECHANICAL_DEGRADATION
2026-08-23T18:43:48.132448,4191.6,97.69,2.93,5.66,66.3,13.87,1495.6,22.4,DEGRADATION,MECHANICAL_DEGRADATION
2026-08-23T18:43:49.132448,4190.6,98.75,3.01,5.56,75.5,13.93,1511.2,22.01,DEGRADATION,MECHANICAL_DEGRADATION
2026-08-23T18:43:50.132448,4198.7,99.78,2.97,5.71,72.8,13.76,1516.6,22.57,DEGRADATION,MECHANICAL_DEGRADATION
2026-08-23T18:43:51.132448,4163.0,96.99,3.05,5.49,71.6,14.24,1486.9,22.1,DEGRADATION,MECHANICAL_DEGRADATION
2026-08-23T18:43:52.132448,4160.9,97.12,3.0,5.39,62.8,13.92,1498.4,22.11,DEGRADATION,MECHANICAL_DEGRADATION
2026-08-23T18:43:53.132448,4226.3,98.79,3.11,5.36,70.3,13.9,1496.3,21.38,DEGRADATION,MECHANICAL_DEGRADATION
2026-08-23T18:43:54.132448,4221.2,97.66,3.02,5.54,68.9,14.35,1473.3,22.96,DEGRADATION,MECHANICAL_DEGRADATION
2026-08-23T18:43:55.132448,4211.5,98.55,3.13,5.52,67.3,14.07,1494.0,21.98,DEGRADATION,MECHANICAL_DEGRADATION
2026-08-23T18:43:56.132448,4162.3,96.59,3.18,5.45,75.0,14.4,1490.3,22.36,DEGRADATION,MECHANICAL_DEGRADATION
2026-08-23T18:43:57.132448,4244.4,98.8,3.04,5.46,66.1,13.8,1497.9,21.84,DEGRADATION,MECHANICAL_DEGRADATION
2026-08-23T18:43:58.132448,4198.8,99.73,2.94,5.59,67.3,14.13,1499.3,21.51,DEGRADATION,MECHANICAL_DEGRADATION
2026-08-23T18:43:59.132448,4176.7,97.53,2.94,5.48,65.1,13.82,1501.6,21.7,DEGRADATION,MECHANICAL_DEGRADATION
2026-08-23T18:44:00.132448,4233.2,98.41,2.98,5.38,73.2,13.97,1523.5,21.85,DEGRADATION,MECHANICAL_DEGRADATION
2026-08-23T18:44:01.132448,4177.4,98.92,3.06,5.53,67.6,14.41,1487.5,22.58,DEGRADATION,MECHANICAL_DEGRADATION
2026-08-23T18:44:02.132448,4248.0,98.07,3.08,5.31,66.7,13.86,1509.6,22.06,DEGRADATION,MECHANICAL_DEGRADATION
2026-08-23T18:44:03.132448,4138.6,97.97,2.99,5.4,65.3,13.83,1514.0,21.63,DEGRADATION,MECHANICAL_DEGRADATION
2026-08-23T18:44:04.132448,4236.8,98.32,2.85,5.41,71.4,14.21,1520.3,21.54,DEGRADATION,MECHANICAL_DEGRADATION
2026-08-23T18:44:05.132448,4278.7,98.19,2.79,5.45,68.5,14.28,1494.8,22.98,DEGRADATION,MECHANICAL_DEGRADATION
2026-08-23T18:44:06.132448,4224.2,99.45,2.99,5.44,74.3,13.77,1495.9,22.98,DEGRADATION,MECHANICAL_DEGRADATION
2026-08-23T18:44:07.132448,4240.6,99.53,3.05,5.35,70.7,13.8,1537.6,21.26,DEGRADATION,MECHANICAL_DEGRADATION
2026-08-23T18:44:08.132448,4108.0,99.52,3.01,5.89,64.7,13.94,1495.0,21.81,DEGRADATION,MECHANICAL_DEGRADATION
2026-08-23T18:44:09.132448,4204.4,97.06,2.97,5.72,71.2,14.2,1501.0,21.45,DEGRADATION,MECHANICAL_DEGRADATION
2026-08-23T18:44:10.132448,4253.9,97.92,3.08,5.47,70.8,14.16,1523.9,22.35,DEGRADATION,MECHANICAL_DEGRADATION
2026-08-23T18:44:11.132448,4227.4,97.33,3.02,5.4,69.4,14.3,1507.8,22.31,DEGRADATION,MECHANICAL_DEGRADATION
2026-08-23T18:44:12.132448,4195.6,98.45,2.98,5.7,72.6,14.21,1509.2,22.56,DEGRADATION,MECHANICAL_DEGRADATION
2026-08-23T18:44:13.132448,4212.9,98.0,3.08,5.74,70.5,13.9,1505.4,21.94,DEGRADATION,MECHANICAL_DEGRADATION
2026-08-23T18:44:14.132448,4291.5,99.34,2.89,5.44,65.8,13.87,1472.6,21.45,DEGRADATION,MECHANICAL_DEGRADATION
2026-08-23T18:44:15.132448,4180.0,98.92,3.21,5.33,68.0,14.18,1505.1,22.07,DEGRADATION,MECHANICAL_DEGRADATION
2026-08-23T18:44:16.132448,4184.3,97.63,3.05,5.62,72.5,14.09,1484.5,21.87,DEGRADATION,MECHANICAL_DEGRADATION
2026-08-23T18:44:17.132448,4175.7,101.79,2.92,5.81,68.8,13.8,1509.4,22.44,DEGRADATION,MECHANICAL_DEGRADATION
2026-08-23T18:44:18.132448,4176.3,99.17,2.96,5.35,68.2,13.72,1486.1,21.57,DEGRADATION,MECHANICAL_DEGRADATION
2026-08-23T18:44:19.132448,4235.6,96.72,2.96,5.81,68.2,14.19,1498.1,22.04,DEGRADATION,MECHANICAL_DEGRADATION
2026-08-23T18:44:20.132448,4185.1,98.87,3.05,5.4,69.1,13.9,1505.3,22.95,DEGRADATION,MECHANICAL_DEGRADATION
2026-08-23T18:44:21.132448,4202.4,98.38,3.11,5.42,73.3,13.36,1491.1,21.31,DEGRADATION,MECHANICAL_DEGRADATION
2026-08-23T18:44:22.132448,4193.8,97.36,2.85,5.56,71.6,14.18,1480.0,22.09,DEGRADATION,MECHANICAL_DEGRADATION
2026-08-23T18:44:23.132448,4228.6,97.72,2.98,5.53,69.2,13.88,1471.0,21.82,DEGRADATION,MECHANICAL_DEGRADATION
2026-08-23T18:44:24.132448,4238.2,99.18,2.92,5.4,70.8,13.61,1465.5,22.36,DEGRADATION,MECHANICAL_DEGRADATION
2026-08-23T18:44:25.132448,4197.8,96.79,3.02,5.54,65.0,13.68,1484.5,21.37,DEGRADATION,MECHANICAL_DEGRADATION
2026-08-23T18:44:26.132448,4217.5,97.01,3.02,5.33,65.7,13.96,1486.9,21.01,DEGRADATION,MECHANICAL_DEGRADATION
2026-08-23T18:44:27.132448,4171.3,95.79,2.76,5.18,72.4,14.06,1522.8,21.36,DEGRADATION,MECHANICAL_DEGRADATION
2026-08-23T18:44:28.132448,4177.0,98.46,3.21,5.97,69.2,14.21,1489.3,22.5,DEGRADATION,MECHANICAL_DEGRADATION
2026-08-23T18:44:29.132448,4329.6,97.72,2.91,5.35,69.0,13.75,1484.7,22.06,DEGRADATION,MECHANICAL_DEGRADATION
2026-08-23T18:44:30.132448,4240.7,97.55,3.08,5.56,73.4,15.07,1512.1,21.52,DEGRADATION,MECHANICAL_DEGRADATION
2026-08-23T18:44:31.132448,4227.2,97.18,3.03,5.67,72.6,13.71,1531.5,21.96,DEGRADATION,MECHANICAL_DEGRADATION
2026-08-23T18:44:32.132448,4231.1,99.89,3.02,5.21,68.2,14.05,1504.0,21.51,DEGRADATION,MECHANICAL_DEGRADATION
2026-08-23T18:44:33.132448,4191.8,97.23,2.95,5.69,70.5,13.99,1484.0,21.97,DEGRADATION,MECHANICAL_DEGRADATION
2026-08-23T18:44:34.132448,4210.7,99.03,3.05,5.32,68.7,13.78,1506.6,21.94,DEGRADATION,MECHANICAL_DEGRADATION
2026-08-23T18:44:35.132448,4158.8,96.45,3.07,5.42,69.1,14.11,1520.0,22.15,DEGRADATION,MECHANICAL_DEGRADATION
2026-08-23T18:44:36.132448,4235.4,96.29,3.15,5.25,68.6,14.25,1472.8,22.2,DEGRADATION,MECHANICAL_DEGRADATION
2026-08-23T18:44:37.132448,4193.2,97.95,3.03,5.2,66.0,13.59,1515.9,22.1,DEGRADATION,MECHANICAL_DEGRADATION
2026-08-23T18:44:38.132448,4157.1,99.38,2.96,5.08,69.0,13.82,1516.2,22.48,DEGRADATION,MECHANICAL_DEGRADATION
2026-08-23T18:44:39.132448,4134.9,98.26,3.1,5.57,73.9,13.6,1515.3,21.51,DEGRADATION,MECHANICAL_DEGRADATION
2026-08-23T18:44:40.132448,4191.7,97.62,3.09,5.58,64.2,13.65,1498.9,22.59,DEGRADATION,MECHANICAL_DEGRADATION
2026-08-23T18:44:41.132448,4196.2,96.56,2.75,5.38,71.1,13.98,1518.6,22.0,DEGRADATION,MECHANICAL_DEGRADATION
2026-08-23T18:44:42.132448,4167.5,98.08,2.97,5.07,68.9,14.08,1492.6,22.5,DEGRADATION,MECHANICAL_DEGRADATION
2026-08-23T18:44:43.132448,4210.0,96.36,2.93,5.1,70.1,14.47,1503.7,21.75,DEGRADATION,MECHANICAL_DEGRADATION
2026-08-23T18:44:44.132448,4200.2,98.35,3.0,5.2,77.9,14.16,1496.7,22.44,DEGRADATION,MECHANICAL_DEGRADATION
2026-08-23T18:44:45.132448,4257.9,96.45,3.0,5.58,69.7,14.23,1493.0,22.1,DEGRADATION,MECHANICAL_DEGRADATION
2026-08-23T18:44:46.132448,4181.3,98.87,3.1,5.92,67.5,13.41,1487.7,21.97,DEGRADATION,MECHANICAL_DEGRADATION
2026-08-23T18:44:47.132448,4187.0,98.72,3.0,5.12,70.1,14.16,1472.1,21.94,DEGRADATION,MECHANICAL_DEGRADATION
2026-08-23T18:44:48.132448,4275.7,98.84,3.02,5.27,75.2,13.78,1488.4,21.71,DEGRADATION,MECHANICAL_DEGRADATION
2026-08-23T18:44:49.132448,4199.5,96.13,3.07,5.53,68.5,14.21,1480.5,21.13,DEGRADATION,MECHANICAL_DEGRADATION
2026-08-23T18:44:50.132448,4240.0,97.78,3.0,5.57,68.9,14.38,1469.9,21.77,DEGRADATION,MECHANICAL_DEGRADATION
2026-08-23T18:44:51.132448,4171.3,97.08,3.08,5.51,69.3,14.56,1499.3,21.53,DEGRADATION,MECHANICAL_DEGRADATION
2026-08-23T18:44:52.132448,4192.6,97.85,2.99,5.08,75.5,13.64,1513.2,22.86,DEGRADATION,MECHANICAL_DEGRADATION
2026-08-23T18:44:53.132448,4193.1,97.88,3.0,5.83,68.2,14.15,1491.9,22.44,DEGRADATION,MECHANICAL_DEGRADATION
2026-08-23T18:44:54.132448,4209.0,96.73,3.1,5.3,60.3,14.16,1496.1,22.84,DEGRADATION,MECHANICAL_DEGRADATION
2026-08-23T18:44:55.132448,4164.8,98.28,3.07,5.58,71.7,13.98,1484.2,22.36,DEGRADATION,MECHANICAL_DEGRADATION
2026-08-23T18:44:56.132448,4186.5,98.32,2.96,5.73,68.2,13.62,1519.5,22.23,DEGRADATION,MECHANICAL_DEGRADATION
2026-08-23T18:44:57.132448,4221.4,100.89,2.97,5.48,66.8,14.04,1489.8,22.51,DEGRADATION,MECHANICAL_DEGRADATION
2026-08-23T18:44:58.132448,4238.5,96.76,2.96,5.37,65.5,13.81,1502.4,23.02,DEGRADATION,MECHANICAL_DEGRADATION
2026-08-23T18:44:59.132448,4212.7,96.95,3.0,5.59,65.1,13.64,1493.0,21.79,DEGRADATION,MECHANICAL_DEGRADATION
2026-08-23T18:45:00.132448,4228.2,99.03,2.84,5.42,71.3,14.31,1501.9,21.71,DEGRADATION,MECHANICAL_DEGRADATION
2026-08-23T18:45:01.132448,4241.0,99.53,3.07,5.61,69.0,13.8,1499.7,20.71,DEGRADATION,MECHANICAL_DEGRADATION
2026-08-23T18:45:02.132448,4178.0,97.86,2.94,5.29,70.5,13.56,1496.4,21.25,DEGRADATION,MECHANICAL_DEGRADATION
2026-08-23T18:45:03.132448,4134.1,97.59,3.14,5.58,73.7,14.0,1500.0,21.44,DEGRADATION,MECHANICAL_DEGRADATION
2026-08-23T18:45:04.132448,4168.8,98.0,3.01,5.81,72.9,13.79,1498.5,21.66,DEGRADATION,MECHANICAL_DEGRADATION
2026-08-23T18:45:05.132448,4250.4,99.67,2.99,5.61,74.8,14.13,1504.1,21.87,DEGRADATION,MECHANICAL_DEGRADATION
2026-08-23T18:45:06.132448,4156.9,98.38,3.03,5.44,74.1,13.55,1520.3,23.13,DEGRADATION,MECHANICAL_DEGRADATION
2026-08-23T18:45:07.132448,4198.0,99.55,3.04,5.16,66.1,13.64,1527.1,22.64,DEGRADATION,MECHANICAL_DEGRADATION
2026-08-23T18:45:08.132448,4144.8,98.27,2.91,5.34,65.7,13.47,1513.0,21.97,DEGRADATION,MECHANICAL_DEGRADATION
2026-08-23T18:45:09.132448,4254.3,100.1,2.88,5.44,69.8,14.14,1499.8,22.23,DEGRADATION,MECHANICAL_DEGRADATION
2026-08-23T18:45:10.132448,4261.3,97.13,3.07,5.34,69.5,13.58,1495.0,21.81,DEGRADATION,MECHANICAL_DEGRADATION
2026-08-23T18:45:11.132448,4230.2,98.8,3.05,5.57,69.5,13.86,1490.9,21.27,DEGRADATION,MECHANICAL_DEGRADATION
2026-08-23T18:45:12.132448,4191.5,97.87,3.01,5.4,65.3,14.13,1524.8,22.21,DEGRADATION,MECHANICAL_DEGRADATION
2026-08-23T18:45:13.132448,4196.9,98.38,3.17,5.75,67.2,13.94,1498.8,21.13,DEGRADATION,MECHANICAL_DEGRADATION
2026-08-23T18:45:14.132448,4120.0,97.92,3.09,5.13,68.5,13.9,1518.7,22.44,DEGRADATION,MECHANICAL_DEGRADATION
2026-08-23T18:45:15.132448,4182.4,95.72,3.06,5.4,71.5,14.2,1508.8,22.7,DEGRADATION,MECHANICAL_DEGRADATION
2026-08-23T18:45:16.132448,4277.6,95.72,3.07,5.52,69.9,13.79,1502.9,22.16,DEGRADATION,MECHANICAL_DEGRADATION
2026-08-23T18:45:17.132448,4184.4,99.19,3.08,5.51,70.1,13.98,1496.5,22.14,DEGRADATION,MECHANICAL_DEGRADATION
2026-08-23T18:45:18.132448,4150.1,97.94,3.02,5.09,71.4,14.02,1500.1,21.33,DEGRADATION,MECHANICAL_DEGRADATION
2026-08-23T18:45:19.132448,4145.0,98.67,2.95,5.81,65.7,14.08,1503.1,22.82,DEGRADATION,MECHANICAL_DEGRADATION
2026-08-23T18:45:20.132448,4170.1,97.92,3.03,5.14,76.7,14.44,1496.7,22.25,DEGRADATION,MECHANICAL_DEGRADATION
2026-08-23T18:45:21.132448,4164.6,98.39,3.02,5.44,72.3,13.63,1488.3,22.41,DEGRADATION,MECHANICAL_DEGRADATION
2026-08-23T18:45:22.132448,4183.2,98.08,3.12,5.91,66.5,13.92,1505.4,22.5,DEGRADATION,MECHANICAL_DEGRADATION
2026-08-23T18:45:23.132448,4254.7,101.11,3.06,5.47,70.6,14.29,1513.2,21.89,DEGRADATION,MECHANICAL_DEGRADATION
2026-08-23T18:45:24.132448,4155.5,99.31,2.99,5.46,69.3,14.35,1496.2,22.51,DEGRADATION,MECHANICAL_DEGRADATION
2026-08-23T18:45:25.132448,4201.3,98.01,3.04,5.56,68.1,13.93,1530.9,22.33,DEGRADATION,MECHANICAL_DEGRADATION
2026-08-23T18:45:26.132448,4191.9,97.83,3.03,5.32,71.3,14.25,1527.3,21.02,DEGRADATION,MECHANICAL_DEGRADATION
2026-08-23T18:45:27.132448,4200.7,96.59,3.03,6.17,67.8,14.04,1504.1,22.31,DEGRADATION,MECHANICAL_DEGRADATION
2026-08-23T18:45:28.132448,4124.9,98.38,2.97,5.51,65.0,14.37,1500.2,22.05,DEGRADATION,MECHANICAL_DEGRADATION
2026-08-23T18:45:29.132448,4147.0,96.69,2.94,5.57,69.7,14.11,1493.2,21.34,DEGRADATION,MECHANICAL_DEGRADATION
2026-08-23T18:45:30.132448,4154.9,99.23,3.03,5.33,68.0,14.23,1494.6,23.0,DEGRADATION,MECHANICAL_DEGRADATION
2026-08-23T18:45:31.132448,4181.1,98.12,2.96,5.23,67.5,13.59,1503.5,21.69,DEGRADATION,MECHANICAL_DEGRADATION
2026-08-23T18:45:32.132448,4257.6,98.79,3.0,5.4,67.3,14.1,1486.5,22.26,DEGRADATION,MECHANICAL_DEGRADATION
2026-08-23T18:45:33.132448,4145.5,97.79,2.93,5.33,68.4,13.9,1523.2,20.92,DEGRADATION,MECHANICAL_DEGRADATION
2026-08-23T18:45:34.132448,4185.6,98.6,3.02,5.56,69.4,13.87,1503.0,21.89,DEGRADATION,MECHANICAL_DEGRADATION
2026-08-23T18:45:35.132448,4244.3,97.02,3.04,5.35,72.2,13.71,1537.3,21.44,DEGRADATION,MECHANICAL_DEGRADATION
2026-08-23T18:45:36.132448,4160.6,98.79,3.18,5.44,71.5,13.85,1508.7,22.61,DEGRADATION,MECHANICAL_DEGRADATION
2026-08-23T18:45:37.132448,4182.4,98.01,3.02,5.46,67.3,14.34,1497.6,22.13,DEGRADATION,MECHANICAL_DEGRADATION
2026-08-23T18:45:38.132448,4178.4,99.58,3.04,5.71,64.5,14.42,1497.0,21.63,DEGRADATION,MECHANICAL_DEGRADATION
2026-08-23T18:45:39.132448,4248.3,98.6,2.97,5.36,69.4,14.32,1486.6,22.16,DEGRADATION,MECHANICAL_DEGRADATION
2026-08-23T18:45:40.132448,4233.1,97.5,3.0,5.57,77.6,13.84,1493.7,21.25,DEGRADATION,MECHANICAL_DEGRADATION
2026-08-23T18:45:41.132448,4207.0,94.62,2.99,5.37,75.9,14.08,1506.1,21.41,DEGRADATION,MECHANICAL_DEGRADATION
2026-08-23T18:45:42.132448,4186.9,97.79,2.88,5.42,61.4,13.83,1490.4,21.71,DEGRADATION,MECHANICAL_DEGRADATION
2026-08-23T18:45:43.132448,4139.6,98.71,3.06,5.62,73.1,13.76,1511.6,22.49,DEGRADATION,MECHANICAL_DEGRADATION
2026-08-23T18:45:44.132448,4180.7,97.83,2.92,5.91,71.8,13.91,1516.6,22.03,DEGRADATION,MECHANICAL_DEGRADATION
2026-08-23T18:45:45.132448,4228.7,99.24,2.94,5.85,69.8,13.79,1493.1,22.28,DEGRADATION,MECHANICAL_DEGRADATION
2026-08-23T18:45:46.132448,4266.1,99.55,3.03,5.57,67.2,13.73,1507.7,22.38,DEGRADATION,MECHANICAL_DEGRADATION
2026-08-23T18:45:47.132448,4112.4,97.14,3.02,5.53,62.5,14.06,1489.8,21.23,DEGRADATION,MECHANICAL_DEGRADATION
2026-08-23T18:45:48.132448,4106.1,98.03,2.98,5.61,76.0,14.12,1526.9,21.71,DEGRADATION,MECHANICAL_DEGRADATION
2026-08-23T18:45:49.132448,4325.9,96.32,2.92,5.63,70.3,14.11,1495.2,22.44,DEGRADATION,MECHANICAL_DEGRADATION
2026-08-23T18:45:50.132448,4174.3,98.22,2.98,5.53,70.4,14.04,1498.0,22.41,DEGRADATION,MECHANICAL_DEGRADATION
2026-08-23T18:45:51.132448,4136.1,98.26,3.03,5.6,72.0,13.88,1516.7,21.43,DEGRADATION,MECHANICAL_DEGRADATION
2026-08-23T18:45:52.132448,4181.0,99.72,3.03,5.48,69.0,14.5,1519.8,21.7,DEGRADATION,MECHANICAL_DEGRADATION
2026-08-23T18:45:53.132448,4188.3,97.89,2.89,5.63,70.2,13.74,1525.7,22.3,DEGRADATION,MECHANICAL_DEGRADATION
2026-08-23T18:45:54.132448,4279.9,98.52,2.95,5.91,66.4,13.57,1495.1,21.41,DEGRADATION,MECHANICAL_DEGRADATION
2026-08-23T18:45:55.132448,4163.7,98.55,2.95,5.59,72.3,13.79,1494.4,22.44,DEGRADATION,MECHANICAL_DEGRADATION
2026-08-23T18:45:56.132448,4185.4,97.23,2.83,5.51,64.9,13.85,1505.1,21.98,DEGRADATION,MECHANICAL_DEGRADATION
2026-08-23T18:45:57.132448,4161.8,98.06,3.04,5.54,69.9,13.77,1492.0,22.27,DEGRADATION,MECHANICAL_DEGRADATION
2026-08-23T18:45:58.132448,4227.7,98.86,3.07,5.6,72.5,13.66,1464.4,21.67,DEGRADATION,MECHANICAL_DEGRADATION
2026-08-23T18:45:59.132448,4170.6,99.32,3.02,5.24,69.5,14.66,1513.8,21.23,DEGRADATION,MECHANICAL_DEGRADATION
2026-08-23T18:46:00.132448,4211.1,99.82,2.96,5.76,67.4,13.72,1493.6,21.53,DEGRADATION,MECHANICAL_DEGRADATION
2026-08-23T18:46:01.132448,4241.8,100.44,2.95,5.23,74.8,13.67,1491.9,22.01,DEGRADATION,MECHANICAL_DEGRADATION
2026-08-23T18:46:02.132448,4169.4,98.92,3.0,5.26,69.4,13.66,1509.0,21.47,DEGRADATION,MECHANICAL_DEGRADATION
2026-08-23T18:46:03.132448,4193.7,97.75,3.0,5.44,70.4,14.57,1507.5,21.79,DEGRADATION,MECHANICAL_DEGRADATION
2026-08-23T18:46:04.132448,4153.0,97.17,2.98,5.85,65.5,14.61,1516.1,22.81,DEGRADATION,MECHANICAL_DEGRADATION
2026-08-23T18:46:05.132448,4199.5,97.32,3.04,5.56,68.8,14.57,1477.1,21.29,DEGRADATION,MECHANICAL_DEGRADATION
2026-08-23T18:46:06.132448,4199.8,98.17,3.04,5.54,67.5,14.56,1503.2,22.26,DEGRADATION,MECHANICAL_DEGRADATION
2026-08-23T18:46:07.132448,4231.3,98.56,2.98,5.72,69.7,14.33,1493.6,21.99,DEGRADATION,MECHANICAL_DEGRADATION
2026-08-23T18:46:08.132448,4213.7,99.58,3.04,5.34,66.2,14.04,1504.0,21.36,DEGRADATION,MECHANICAL_DEGRADATION
2026-08-23T18:46:09.132448,4179.9,96.6,3.0,5.64,73.7,13.68,1491.0,21.88,DEGRADATION,MECHANICAL_DEGRADATION
2026-08-23T18:46:10.132448,4217.8,97.37,2.87,5.62,67.4,14.54,1505.1,22.02,DEGRADATION,MECHANICAL_DEGRADATION
2026-08-23T18:46:11.132448,4227.5,98.76,2.92,5.62,64.3,14.11,1518.7,22.04,DEGRADATION,MECHANICAL_DEGRADATION
2026-08-23T18:46:12.132448,4167.6,99.01,3.07,5.2,79.2,13.97,1471.0,22.67,DEGRADATION,MECHANICAL_DEGRADATION
2026-08-23T18:46:13.132448,4190.0,98.19,3.08,5.53,72.4,13.86,1500.9,21.28,DEGRADATION,MECHANICAL_DEGRADATION
2026-08-23T18:46:14.132448,4181.2,98.36,3.12,5.8,68.3,13.84,1496.6,22.48,DEGRADATION,MECHANICAL_DEGRADATION
2026-08-23T18:46:15.132448,4248.6,98.2,2.96,5.5,68.6,14.18,1496.0,21.45,DEGRADATION,MECHANICAL_DEGRADATION
2026-08-23T18:46:16.132448,4208.5,97.3,2.89,5.98,72.8,13.97,1497.0,23.1,DEGRADATION,MECHANICAL_DEGRADATION
2026-08-23T18:46:17.132448,4225.1,97.25,3.29,5.25,70.5,14.21,1508.9,21.46,DEGRADATION,MECHANICAL_DEGRADATION
2026-08-23T18:46:18.132448,4207.8,96.13,2.84,5.57,71.8,14.04,1506.2,21.96,DEGRADATION,MECHANICAL_DEGRADATION
2026-08-23T18:46:19.132448,4199.8,98.48,2.94,5.54,70.3,13.9,1485.8,20.81,DEGRADATION,MECHANICAL_DEGRADATION
2026-08-23T18:46:20.132448,4187.6,99.16,3.14,5.48,72.2,13.38,1485.4,21.69,DEGRADATION,MECHANICAL_DEGRADATION
2026-08-23T18:46:21.132448,4235.1,98.37,2.88,5.75,61.3,13.98,1480.9,20.79,DEGRADATION,MECHANICAL_DEGRADATION
2026-08-23T18:46:22.132448,4135.4,97.58,3.01,5.25,68.8,13.91,1516.6,21.88,DEGRADATION,MECHANICAL_DEGRADATION
2026-08-23T18:46:23.132448,4237.2,98.55,3.02,5.07,70.2,14.37,1485.1,22.19,DEGRADATION,MECHANICAL_DEGRADATION
2026-08-23T18:46:24.132448,4215.5,98.67,2.92,5.47,66.8,13.69,1485.2,22.09,DEGRADATION,MECHANICAL_DEGRADATION
2026-08-23T18:46:25.132448,4163.4,97.12,2.99,5.63,73.6,14.26,1497.6,21.44,DEGRADATION,MECHANICAL_DEGRADATION
2026-08-23T18:46:26.132448,4164.9,98.19,3.05,5.48,66.2,14.13,1476.6,21.17,DEGRADATION,MECHANICAL_DEGRADATION
2026-08-23T18:46:27.132448,4135.4,97.41,3.04,5.88,72.3,14.05,1499.4,21.65,DEGRADATION,MECHANICAL_DEGRADATION
2026-08-23T18:46:28.132448,4169.5,96.03,3.07,5.25,69.9,14.82,1520.5,22.01,DEGRADATION,MECHANICAL_DEGRADATION
2026-08-23T18:46:29.132448,4177.1,97.9,2.9,5.42,66.5,13.71,1517.0,22.62,DEGRADATION,MECHANICAL_DEGRADATION
2026-08-23T18:46:30.132448,4194.1,97.02,3.02,5.79,67.6,13.82,1495.5,21.88,DEGRADATION,MECHANICAL_DEGRADATION
2026-08-23T18:46:31.132448,4122.8,99.08,3.12,5.78,72.1,14.24,1502.3,21.9,DEGRADATION,MECHANICAL_DEGRADATION
2026-08-23T18:46:32.132448,4186.6,97.67,3.04,5.17,71.0,13.64,1485.8,21.66,DEGRADATION,MECHANICAL_DEGRADATION
2026-08-23T18:46:33.132448,4216.3,98.67,3.01,5.37,68.0,14.34,1515.1,21.96,DEGRADATION,MECHANICAL_DEGRADATION
2026-08-23T18:46:34.132448,4172.6,98.74,2.91,5.48,69.7,14.2,1530.6,22.39,DEGRADATION,MECHANICAL_DEGRADATION
2026-08-23T18:46:35.132448,4218.8,96.81,3.08,5.54,71.4,13.89,1497.8,22.11,DEGRADATION,MECHANICAL_DEGRADATION
2026-08-23T18:46:36.132448,4206.3,98.35,2.95,5.8,69.0,13.64,1516.0,22.19,DEGRADATION,MECHANICAL_DEGRADATION
2026-08-23T18:46:37.132448,4193.3,99.51,3.01,5.64,63.3,13.91,1480.2,22.02,DEGRADATION,MECHANICAL_DEGRADATION
2026-08-23T18:46:38.132448,4178.6,96.86,2.99,5.21,78.1,14.2,1489.2,21.59,DEGRADATION,MECHANICAL_DEGRADATION
2026-08-23T18:46:39.132448,4190.5,96.95,2.92,5.48,72.4,14.07,1493.6,21.76,DEGRADATION,MECHANICAL_DEGRADATION
2026-08-23T18:46:40.132448,4223.6,98.27,2.95,5.7,70.9,14.64,1509.0,21.92,DEGRADATION,MECHANICAL_DEGRADATION
2026-08-23T18:46:41.132448,4113.6,98.48,3.0,5.57,69.1,14.44,1496.7,22.64,DEGRADATION,MECHANICAL_DEGRADATION
2026-08-23T18:46:42.132448,4208.2,98.74,2.99,5.23,67.6,13.55,1497.0,22.67,DEGRADATION,MECHANICAL_DEGRADATION
2026-08-23T18:46:43.132448,4150.0,98.31,2.91,5.63,65.5,13.97,1479.4,21.35,DEGRADATION,MECHANICAL_DEGRADATION
2026-08-23T18:46:44.132448,4214.4,97.81,3.06,5.78,68.9,13.88,1497.8,21.27,DEGRADATION,MECHANICAL_DEGRADATION
2026-08-23T18:46:45.132448,4172.3,97.26,2.91,5.74,72.6,13.78,1502.6,22.29,DEGRADATION,MECHANICAL_DEGRADATION
2026-08-23T18:46:46.132448,4160.9,98.49,2.95,5.49,70.7,13.82,1506.7,21.87,DEGRADATION,MECHANICAL_DEGRADATION
2026-08-23T18:46:47.132448,4205.7,98.72,2.99,5.44,69.7,14.02,1506.8,22.47,DEGRADATION,MECHANICAL_DEGRADATION
2026-08-23T18:46:48.132448,4174.6,100.64,2.99,5.47,69.8,14.24,1509.2,22.55,DEGRADATION,MECHANICAL_DEGRADATION
2026-08-23T18:46:49.132448,4190.6,97.05,2.97,5.52,65.9,13.82,1493.3,21.32,DEGRADATION,MECHANICAL_DEGRADATION
2026-08-23T18:46:50.132448,4116.7,98.93,3.02,5.59,69.8,14.3,1499.5,21.95,DEGRADATION,MECHANICAL_DEGRADATION
2026-08-23T18:46:51.132448,4190.6,98.72,2.88,5.69,70.3,13.89,1512.2,22.35,DEGRADATION,MECHANICAL_DEGRADATION
2026-08-23T18:46:52.132448,4182.3,98.92,2.93,5.01,74.6,13.86,1488.3,21.47,DEGRADATION,MECHANICAL_DEGRADATION
2026-08-23T18:46:53.132448,4128.7,97.58,3.05,5.45,69.1,14.18,1497.9,22.29,DEGRADATION,MECHANICAL_DEGRADATION
2026-08-23T18:46:54.132448,4255.0,99.46,3.05,5.42,69.2,13.73,1506.1,22.15,DEGRADATION,MECHANICAL_DEGRADATION
2026-08-23T18:46:55.132448,4143.4,96.53,2.95,5.42,73.0,14.27,1534.5,22.21,DEGRADATION,MECHANICAL_DEGRADATION
2026-08-23T18:46:56.132448,4208.3,97.21,2.92,5.37,70.1,13.79,1489.8,22.72,DEGRADATION,MECHANICAL_DEGRADATION
2026-08-23T18:46:57.132448,4152.9,98.82,2.91,5.37,74.6,14.78,1496.0,21.39,DEGRADATION,MECHANICAL_DEGRADATION
2026-08-23T18:46:58.132448,4199.9,98.98,3.04,5.58,70.7,13.83,1496.8,22.79,DEGRADATION,MECHANICAL_DEGRADATION
2026-08-23T18:46:59.132448,4232.8,98.91,3.11,5.45,69.3,14.19,1510.9,20.95,DEGRADATION,MECHANICAL_DEGRADATION
2026-08-23T18:47:00.132448,4171.8,96.21,3.07,5.58,71.4,14.08,1496.5,21.69,DEGRADATION,MECHANICAL_DEGRADATION
2026-08-23T18:47:01.132448,4200.1,96.89,2.94,5.38,71.5,13.71,1504.9,21.12,DEGRADATION,MECHANICAL_DEGRADATION
2026-08-23T18:47:02.132448,4189.8,98.41,2.97,5.47,73.4,14.48,1510.2,21.22,DEGRADATION,MECHANICAL_DEGRADATION
2026-08-23T18:47:03.132448,4244.7,99.48,3.13,5.81,68.5,14.06,1496.3,22.56,DEGRADATION,MECHANICAL_DEGRADATION
2026-08-23T18:47:04.132448,4235.3,96.19,3.02,5.76,70.6,13.79,1500.8,22.47,DEGRADATION,MECHANICAL_DEGRADATION
2026-08-23T18:47:05.132448,4234.3,97.71,2.98,5.49,69.5,13.88,1485.9,22.15,DEGRADATION,MECHANICAL_DEGRADATION
2026-08-23T18:47:06.132448,4158.9,96.52,3.02,5.25,68.0,13.58,1521.9,22.0,DEGRADATION,MECHANICAL_DEGRADATION
2026-08-23T18:47:07.132448,4141.0,96.02,3.0,5.43,63.8,14.26,1500.9,21.75,DEGRADATION,MECHANICAL_DEGRADATION
2026-08-23T18:47:08.132448,4176.6,99.54,3.0,5.57,64.5,14.08,1500.7,22.68,DEGRADATION,MECHANICAL_DEGRADATION
2026-08-23T18:47:09.132448,4150.1,97.5,3.03,5.56,72.0,14.3,1473.4,22.36,DEGRADATION,MECHANICAL_DEGRADATION
2026-08-23T18:47:10.132448,4230.6,96.17,3.02,5.54,72.5,14.06,1498.2,21.46,DEGRADATION,MECHANICAL_DEGRADATION
2026-08-23T18:47:11.132448,4286.5,98.81,3.04,5.66,69.4,13.95,1496.2,22.41,DEGRADATION,MECHANICAL_DEGRADATION
2026-08-23T18:47:12.132448,4182.3,96.58,3.16,5.6,72.5,14.09,1501.6,22.51,DEGRADATION,MECHANICAL_DEGRADATION
2026-08-23T18:47:13.132448,4214.7,96.44,2.85,5.32,70.2,13.77,1514.3,22.12,DEGRADATION,MECHANICAL_DEGRADATION
2026-08-23T18:47:14.132448,4165.3,98.09,2.73,5.43,73.1,13.98,1487.0,22.29,DEGRADATION,MECHANICAL_DEGRADATION
2026-08-23T18:47:15.132448,4151.8,98.03,3.12,5.85,72.0,14.28,1494.7,22.09,DEGRADATION,MECHANICAL_DEGRADATION
2026-08-23T18:47:16.132448,4136.9,98.6,3.01,5.6,68.9,13.46,1493.1,22.81,DEGRADATION,MECHANICAL_DEGRADATION
2026-08-23T18:47:17.132448,4173.4,98.42,3.2,5.7,67.6,14.09,1485.5,21.56,DEGRADATION,MECHANICAL_DEGRADATION
2026-08-23T18:47:18.132448,4264.0,98.49,2.92,5.4,68.7,14.17,1502.1,23.26,DEGRADATION,MECHANICAL_DEGRADATION
2026-08-23T18:47:19.132448,4226.9,99.45,3.09,5.55,72.4,14.08,1480.7,21.64,DEGRADATION,MECHANICAL_DEGRADATION
2026-08-23T18:47:20.132448,4267.6,99.18,3.02,5.24,71.0,14.13,1498.5,22.35,DEGRADATION,MECHANICAL_DEGRADATION
2026-08-23T18:47:21.132448,4216.0,96.98,2.96,5.65,74.1,14.0,1513.0,22.23,DEGRADATION,MECHANICAL_DEGRADATION
2026-08-23T18:47:22.132448,4248.0,97.98,3.01,5.28,65.9,13.99,1510.6,21.73,DEGRADATION,MECHANICAL_DEGRADATION
2026-08-23T18:47:23.132448,4194.8,98.61,2.97,5.24,68.8,13.97,1487.1,21.74,DEGRADATION,MECHANICAL_DEGRADATION
2026-08-23T18:47:24.132448,4175.9,97.97,3.04,5.69,70.9,13.71,1505.3,22.6,DEGRADATION,MECHANICAL_DEGRADATION
