timestamp,rpm,temperature,pressure,vibration,load,fuel_flow,altitude,ambient_temperature,state,fault
2026-08-23T18:30:45.198689,4725.5,107.76,3.78,2.4,65.0,12.4,1496.1,22.95,FAULT,OVERHEATING
2026-08-23T18:30:46.198689,4812.6,108.19,3.91,2.45,65.0,12.49,1508.8,21.51,FAULT,OVERHEATING
2026-08-23T18:30:47.198689,4693.4,115.78,3.94,1.4,65.0,11.85,1496.4,21.91,FAULT,OVERHEATING
2026-08-23T18:30:48.198689,4774.4,118.16,3.76,1.97,65.0,12.6,1511.3,21.58,FAULT,OVERHEATING
2026-08-23T18:30:49.198689,4759.7,117.38,3.65,1.12,65.0,11.93,1516.5,20.9,FAULT,OVERHEATING
2026-08-23T18:30:50.198689,4863.9,120.58,3.96,2.18,65.0,12.71,1515.7,21.88,FAULT,OVERHEATING
2026-08-23T18:30:51.198689,4721.1,115.53,3.88,1.98,65.0,12.19,1516.0,21.07,FAULT,OVERHEATING
2026-08-23T18:30:52.198689,4712.5,116.64,3.63,2.76,65.0,11.54,1495.8,21.74,FAULT,OVERHEATING
2026-08-23T18:30:53.198689,4885.7,120.21,3.61,1.71,65.0,12.44,1489.9,22.32,FAULT,OVERHEATING
2026-08-23T18:30:54.198689,4709.0,108.7,3.97,2.74,65.0,11.54,1522.9,22.47,FAULT,OVERHEATING
2026-08-23T18:30:55.198689,4762.7,111.21,3.94,2.66,65.0,12.58,1496.8,21.89,FAULT,OVERHEATING
2026-08-23T18:30:56.198689,4784.0,117.37,3.87,2.82,65.0,11.74,1445.9,21.94,FAULT,OVERHEATING
2026-08-23T18:30:57.198689,4783.6,109.19,3.97,1.94,65.0,12.63,1514.5,21.78,FAULT,OVERHEATING
2026-08-23T18:30:58.198689,4770.2,103.85,3.65,1.61,65.0,13.43,1511.6,21.71,FAULT,OVERHEATING
2026-08-23T18:30:59.198689,4733.4,112.21,3.79,1.58,65.0,11.98,1492.4,22.55,FAULT,OVERHEATING
2026-08-23T18:31:00.198689,4765.3,111.62,3.71,2.03,65.0,12.84,1518.0,21.92,FAULT,OVERHEATING
2026-08-23T18:31:01.198689,4709.2,113.97,4.0,2.27,65.0,13.05,1502.6,21.88,FAULT,OVERHEATING
2026-08-23T18:31:02.198689,4779.2,115.55,3.81,1.84,65.0,12.16,1493.4,21.21,FAULT,OVERHEATING
2026-08-23T18:31:03.198689,4707.8,103.44,3.98,1.08,65.0,12.5,1516.6,21.63,FAULT,OVERHEATING
2026-08-23T18:31:04.198689,4761.4,110.28,3.87,1.63,65.0,12.89,1495.5,22.46,FAULT,OVERHEATING
2026-08-23T18:31:05.198689,4681.7,118.45,3.99,1.73,65.0,12.4,1509.9,22.12,FAULT,OVERHEATING
2026-08-23T18:31:06.198689,4744.3,106.75,3.83,1.94,65.0,12.32,1494.1,22.41,FAULT,OVERHEATING
2026-08-23T18:31:07.198689,4830.0,119.67,3.82,1.81,65.0,12.2,1518.6,22.41,FAULT,OVERHEATING
2026-08-23T18:31:08.198689,4742.0,107.5,3.95,1.74,65.0,12.45,1510.0,21.11,FAULT,OVERHEATING
2026-08-23T18:31:09.198689,4840.3,106.67,3.89,1.46,65.0,12.63,1487.0,22.28,FAULT,OVERHEATING
2026-08-23T18:31:10.198689,4848.4,118.88,3.89,1.76,65.0,12.84,1486.5,22.25,FAULT,OVERHEATING
2026-08-23T18:31:11.198689,4991.6,121.41,3.94,2.03,65.0,13.36,1469.8,20.88,FAULT,OVERHEATING
2026-08-23T18:31:12.198689,4878.5,121.55,3.91,1.98,65.0,11.74,1490.6,21.48,FAULT,OVERHEATING
2026-08-23T18:31:13.198689,4804.2,108.78,3.86,2.15,65.0,12.22,1493.5,22.06,FAULT,OVERHEATING
2026-08-23T18:31:14.198689,4777.4,121.07,3.72,2.76,65.0,12.11,1515.9,21.61,FAULT,OVERHEATING
2026-08-23T18:31:15.198689,4831.9,103.26,3.7,2.3,65.0,12.25,1484.4,20.99,FAULT,OVERHEATING
2026-08-23T18:31:16.198689,4897.6,115.24,3.86,1.99,65.0,13.3,1474.1,22.12,FAULT,OVERHEATING
2026-08-23T18:31:17.198689,4656.1,110.04,3.92,1.84,65.0,12.84,1523.4,22.8,FAULT,OVERHEATING
2026-08-23T18:31:18.198689,4731.6,119.47,4.0,1.45,65.0,11.92,1511.4,22.12,FAULT,OVERHEATING
2026-08-23T18:31:19.198689,4719.9,108.37,3.79,2.21,65.0,12.5,1499.1,22.25,FAULT,OVERHEATING
2026-08-23T18:31:20.198689,4814.1,105.49,3.97,2.78,65.0,12.38,1515.2,22.3,FAULT,OVERHEATING
2026-08-23T18:31:21.198689,4731.4,109.32,3.87,2.46,65.0,12.18,1492.7,22.16,FAULT,OVERHEATING
2026-08-23T18:31:22.198689,4866.6,105.48,3.78,1.92,65.0,12.12,1508.2,22.15,FAULT,OVERHEATING
2026-08-23T18:31:23.198689,4815.9,110.47,3.76,1.62,65.0,12.68,1480.1,21.56,FAULT,OVERHEATING
2026-08-23T18:31:24.198689,4832.2,112.92,3.72,1.46,65.0,12.79,1489.1,22.09,FAULT,OVERHEATING
2026-08-23T18:31:25.198689,4875.8,113.72,3.72,2.18,65.0,11.76,1513.9,22.45,FAULT,OVERHEATING
2026-08-23T18:31:26.198689,4769.9,120.96,3.68,1.97,65.0,12.95,1519.7,22.64,FAULT,OVERHEATING
2026-08-23T18:31:27.198689,4831.3,116.25,3.65,1.43,65.0,12.45,1480.8,22.53,FAULT,OVERHEATING
2026-08-23T18:31:28.198689,4864.3,103.1,3.94,2.02,65.0,12.38,1505.8,22.12,FAULT,OVERHEATING
2026-08-23T18:31:29.198689,4951.9,120.61,3.93,2.11,65.0,13.06,1520.0,21.56,FAULT,OVERHEATING
2026-08-23T18:31:30.198689,4665.1,122.05,3.77,2.03,65.0,12.4,1502.0,21.41,FAULT,OVERHEATING
2026-08-23T18:31:31.198689,4798.8,117.3,3.96,1.07,65.0,12.83,1505.0,21.14,FAULT,OVERHEATING
2026-08-23T18:31:32.198689,4741.3,107.84,3.93,2.0,65.0,13.05,1500.3,21.5,FAULT,OVERHEATING
2026-08-23T18:31:33.198689,4750.9,110.35,3.84,2.34,65.0,12.91,1508.8,22.51,FAULT,OVERHEATING
2026-08-23T18:31:34.198689,4786.1,117.95,3.94,1.76,65.0,11.87,1491.7,21.46,FAULT,OVERHEATING
2026-08-23T18:31:35.198689,4836.4,112.67,3.74,1.86,65.0,13.05,1514.1,22.52,FAULT,OVERHEATING
2026-08-23T18:31:36.198689,4751.7,111.86,3.71,2.12,65.0,12.79,1506.3,22.63,FAULT,OVERHEATING
2026-08-23T18:31:37.198689,4728.4,109.3,3.91,1.08,65.0,12.32,1522.5,21.16,FAULT,OVERHEATING
2026-08-23T18:31:38.198689,4881.4,114.69,3.89,2.02,65.0,12.58,1485.4,22.06,FAULT,OVERHEATING
2026-08-23T18:31:39.198689,4739.6,106.44,3.86,2.62,65.0,13.26,1536.2,21.33,FAULT,OVERHEATING
2026-08-23T18:31:40.198689,4813.8,112.36,3.67,2.22,65.0,12.04,1476.2,22.09,FAULT,OVERHEATING
2026-08-23T18:31:41.198689,4779.1,120.13,3.84,0.99,65.0,12.22,1502.2,22.08,FAULT,OVERHEATING
2026-08-23T18:31:42.198689,4926.7,116.51,3.62,2.18,65.0,12.26,1504.3,22.36,FAULT,OVERHEATING
2026-08-23T18:31:43.198689,4908.2,106.74,3.72,1.33,65.0,12.47,1530.0,21.8,FAULT,OVERHEATING
2026-08-23T18:31:44.198689,4877.4,117.58,3.97,2.63,65.0,12.92,1496.3,22.45,FAULT,OVERHEATING
2026-08-23T18:31:45.198689,4872.2,114.61,3.73,2.02,65.0,12.08,1506.7,22.16,FAULT,OVERHEATING
2026-08-23T18:31:46.198689,4902.8,122.11,3.84,1.81,65.0,12.44,1496.6,22.73,FAULT,OVERHEATING
2026-08-23T18:31:47.198689,4830.3,105.25,3.65,1.9,65.0,12.86,1494.8,22.12,FAULT,OVERHEATING
2026-08-23T18:31:48.198689,4666.7,108.91,3.73,1.59,65.0,11.9,1497.5,22.83,FAULT,OVERHEATING
2026-08-23T18:31:49.198689,4761.8,122.23,3.73,1.96,65.0,12.13,1500.5,21.85,FAULT,OVERHEATING
2026-08-23T18:31:50.198689,4681.9,114.33,3.93,1.66,65.0,12.05,1513.6,22.95,FAULT,OVERHEATING
2026-08-23T18:31:51.198689,4840.2,116.11,3.95,1.91,65.0,12.19,1520.9,21.48,FAULT,OVERHEATING
2026-08-23T18:31:52.198689,4741.5,115.95,3.82,1.9,65.0,12.73,1521.6,22.33,FAULT,OVERHEATING
2026-08-23T18:31:53.198689,4795.1,118.09,3.78,1.62,65.0,12.46,1514.7,22.1,FAULT,OVERHEATING
2026-08-23T18:31:54.198689,4783.2,113.09,3.9,2.04,65.0,12.13,1492.4,22.44,FAULT,OVERHEATING
2026-08-23T18:31:55.198689,4706.6,113.83,3.69,2.62,65.0,12.74,1507.7,22.2,FAULT,OVERHEATING
2026-08-23T18:31:56.198689,4822.9,118.58,3.71,2.1,65.0,12.74,1478.6,22.41,FAULT,OVERHEATING
2026-08-23T18:31:57.198689,4762.3,119.31,3.7,1.88,65.0,12.29,1505.9,21.36,FAULT,OVERHEATING
2026-08-23T18:31:58.198689,4782.1,107.04,3.9,2.02,65.0,12.4,1510.4,21.01,FAULT,OVERHEATING
2026-08-23T18:31:59.198689,4699.9,121.99,3.85,1.83,65.0,11.77,1469.3,21.84,FAULT,OVERHEATING
2026-08-23T18:32:00.198689,4737.8,120.2,3.81,1.48,65.0,12.12,1525.7,22.01,FAULT,OVERHEATING
2026-08-23T18:32:01.198689,4712.1,116.24,3.8,1.93,65.0,12.67,1517.3,22.57,FAULT,OVERHEATING
2026-08-23T18:32:02.198689,4821.8,115.92,3.82,1.07,65.0,12.09,1506.3,21.83,FAULT,OVERHEATING
2026-08-23T18:32:03.198689,4871.8,118.85,3.75,2.12,65.0,12.52,1506.0,20.88,FAULT,OVERHEATING
2026-08-23T18:32:04.198689,4755.4,109.46,3.65,1.93,65.0,12.3,1512.8,21.47,FAULT,OVERHEATING
2026-08-23T18:32:05.198689,4795.3,121.54,3.71,1.63,65.0,12.82,1467.4,22.35,FAULT,OVERHEATING
2026-08-23T18:32:06.198689,4734.4,118.14,3.81,2.09,65.0,12.57,1508.9,22.16,FAULT,OVERHEATING
2026-08-23T18:32:07.198689,4768.9,106.22,3.8,1.53,65.0,11.99,1510.2,21.81,FAULT,OVERHEATING
2026-08-23T18:32:08.198689,4884.2,118.14,3.84,2.36,65.0,13.28,1497.3,21.53,FAULT,OVERHEATING
2026-08-23T18:32:09.198689,4753.2,110.42,3.79,1.84,65.0,12.77,1500.2,22.06,FAULT,OVERHEATING
2026-08-23T18:32:10.198689,4756.4,112.2,3.92,2.06,65.0,12.74,1492.5,22.17,FAULT,OVERHEATING
2026-08-23T18:32:11.198689,4845.6,103.55,3.96,2.4,65.0,12.58,1501.2,21.52,FAULT,OVERHEATING
2026-08-23T18:32:12.198689,4826.3,117.07,3.98,1.67,65.0,12.73,1538.4,22.22,FAULT,OVERHEATING
2026-08-23T18:32:13.198689,4752.6,107.38,3.96,2.04,65.0,12.24,1490.4,22.12,FAULT,OVERHEATING
2026-08-23T18:32:14.198689,4818.3,117.55,3.89,2.11,65.0,12.06,1511.6,21.83,FAULT,OVERHEATING
2026-08-23T18:32:15.198689,4844.5,108.0,3.89,1.48,65.0,12.4,1505.5,21.46,FAULT,OVERHEATING
2026-08-23T18:32:16.198689,4607.6,114.85,4.0,2.17,65.0,12.53,1502.0,22.12,FAULT,OVERHEATING
2026-08-23T18:32:17.198689,4843.4,104.08,3.74,1.84,65.0,12.95,1497.2,22.37,FAULT,OVERHEATING
2026-08-23T18:32:18.198689,4631.4,121.8,3.99,1.82,65.0,13.01,1506.1,21.93,FAULT,OVERHEATING
2026-08-23T18:32:19.198689,4859.8,108.87,3.66,2.26,65.0,12.2,1519.6,22.28,FAULT,OVERHEATING
2026-08-23T18:32:20.198689,4778.5,117.8,3.71,2.26,65.0,12.06,1512.6,21.78,FAULT,OVERHEATING
2026-08-23T18:32:21.198689,4816.9,111.29,3.91,1.55,65.0,12.47,1509.1,21.87,FAULT,OVERHEATING
2026-08-23T18:32:22.198689,4692.7,117.21,3.85,1.77,65.0,12.52,1499.2,21.9,FAULT,OVERHEATING
2026-08-23T18:32:23.198689,4784.1,112.34,3.7,1.84,65.0,12.56,1528.8,21.36,FAULT,OVERHEATING
2026-08-23T18:32:24.198689,4671.9,120.45,3.82,2.52,65.0,12.11,1492.8,22.42,FAULT,OVERHEATING
2026-08-23T18:32:25.198689,4836.2,104.44,3.84,1.95,65.0,12.32,1497.0,22.63,FAULT,OVERHEATING
2026-08-23T18:32:26.198689,4856.3,107.81,3.98,2.33,65.0,12.97,1498.0,21.96,FAULT,OVERHEATING
2026-08-23T18:32:27.198689,4819.2,107.6,3.61,2.51,65.0,11.89,1512.7,21.3,FAULT,OVERHEATING
2026-08-23T18:32:28.198689,4714.0,113.7,3.92,2.07,65.0,12.65,1503.3,21.78,FAULT,OVERHEATING
2026-08-23T18:32:29.198689,4853.0,103.48,3.61,2.8,65.0,12.88,1508.6,22.16,FAULT,OVERHEATING
2026-08-23T18:32:30.198689,4948.3,115.31,3.74,2.06,65.0,11.69,1488.4,22.56,FAULT,OVERHEATING
2026-08-23T18:32:31.198689,4854.9,111.91,3.96,1.54,65.0,12.61,1490.6,21.46,FAULT,OVERHEATING
2026-08-23T18:32:32.198689,4778.2,117.56,3.97,1.74,65.0,12.88,1517.1,22.28,FAULT,OVERHEATING
2026-08-23T18:32:33.198689,4735.0,117.71,3.83,1.56,65.0,12.58,1513.6,22.45,FAULT,OVERHEATING
2026-08-23T18:32:34.198689,4798.1,111.62,3.97,2.05,65.0,12.74,1521.9,21.66,FAULT,OVERHEATING
2026-08-23T18:32:35.198689,4658.9,120.49,3.61,1.4,65.0,12.09,1496.5,23.02,FAULT,OVERHEATING
2026-08-23T18:32:36.198689,4744.6,121.99,3.81,2.06,65.0,12.1,1533.7,21.98,FAULT,OVERHEATING
2026-08-23T18:32:37.198689,4814.3,108.84,3.63,2.16,65.0,12.44,1487.7,21.29,FAULT,OVERHEATING
2026-08-23T18:32:38.198689,4786.1,103.81,3.7,1.93,65.0,12.92,1486.1,22.68,FAULT,OVERHEATING
2026-08-23T18:32:39.198689,4853.7,117.94,3.89,2.2,65.0,12.36,1503.2,22.48,FAULT,OVERHEATING
2026-08-23T18:32:40.198689,4911.4,117.01,3.61,2.81,65.0,12.4,1493.8,22.21,FAULT,OVERHEATING
2026-08-23T18:32:41.198689,4701.3,109.24,3.81,1.92,65.0,12.0,1522.7,21.88,FAULT,OVERHEATING
2026-08-23T18:32:42.198689,4887.1,120.74,3.68,1.91,65.0,12.79,1500.7,21.93,FAULT,OVERHEATING
2026-08-23T18:32:43.198689,4753.1,105.63,3.79,1.95,65.0,12.76,1503.1,22.07,FAULT,OVERHEATING
2026-08-23T18:32:44.198689,4711.1,122.59,3.69,2.11,65.0,12.49,1501.0,22.07,FAULT,OVERHEATING
2026-08-23T18:32:45.198689,4895.4,111.65,3.86,2.16,65.0,12.79,1507.2,22.02,FAULT,OVERHEATING
2026-08-23T18:32:46.198689,4944.0,111.36,3.9,2.41,65.0,12.62,1484.3,21.46,FAULT,OVERHEATING
2026-08-23T18:32:47.198689,4800.7,121.25,3.68,2.22,65.0,12.54,1473.6,21.06,FAULT,OVERHEATING
2026-08-23T18:32:48.198689,4791.6,114.04,3.89,2.04,65.0,12.56,1480.1,21.17,FAULT,OVERHEATING
2026-08-23T18:32:49.198689,4706.9,121.12,3.81,1.21,65.0,12.71,1481.2,21.48,FAULT,OVERHEATING
2026-08-23T18:32:50.198689,4849.5,106.42,3.93,1.5,65.0,11.36,1485.3,21.85,FAULT,OVERHEATING
2026-08-23T18:32:51.198689,4828.7,110.04,3.82,1.59,65.0,12.72,1497.8,21.76,FAULT,OVERHEATING
2026-08-23T18:32:52.198689,4889.2,111.24,3.66,2.43,65.0,11.68,1497.2,21.92,FAULT,OVERHEATING
2026-08-23T18:32:53.198689,4735.4,114.49,3.78,2.03,65.0,12.28,1468.0,22.59,FAULT,OVERHEATING
2026-08-23T18:32:54.198689,4871.4,110.43,3.79,2.81,65.0,11.88,1493.9,21.74,FAULT,OVERHEATING
2026-08-23T18:32:55.198689,4688.4,121.41,3.93,2.5,65.0,12.37,1510.9,23.14,FAULT,OVERHEATING
2026-08-23T18:32:56.198689,4740.6,109.35,3.84,1.96,65.0,12.71,1499.9,23.4,FAULT,OVERHEATING
2026-08-23T18:32:57.198689,4810.1,104.59,3.91,2.15,65.0,11.85,1495.9,22.37,FAULT,OVERHEATING
2026-08-23T18:32:58.198689,4704.0,119.36,4.0,1.8,65.0,13.5,1510.7,22.17,FAULT,OVERHEATING
2026-08-23T18:32:59.198689,4776.2,112.66,3.89,1.96,65.0,12.59,1537.6,22.67,FAULT,OVERHEATING
2026-08-23T18:33:00.198689,4936.8,106.56,3.6,1.74,65.0,11.99,1503.1,22.13,FAULT,OVERHEATING
2026-08-23T18:33:01.198689,4855.1,118.19,3.93,2.69,65.0,12.59,1496.6,22.6,FAULT,OVERHEATING
2026-08-23T18:33:02.198689,4775.9,110.65,3.96,1.09,65.0,13.26,1498.5,22.26,FAULT,OVERHEATING
2026-08-23T18:33:03.198689,4693.4,105.91,3.95,2.71,65.0,12.73,1504.6,23.58,FAULT,OVERHEATING
2026-08-23T18:33:04.198689,4698.8,122.6,3.9,1.4,65.0,13.28,1476.7,22.07,FAULT,OVERHEATING
2026-08-23T18:33:05.198689,4725.1,109.27,3.99,2.55,65.0,12.6,1480.9,21.39,FAULT,OVERHEATING
2026-08-23T18:33:06.198689,4822.3,111.85,3.79,2.13,65.0,12.27,1471.1,21.35,FAULT,OVERHEATING
2026-08-23T18:33:07.198689,4949.1,119.97,3.93,1.83,65.0,12.66,1510.3,22.05,FAULT,OVERHEATING
2026-08-23T18:33:08.198689,4825.2,122.57,3.84,2.14,65.0,12.36,1530.2,22.09,FAULT,OVERHEATING
2026-08-23T18:33:09.198689,4761.5,118.88,3.6,1.55,65.0,12.52,1493.4,21.48,FAULT,OVERHEATING
2026-08-23T18:33:10.198689,4778.3,105.93,3.76,1.79,65.0,12.93,1490.8,22.31,FAULT,OVERHEATING
2026-08-23T18:33:11.198689,4986.3,110.17,3.76,1.89,65.0,12.99,1478.3,21.69,FAULT,OVERHEATING
2026-08-23T18:33:12.198689,5013.5,108.4,3.95,1.35,65.0,12.5,1488.3,22.61,FAULT,OVERHEATING
2026-08-23T18:33:13.198689,4712.8,108.65,3.61,2.13,65.0,11.7,1494.0,22.61,FAULT,OVERHEATING
2026-08-23T18:33:14.198689,4791.7,111.83,3.75,2.38,65.0,12.68,1514.9,21.29,FAULT,OVERHEATING
2026-08-23T18:33:15.198689,4631.7,104.19,3.66,2.75,65.0,12.31,1507.8,21.01,FAULT,OVERHEATING
2026-08-23T18:33:16.198689,4750.0,111.62,3.65,1.91,65.0,12.13,1494.4,22.56,FAULT,OVERHEATING
2026-08-23T18:33:17.198689,4705.5,110.98,3.85,1.33,65.0,12.31,1495.7,22.09,FAULT,OVERHEATING
2026-08-23T18:33:18.198689,4875.7,115.29,3.94,2.31,65.0,12.67,1499.2,22.12,FAULT,OVERHEATING
2026-08-23T18:33:19.198689,4672.2,113.78,3.63,1.86,65.0,12.86,1474.8,22.46,FAULT,OVERHEATING
2026-08-23T18:33:20.198689,4755.1,116.65,3.95,2.28,65.0,12.23,1468.8,22.16,FAULT,OVERHEATING
2026-08-23T18:33:21.198689,4848.2,108.74,3.92,1.52,65.0,12.58,1501.8,21.96,FAULT,OVERHEATING
2026-08-23T18:33:22.198689,4807.9,119.65,3.93,1.94,65.0,12.89,1484.1,21.96,FAULT,OVERHEATING
2026-08-23T18:33:23.198689,4766.7,115.57,3.74,2.07,65.0,13.11,1497.0,22.47,FAULT,OVERHEATING
2026-08-23T18:33:24.198689,4843.3,118.07,3.6,2.05,65.0,12.52,1484.4,22.07,FAULT,OVERHEATING
2026-08-23T18:33:25.198689,4759.1,120.89,3.67,2.36,65.0,11.78,1484.5,22.15,FAULT,OVERHEATING
2026-08-23T18:33:26.198689,4876.2,104.77,3.74,2.92,65.0,12.66,1480.6,21.9,FAULT,OVERHEATING
2026-08-23T18:33:27.198689,4645.1,104.71,3.91,2.15,65.0,12.18,1497.0,22.73,FAULT,OVERHEATING
2026-08-23T18:33:28.198689,4786.8,113.57,3.92,1.74,65.0,13.32,1512.4,22.46,FAULT,OVERHEATING
2026-08-23T18:33:29.198689,4820.6,115.4,3.86,1.13,65.0,12.91,1480.8,22.05,FAULT,OVERHEATING
2026-08-23T18:33:30.198689,4826.9,111.66,3.88,2.28,65.0,13.26,1505.9,22.91,FAULT,OVERHEATING
2026-08-23T18:33:31.198689,4868.9,121.75,3.95,1.79,65.0,12.56,1509.4,22.57,FAULT,OVERHEATING
2026-08-23T18:33:32.198689,4822.1,110.69,3.66,2.07,65.0,12.38,1487.9,22.29,FAULT,OVERHEATING
2026-08-23T18:33:33.198689,4789.7,106.55,3.9,2.61,65.0,12.4,1506.1,22.1,FAULT,OVERHEATING
2026-08-23T18:33:34.198689,4884.9,114.3,3.9,1.91,65.0,12.24,1490.2,21.4,FAULT,OVERHEATING
2026-08-23T18:33:35.198689,4721.6,106.52,3.7,2.31,65.0,12.04,1487.8,21.84,FAULT,OVERHEATING
2026-08-23T18:33:36.198689,4809.6,118.73,3.66,1.47,65.0,12.53,1496.3,23.06,FAULT,OVERHEATING
2026-08-23T18:33:37.198689,4896.2,116.71,3.91,0.93,65.0,11.75,1540.6,21.69,FAULT,OVERHEATING
2026-08-23T18:33:38.198689,4805.3,117.34,3.86,1.94,65.0,11.97,1514.3,22.38,FAULT,OVERHEATING
2026-08-23T18:33:39.198689,4645.3,120.02,3.81,1.8,65.0,12.06,1505.7,21.19,FAULT,OVERHEATING
2026-08-23T18:33:40.198689,4725.9,107.06,3.96,2.04,65.0,11.99,1489.7,23.0,FAULT,OVERHEATING
2026-08-23T18:33:41.198689,4951.7,120.69,3.78,1.94,65.0,12.5,1487.6,22.75,FAULT,OVERHEATING
2026-08-23T18:33:42.198689,4808.2,117.7,3.86,1.49,65.0,12.57,1500.0,22.77,FAULT,OVERHEATING
2026-08-23T18:33:43.198689,4878.5,114.25,3.85,2.32,65.0,12.23,1521.8,22.23,FAULT,OVERHEATING
2026-08-23T18:33:44.198689,4870.8,106.92,3.84,1.83,65.0,12.41,1516.2,22.19,FAULT,OVERHEATING
2026-08-23T18:33:45.198689,4818.3,107.03,3.8,2.16,65.0,11.62,1492.1,22.41,FAULT,OVERHEATING
2026-08-23T18:33:46.198689,4729.2,110.95,3.97,1.94,65.0,12.84,1507.0,21.91,FAULT,OVERHEATING
2026-08-23T18:33:47.198689,4742.9,121.96,3.81,2.13,65.0,12.75,1497.8,21.46,FAULT,OVERHEATING
2026-08-23T18:33:48.198689,4758.5,106.99,3.91,2.7,65.0,12.44,1496.6,20.93,FAULT,OVERHEATING
2026-08-23T18:33:49.198689,4800.2,104.97,3.72,1.71,65.0,11.46,1510.8,21.61,FAULT,OVERHEATING
2026-08-23T18:33:50.198689,4920.1,106.31,3.73,1.94,65.0,12.97,1478.9,22.73,FAULT,OVERHEATING
2026-08-23T18:33:51.198689,4767.5,117.9,3.8,1.61,65.0,12.6,1489.1,21.36,FAULT,OVERHEATING
2026-08-23T18:33:52.198689,4770.9,110.76,3.98,2.28,65.0,13.0,1506.1,22.82,FAULT,OVERHEATING
2026-08-23T18:33:53.198689,4874.4,113.1,3.62,1.47,65.0,12.42,1503.2,21.22,FAULT,OVERHEATING
2026-08-23T18:33:54.198689,4753.9,121.42,3.92,2.61,65.0,13.44,1498.9,21.43,FAULT,OVERHEATING
2026-08-23T18:33:55.198689,4685.6,117.77,3.94,1.84,65.0,12.31,1494.6,22.46,FAULT,OVERHEATING
2026-08-23T18:33:56.198689,4884.9,120.69,3.94,2.17,65.0,12.51,1503.3,21.51,FAULT,OVERHEATING
2026-08-23T18:33:57.198689,4752.1,112.12,3.6,1.8,65.0,12.49,1499.1,21.85,FAULT,OVERHEATING
2026-08-23T18:33:58.198689,4921.5,106.42,3.99,1.65,65.0,12.46,1506.8,21.96,FAULT,OVERHEATING
2026-08-23T18:33:59.198689,4829.6,119.04,3.84,1.59,65.0,12.32,1488.4,22.09,FAULT,OVERHEATING
2026-08-23T18:34:00.198689,4886.7,119.0,3.86,2.05,65.0,12.91,1510.8,22.25,FAULT,OVERHEATING
2026-08-23T18:34:01.198689,4745.8,114.46,3.78,1.81,65.0,12.59,1500.5,21.82,FAULT,OVERHEATING
2026-08-23T18:34:02.198689,4844.9,114.38,3.89,2.04,65.0,11.96,1487.2,21.31,FAULT,OVERHEATING
2026-08-23T18:34:03.198689,4789.6,113.43,3.83,2.13,65.0,12.63,1483.0,22.93,FAULT,OVERHEATING
2026-08-23T18:34:04.198689,4907.2,114.64,3.75,1.81,65.0,12.58,1509.1,22.0,FAULT,OVERHEATING
2026-08-23T18:34:05.198689,4867.8,110.32,3.6,2.33,65.0,12.2,1501.4,22.46,FAULT,OVERHEATING
2026-08-23T18:34:06.198689,4762.3,103.23,3.81,2.63,65.0,12.52,1522.2,21.2,FAULT,OVERHEATING
2026-08-23T18:34:07.198689,4769.5,103.96,3.73,2.43,65.0,12.39,1512.2,22.47,FAULT,OVERHEATING
2026-08-23T18:34:08.198689,4883.1,104.77,3.61,2.99,65.0,12.78,1502.2,22.19,FAULT,OVERHEATING
2026-08-23T18:34:09.198689,4811.3,117.9,3.79,1.53,65.0,12.39,1495.4,21.72,FAULT,OVERHEATING
2026-08-23T18:34:10.198689,4714.9,122.24,4.0,2.55,65.0,12.75,1514.0,21.77,FAULT,OVERHEATING
2026-08-23T18:34:11.198689,4730.7,117.22,3.78,2.28,65.0,12.42,1497.8,21.72,FAULT,OVERHEATING
2026-08-23T18:34:12.198689,4923.0,108.16,3.81,1.98,65.0,12.88,1485.5,21.33,FAULT,OVERHEATING
2026-08-23T18:34:13.198689,4821.2,122.14,3.81,2.35,65.0,12.78,1504.0,21.41,FAULT,OVERHEATING
2026-08-23T18:34:14.198689,4744.3,107.83,3.93,2.2,65.0,12.65,1488.5,22.0,FAULT,OVERHEATING
2026-08-23T18:34:15.198689,4754.4,120.67,3.77,2.36,65.0,13.13,1506.1,22.0,FAULT,OVERHEATING
2026-08-23T18:34:16.198689,4723.9,117.51,3.89,2.05,65.0,12.78,1506.7,22.64,FAULT,OVERHEATING
2026-08-23T18:34:17.198689,4908.4,115.84,3.71,2.41,65.0,12.11,1502.0,21.47,FAULT,OVERHEATING
2026-08-23T18:34:18.198689,4798.4,107.0,3.84,1.61,65.0,12.0,1508.5,21.83,FAULT,OVERHEATING
2026-08-23T18:34:19.198689,4748.6,120.82,3.68,0.91,65.0,12.95,1519.8,22.21,FAULT,OVERHEATING
2026-08-23T18:34:20.198689,4775.9,114.89,3.62,1.79,65.0,13.26,1513.3,21.7,FAULT,OVERHEATING
2026-08-23T18:34:21.198689,4840.3,105.9,3.91,1.63,65.0,12.33,1514.9,22.34,FAULT,OVERHEATING
2026-08-23T18:34:22.198689,4773.3,103.37,3.62,1.84,65.0,12.86,1512.1,21.94,FAULT,OVERHEATING
2026-08-23T18:34:23.198689,4802.2,104.71,3.64,2.28,65.0,12.77,1495.9,22.37,FAULT,OVERHEATING
2026-08-23T18:34:24.198689,4758.1,109.06,3.91,1.51,65.0,12.37,1485.7,22.35,FAULT,OVERHEATING
2026-08-23T18:34:25.198689,4922.4,108.96,3.66,1.73,65.0,12.57,1494.8,22.0,FAULT,OVERHEATING
2026-08-23T18:34:26.198689,4854.0,106.1,3.61,2.73,65.0,12.0,1493.0,21.91,FAULT,OVERHEATING
2026-08-23T18:34:27.198689,4851.9,111.54,3.98,1.82,65.0,12.27,1535.2,22.35,FAULT,OVERHEATING
2026-08-23T18:34:28.198689,4972.3,109.22,3.73,2.67,65.0,13.03,1488.9,22.27,FAULT,OVERHEATING
2026-08-23T18:34:29.198689,4799.7,116.09,3.76,2.21,65.0,12.42,1498.5,22.32,FAULT,OVERHEATING
2026-08-23T18:34:30.198689,4746.9,106.39,3.87,2.26,65.0,12.73,1485.2,21.86,FAULT,OVERHEATING
2026-08-23T18:34:31.198689,4661.6,109.68,3.88,2.06,65.0,11.87,1509.8,21.75,FAULT,OVERHEATING
2026-08-23T18:34:32.198689,4804.4,106.4,3.66,1.61,65.0,12.55,1471.1,21.91,FAULT,OVERHEATING
2026-08-23T18:34:33.198689,4792.1,110.51,3.86,2.04,65.0,12.06,1495.2,21.45,FAULT,OVERHEATING
2026-08-23T18:34:34.198689,4802.3,112.45,3.71,2.44,65.0,13.54,1522.6,22.66,FAULT,OVERHEATING
2026-08-23T18:34:35.198689,4797.9,106.5,3.68,2.16,65.0,11.76,1492.8,22.58,FAULT,OVERHEATING
2026-08-23T18:34:36.198689,4664.8,122.59,3.98,1.86,65.0,12.63,1500.5,21.45,FAULT,OVERHEATING
2026-08-23T18:34:37.198689,4920.2,117.88,3.68,2.0,65.0,12.86,1486.6,22.92,FAULT,OVERHEATING
2026-08-23T18:34:38.198689,4881.8,104.82,3.97,2.16,65.0,12.22,1498.1,21.9,FAULT,OVERHEATING
2026-08-23T18:34:39.198689,4893.0,107.22,3.71,2.11,65.0,12.76,1496.0,21.77,FAULT,OVERHEATING
2026-08-23T18:34:40.198689,4673.3,115.4,3.69,1.98,65.0,12.44,1506.6,22.58,FAULT,OVERHEATING
2026-08-23T18:34:41.198689,4764.2,122.4,3.91,1.89,65.0,12.75,1486.6,21.26,FAULT,OVERHEATING
2026-08-23T18:34:42.198689,4783.6,105.73,3.71,2.24,65.0,11.75,1497.8,22.36,FAULT,OVERHEATING
2026-08-23T18:34:43.198689,4726.4,106.3,3.64,2.15,65.0,11.89,1497.0,21.81,FAULT,OVERHEATING
2026-08-23T18:34:44.198689,4865.9,118.32,3.69,1.96,65.0,12.65,1521.8,21.65,FAULT,OVERHEATING
2026-08-23T18:34:45.198689,4882.1,114.88,3.84,1.89,65.0,12.54,1506.7,21.6,FAULT,OVERHEATING
2026-08-23T18:34:46.198689,4887.3,110.29,3.62,1.74,65.0,12.14,1489.1,21.43,FAULT,OVERHEATING
2026-08-23T18:34:47.198689,4708.0,115.35,3.8,1.93,65.0,12.63,1491.5,22.09,FAULT,OVERHEATING
2026-08-23T18:34:48.198689,4734.3,119.98,3.97,1.57,65.0,12.54,1497.6,21.67,FAULT,OVERHEATING
2026-08-23T18:34:49.198689,4702.8,108.25,3.95,1.8,65.0,12.75,1500.0,22.39,FAULT,OVERHEATING
2026-08-23T18:34:50.198689,4990.9,112.1,3.77,1.86,65.0,13.07,1508.6,21.31,FAULT,OVERHEATING
2026-08-23T18:34:51.198689,4775.9,103.03,3.82,2.01,65.0,12.59,1487.3,21.81,FAULT,OVERHEATING
2026-08-23T18:34:52.198689,4908.0,114.7,3.8,2.31,65.0,12.13,1497.0,22.15,FAULT,OVERHEATING
2026-08-23T18:34:53.198689,4728.0,114.06,3.85,1.92,65.0,12.61,1500.2,22.12,FAULT,OVERHEATING
2026-08-23T18:34:54.198689,4829.7,120.03,3.77,2.05,65.0,13.13,1496.4,21.87,FAULT,OVERHEATING
2026-08-23T18:34:55.198689,4844.2,118.03,3.91,2.0,65.0,12.43,1511.1,22.6,FAULT,OVERHEATING
2026-08-23T18:34:56.198689,4687.4,114.59,3.94,1.44,65.0,12.77,1531.6,22.4,FAULT,OVERHEATING
2026-08-23T18:34:57.198689,4764.8,119.83,3.63,1.47,65.0,12.81,1498.2,21.91,FAULT,OVERHEATING
2026-08-23T18:34:58.198689,4838.5,106.61,3.68,2.55,65.0,12.87,1475.6,22.62,FAULT,OVERHEATING
2026-08-23T18:34:59.198689,4813.3,118.19,3.73,1.9,65.0,12.46,1514.3,21.33,FAULT,OVERHEATING
2026-08-23T18:35:00.198689,4851.2,120.58,3.7,2.56,65.0,12.23,1488.9,22.47,FAULT,OVERHEATING
2026-08-23T18:35:01.198689,4748.7,117.97,3.67,2.27,65.0,12.28,1492.9,22.0,FAULT,OVERHEATING
2026-08-23T18:35:02.198689,4799.3,115.97,3.81,2.18,65.0,12.99,1462.1,22.21,FAULT,OVERHEATING
2026-08-23T18:35:03.198689,4914.6,120.69,3.77,1.4,65.0,12.88,1524.2,22.77,FAULT,OVERHEATING
2026-08-23T18:35:04.198689,4587.8,118.19,3.84,2.16,65.0,13.06,1506.2,22.82,FAULT,OVERHEATING
2026-08-23T18:35:05.198689,4757.8,114.49,3.67,2.27,65.0,12.99,1487.5,21.54,FAULT,OVERHEATING
2026-08-23T18:35:06.198689,4871.1,111.71,3.74,1.67,65.0,12.47,1531.0,21.87,FAULT,OVERHEATING
2026-08-23T18:35:07.198689,4844.5,118.17,3.89,2.61,65.0,12.76,1480.4,22.18,FAULT,OVERHEATING
2026-08-23T18:35:08.198689,4924.4,113.46,3.85,1.63,65.0,12.27,1485.1,21.33,FAULT,OVERHEATING
2026-08-23T18:35:09.198689,4626.0,122.65,3.96,1.58,65.0,12.21,1483.5,22.08,FAULT,OVERHEATING
2026-08-23T18:35:10.198689,4783.9,118.85,3.75,1.7,65.0,12.33,1494.3,21.82,FAULT,OVERHEATING
2026-08-23T18:35:11.198689,4931.4,113.51,3.9,1.7,65.0,11.84,1504.3,21.54,FAULT,OVERHEATING
2026-08-23T18:35:12.198689,4864.5,106.23,3.66,2.06,65.0,11.83,1524.0,22.46,FAULT,OVERHEATING
2026-08-23T18:35:13.198689,4772.1,103.24,3.77,2.01,65.0,11.76,1514.8,21.69,FAULT,OVERHEATING
2026-08-23T18:35:14.198689,4751.1,119.29,3.86,2.32,65.0,12.26,1535.4,22.63,FAULT,OVERHEATING
2026-08-23T18:35:15.198689,4805.2,104.42,3.9,1.8,65.0,11.74,1491.9,21.61,FAULT,OVERHEATING
2026-08-23T18:35:16.198689,4760.4,118.16,3.67,1.51,65.0,12.23,1493.3,22.46,FAULT,OVERHEATING
2026-08-23T18:35:17.198689,4852.9,122.84,3.61,2.0,65.0,12.61,1526.3,22.09,FAULT,OVERHEATING
2026-08-23T18:35:18.198689,4846.4,118.32,3.93,2.44,65.0,12.44,1522.3,21.45,FAULT,OVERHEATING
2026-08-23T18:35:19.198689,4751.2,107.14,3.69,2.14,65.0,13.1,1506.7,21.61,FAULT,OVERHEATING
2026-08-23T18:35:20.198689,4774.6,119.66,3.92,1.84,65.0,12.56,1481.6,22.84,FAULT,OVERHEATING
2026-08-23T18:35:21.198689,4809.7,113.0,3.94,2.57,65.0,12.36,1530.9,22.94,FAULT,OVERHEATING
2026-08-23T18:35:22.198689,4859.9,115.44,3.67,1.91,65.0,12.62,1509.9,22.62,FAULT,OVERHEATING
2026-08-23T18:35:23.198689,4833.1,103.52,3.96,1.2,65.0,12.97,1477.5,21.04,FAULT,OVERHEATING
2026-08-23T18:35:24.198689,4744.7,116.95,3.78,1.92,65.0,12.54,1509.6,22.2,FAULT,OVERHEATING
2026-08-23T18:35:25.198689,4903.1,112.22,3.95,1.9,65.0,12.45,1468.4,22.16,FAULT,OVERHEATING
2026-08-23T18:35:26.198689,4964.9,122.16,3.89,2.51,65.0,13.01,1520.7,21.43,FAULT,OVERHEATING
2026-08-23T18:35:27.198689,4844.1,111.17,3.76,2.19,65.0,11.92,1512.1,22.97,FAULT,OVERHEATING
2026-08-23T18:35:28.198689,4897.2,103.6,3.61,2.06,65.0,13.24,1515.5,20.87,FAULT,OVERHEATING
2026-08-23T18:35:29.198689,4760.5,112.4,3.72,2.73,65.0,13.14,1519.7,21.85,FAULT,OVERHEATING
2026-08-23T18:35:30.198689,4784.3,121.83,3.87,2.28,65.0,12.63,1512.0,22.07,FAULT,OVERHEATING
2026-08-23T18:35:31.198689,4693.6,117.2,3.6,1.42,65.0,12.78,1478.7,21.72,FAULT,OVERHEATING
2026-08-23T18:35:32.198689,4840.5,106.12,3.78,2.19,65.0,13.13,1491.5,22.59,FAULT,OVERHEATING
2026-08-23T18:35:33.198689,4834.5,113.93,3.75,2.25,65.0,12.4,1490.4,21.39,FAULT,OVERHEATING
2026-08-23T18:35:34.198689,4617.5,110.78,3.62,1.28,65.0,11.87,1475.3,21.86,FAULT,OVERHEATING
2026-08-23T18:35:35.198689,4695.2,116.65,3.92,1.94,65.0,11.93,1505.0,22.75,FAULT,OVERHEATING
2026-08-23T18:35:36.198689,4723.0,119.24,3.94,1.84,65.0,11.96,1501.0,21.99,FAULT,OVERHEATING
2026-08-23T18:35:37.198689,4713.0,106.45,3.61,2.45,65.0,12.16,1491.8,21.4,FAULT,OVERHEATING
2026-08-23T18:35:38.198689,4838.7,122.7,3.79,2.09,65.0,12.17,1495.1,21.34,FAULT,OVERHEATING
2026-08-23T18:35:39.198689,4983.3,117.87,3.65,2.5,65.0,12.26,1492.6,21.78,FAULT,OVERHEATING
2026-08-23T18:35:40.198689,4808.0,107.62,3.66,1.81,65.0,11.72,1503.8,22.2,FAULT,OVERHEATING
2026-08-23T18:35:41.198689,4783.6,110.59,3.8,1.67,65.0,12.46,1480.2,21.79,FAULT,OVERHEATING
2026-08-23T18:35:42.198689,4936.7,104.47,3.76,2.04,65.0,12.61,1482.0,22.08,FAULT,OVERHEATING
2026-08-23T18:35:43.198689,4926.6,115.25,3.85,1.7,65.0,12.52,1501.2,22.5,FAULT,OVERHEATING
2026-08-23T18:35:44.198689,4779.8,105.1,3.93,1.92,65.0,12.26,1484.3,22.54,FAULT,OVERHEATING
2026-08-23T18:35:45.198689,4592.0,74.0,4.2,7.76,65.0,12.65,1479.7,21.7,FAULT,VIBRATION
2026-08-23T18:35:46.198689,4708.3,76.42,4.2,9.2,65.0,12.07,1475.0,22.05,FAULT,VIBRATION
2026-08-23T18:35:47.198689,4705.4,72.6,4.2,7.02,65.0,12.8,1502.6,22.21,FAULT,VIBRATION
2026-08-23T18:35:48.198689,4794.4,77.34,4.2,10.09,65.0,12.43,1498.7,21.95,FAULT,VIBRATION
2026-08-23T18:35:49.198689,4690.0,82.3,4.2,10.25,65.0,12.67,1495.1,21.76,FAULT,VIBRATION
2026-08-23T18:35:50.198689,4849.4,78.65,4.2,9.79,65.0,12.59,1522.1,22.66,FAULT,VIBRATION
2026-08-23T18:35:51.198689,4727.8,79.95,4.2,7.24,65.0,12.11,1495.0,22.43,FAULT,VIBRATION
2026-08-23T18:35:52.198689,4755.3,78.97,4.2,8.38,65.0,12.27,1513.1,22.84,FAULT,VIBRATION
2026-08-23T18:35:53.198689,5016.9,75.67,4.2,7.58,65.0,12.25,1509.7,22.82,FAULT,VIBRATION
2026-08-23T18:35:54.198689,4981.4,77.32,4.2,8.21,65.0,12.71,1504.6,23.01,FAULT,VIBRATION
2026-08-23T18:35:55.198689,4602.2,77.06,4.2,6.65,65.0,12.03,1497.7,21.74,FAULT,VIBRATION
2026-08-23T18:35:56.198689,4858.8,80.05,4.2,10.11,65.0,12.19,1499.7,23.1,FAULT,VIBRATION
2026-08-23T18:35:57.198689,4900.2,80.47,4.2,7.01,65.0,12.76,1483.0,23.07,FAULT,VIBRATION
2026-08-23T18:35:58.198689,5065.1,74.69,4.2,6.78,65.0,13.49,1506.6,21.19,FAULT,VIBRATION
2026-08-23T18:35:59.198689,4890.5,76.38,4.2,6.38,65.0,13.2,1501.8,22.14,FAULT,VIBRATION
2026-08-23T18:36:00.198689,4780.1,79.46,4.2,8.27,65.0,12.29,1491.5,22.82,FAULT,VIBRATION
2026-08-23T18:36:01.198689,5095.3,77.95,4.2,8.21,65.0,12.9,1481.8,22.26,FAULT,VIBRATION
2026-08-23T18:36:02.198689,5015.0,75.43,4.2,8.89,65.0,12.56,1496.6,22.31,FAULT,VIBRATION
2026-08-23T18:36:03.198689,4752.5,78.7,4.2,10.56,65.0,12.97,1497.4,21.8,FAULT,VIBRATION
2026-08-23T18:36:04.198689,4678.0,76.13,4.2,6.74,65.0,13.16,1495.1,23.09,FAULT,VIBRATION
2026-08-23T18:36:05.198689,4875.1,77.24,4.2,7.52,65.0,12.3,1502.7,22.36,FAULT,VIBRATION
2026-08-23T18:36:06.198689,4946.5,76.64,4.2,7.83,65.0,12.43,1495.1,22.41,FAULT,VIBRATION
2026-08-23T18:36:07.198689,4936.0,79.01,4.2,10.49,65.0,12.82,1484.5,21.94,FAULT,VIBRATION
2026-08-23T18:36:08.198689,5314.4,78.24,4.2,6.54,65.0,12.56,1472.5,22.37,FAULT,VIBRATION
2026-08-23T18:36:09.198689,4740.6,81.49,4.2,7.41,65.0,12.57,1501.3,21.89,FAULT,VIBRATION
2026-08-23T18:36:10.198689,4744.8,79.67,4.2,8.64,65.0,12.93,1509.8,21.56,FAULT,VIBRATION
2026-08-23T18:36:11.198689,4633.7,75.83,4.2,7.37,65.0,12.78,1503.9,21.58,FAULT,VIBRATION
2026-08-23T18:36:12.198689,4924.6,77.16,4.2,7.37,65.0,12.24,1511.5,21.74,FAULT,VIBRATION
2026-08-23T18:36:13.198689,4868.7,78.49,4.2,7.11,65.0,12.68,1530.3,21.53,FAULT,VIBRATION
2026-08-23T18:36:14.198689,4881.2,81.33,4.2,10.8,65.0,12.36,1500.8,22.44,FAULT,VIBRATION
2026-08-23T18:36:15.198689,4792.9,79.84,4.2,8.53,65.0,12.57,1510.8,22.0,FAULT,VIBRATION
2026-08-23T18:36:16.198689,4596.0,75.29,4.2,8.23,65.0,12.6,1498.7,21.9,FAULT,VIBRATION
2026-08-23T18:36:17.198689,4666.5,78.43,4.2,10.22,65.0,13.15,1493.5,21.93,FAULT,VIBRATION
2026-08-23T18:36:18.198689,4827.0,76.2,4.2,8.19,65.0,12.64,1516.1,22.38,FAULT,VIBRATION
2026-08-23T18:36:19.198689,4813.7,75.55,4.2,7.27,65.0,12.3,1527.0,21.8,FAULT,VIBRATION
2026-08-23T18:36:20.198689,4820.3,80.0,4.2,7.4,65.0,12.64,1529.9,21.36,FAULT,VIBRATION
2026-08-23T18:36:21.198689,4862.8,79.22,4.2,9.26,65.0,12.61,1513.9,21.93,FAULT,VIBRATION
2026-08-23T18:36:22.198689,4775.7,75.37,4.2,8.45,65.0,12.77,1507.0,21.55,FAULT,VIBRATION
2026-08-23T18:36:23.198689,4777.3,80.18,4.2,9.01,65.0,12.41,1496.3,21.41,FAULT,VIBRATION
2026-08-23T18:36:24.198689,4784.5,78.03,4.2,6.92,65.0,13.25,1494.3,22.27,FAULT,VIBRATION
2026-08-23T18:36:25.198689,4650.0,77.73,4.2,7.42,65.0,12.29,1510.7,22.12,FAULT,VIBRATION
2026-08-23T18:36:26.198689,4973.9,80.26,4.2,9.0,65.0,12.78,1485.3,23.3,FAULT,VIBRATION
2026-08-23T18:36:27.198689,4957.2,80.27,4.2,10.69,65.0,12.39,1506.0,22.78,FAULT,VIBRATION
2026-08-23T18:36:28.198689,4569.1,74.39,4.2,9.93,65.0,11.66,1478.8,21.74,FAULT,VIBRATION
2026-08-23T18:36:29.198689,4987.1,74.95,4.2,9.26,65.0,12.41,1509.7,21.36,FAULT,VIBRATION
2026-08-23T18:36:30.198689,4743.1,80.49,4.2,7.77,65.0,11.9,1492.8,21.43,FAULT,VIBRATION
2026-08-23T18:36:31.198689,4891.9,81.42,4.2,9.48,65.0,13.1,1523.3,21.72,FAULT,VIBRATION
2026-08-23T18:36:32.198689,4714.2,76.19,4.2,6.95,65.0,12.24,1497.8,21.79,FAULT,VIBRATION
2026-08-23T18:36:33.198689,4654.3,78.93,4.2,10.38,65.0,12.46,1479.6,21.61,FAULT,VIBRATION
2026-08-23T18:36:34.198689,4842.3,79.51,4.2,8.33,65.0,12.56,1503.5,21.78,FAULT,VIBRATION
2026-08-23T18:36:35.198689,4883.9,76.42,4.2,6.43,65.0,11.98,1496.3,21.91,FAULT,VIBRATION
2026-08-23T18:36:36.198689,4671.3,81.88,4.2,9.85,65.0,12.5,1492.3,22.65,FAULT,VIBRATION
2026-08-23T18:36:37.198689,4799.4,76.06,4.2,7.52,65.0,12.22,1492.1,22.43,FAULT,VIBRATION
2026-08-23T18:36:38.198689,4574.3,78.19,4.2,7.01,65.0,11.54,1500.8,22.32,FAULT,VIBRATION
2026-08-23T18:36:39.198689,4877.0,77.76,4.2,10.66,65.0,12.65,1465.8,21.93,FAULT,VIBRATION
2026-08-23T18:36:40.198689,5060.4,78.55,4.2,7.49,65.0,12.04,1492.4,22.04,FAULT,VIBRATION
2026-08-23T18:36:41.198689,4761.9,76.42,4.2,9.26,65.0,12.67,1501.8,21.9,FAULT,VIBRATION
2026-08-23T18:36:42.198689,5305.2,80.64,4.2,9.72,65.0,12.1,1509.9,22.37,FAULT,VIBRATION
2026-08-23T18:36:43.198689,5075.6,73.05,4.2,10.75,65.0,12.77,1478.6,22.09,FAULT,VIBRATION
2026-08-23T18:36:44.198689,4468.1,79.69,4.2,8.15,65.0,12.57,1511.9,22.03,FAULT,VIBRATION
2026-08-23T18:36:45.198689,4782.1,79.49,4.2,8.95,65.0,12.81,1507.9,21.33,FAULT,VIBRATION
2026-08-23T18:36:46.198689,4779.9,79.39,4.2,10.71,65.0,12.63,1530.6,22.54,FAULT,VIBRATION
2026-08-23T18:36:47.198689,4647.6,74.95,4.2,9.16,65.0,13.36,1500.5,21.65,FAULT,VIBRATION
2026-08-23T18:36:48.198689,4983.5,77.95,4.2,8.02,65.0,12.16,1498.0,22.37,FAULT,VIBRATION
2026-08-23T18:36:49.198689,4716.2,78.32,4.2,9.62,65.0,12.18,1515.3,21.53,FAULT,VIBRATION
2026-08-23T18:36:50.198689,4944.4,75.71,4.2,10.21,65.0,11.95,1490.0,22.95,FAULT,VIBRATION
2026-08-23T18:36:51.198689,4768.2,77.92,4.2,10.7,65.0,13.08,1513.0,22.54,FAULT,VIBRATION
2026-08-23T18:36:52.198689,4621.8,77.04,4.2,8.54,65.0,12.45,1444.9,20.69,FAULT,VIBRATION
2026-08-23T18:36:53.198689,4575.1,75.51,4.2,7.03,65.0,12.28,1488.7,22.06,FAULT,VIBRATION
2026-08-23T18:36:54.198689,5042.9,79.46,4.2,10.64,65.0,12.22,1499.1,21.09,FAULT,VIBRATION
2026-08-23T18:36:55.198689,4805.2,76.03,4.2,7.88,65.0,12.5,1500.4,21.87,FAULT,VIBRATION
2026-08-23T18:36:56.198689,4552.5,79.62,4.2,6.21,65.0,12.63,1506.3,22.78,FAULT,VIBRATION
2026-08-23T18:36:57.198689,4636.6,76.71,4.2,6.95,65.0,12.04,1524.0,21.45,FAULT,VIBRATION
2026-08-23T18:36:58.198689,4868.9,76.94,4.2,9.33,65.0,12.64,1524.0,21.76,FAULT,VIBRATION
2026-08-23T18:36:59.198689,4592.2,78.07,4.2,8.73,65.0,12.46,1505.6,20.97,FAULT,VIBRATION
2026-08-23T18:37:00.198689,4710.1,79.92,4.2,6.49,65.0,12.45,1525.7,21.99,FAULT,VIBRATION
2026-08-23T18:37:01.198689,4872.6,82.07,4.2,7.36,65.0,13.22,1496.5,21.46,FAULT,VIBRATION
2026-08-23T18:37:02.198689,4705.1,79.67,4.2,9.91,65.0,11.82,1493.3,22.91,FAULT,VIBRATION
2026-08-23T18:37:03.198689,4781.7,77.88,4.2,10.77,65.0,12.72,1520.2,21.0,FAULT,VIBRATION
2026-08-23T18:37:04.198689,4952.1,77.64,4.2,9.21,65.0,12.28,1476.7,21.88,FAULT,VIBRATION
2026-08-23T18:37:05.198689,4895.8,77.09,4.2,10.58,65.0,11.39,1499.5,22.16,FAULT,VIBRATION
2026-08-23T18:37:06.198689,4830.8,77.79,4.2,6.91,65.0,12.15,1492.6,21.1,FAULT,VIBRATION
2026-08-23T18:37:07.198689,5021.9,78.76,4.2,10.04,65.0,12.69,1477.7,22.61,FAULT,VIBRATION
2026-08-23T18:37:08.198689,4591.3,79.67,4.2,9.07,65.0,12.13,1509.6,22.26,FAULT,VIBRATION
2026-08-23T18:37:09.198689,4712.5,79.93,4.2,10.66,65.0,12.92,1483.7,22.14,FAULT,VIBRATION
2026-08-23T18:37:10.198689,4636.4,79.18,4.2,8.54,65.0,12.62,1510.1,22.52,FAULT,VIBRATION
2026-08-23T18:37:11.198689,4991.4,79.24,4.2,8.63,65.0,12.82,1508.8,22.56,FAULT,VIBRATION
2026-08-23T18:37:12.198689,4828.2,79.76,4.2,6.72,65.0,12.36,1507.7,21.53,FAULT,VIBRATION
2026-08-23T18:37:13.198689,4864.4,76.65,4.2,7.64,65.0,11.93,1498.0,22.78,FAULT,VIBRATION
2026-08-23T18:37:14.198689,4791.2,73.26,4.2,6.26,65.0,12.77,1508.8,21.62,FAULT,VIBRATION
2026-08-23T18:37:15.198689,4769.6,81.34,4.2,6.64,65.0,12.86,1528.7,21.93,FAULT,VIBRATION
2026-08-23T18:37:16.198689,5028.3,78.12,4.2,9.47,65.0,12.98,1491.8,21.71,FAULT,VIBRATION
2026-08-23T18:37:17.198689,4537.8,74.39,4.2,8.66,65.0,12.45,1509.1,21.33,FAULT,VIBRATION
2026-08-23T18:37:18.198689,4791.0,79.15,4.2,8.44,65.0,12.36,1483.1,21.97,FAULT,VIBRATION
2026-08-23T18:37:19.198689,4642.0,78.62,4.2,6.99,65.0,12.01,1518.2,23.31,FAULT,VIBRATION
2026-08-23T18:37:20.198689,4766.2,74.61,4.2,7.09,65.0,13.2,1505.6,22.11,FAULT,VIBRATION
2026-08-23T18:37:21.198689,4972.4,77.41,4.2,6.32,65.0,12.33,1502.8,23.18,FAULT,VIBRATION
2026-08-23T18:37:22.198689,4485.8,80.21,4.2,9.44,65.0,12.23,1496.5,22.29,FAULT,VIBRATION
2026-08-23T18:37:23.198689,4884.6,79.55,4.2,7.52,65.0,12.61,1501.3,22.78,FAULT,VIBRATION
2026-08-23T18:37:24.198689,4624.9,76.69,4.2,10.07,65.0,12.85,1474.6,21.77,FAULT,VIBRATION
2026-08-23T18:37:25.198689,4611.2,77.8,4.2,7.52,65.0,12.7,1488.3,22.51,FAULT,VIBRATION
2026-08-23T18:37:26.198689,4803.1,79.28,4.2,10.42,65.0,13.0,1508.0,22.29,FAULT,VIBRATION
2026-08-23T18:37:27.198689,4931.9,79.32,4.2,9.12,65.0,12.16,1492.3,22.04,FAULT,VIBRATION
2026-08-23T18:37:28.198689,4509.9,78.23,4.2,7.4,65.0,11.83,1483.5,21.62,FAULT,VIBRATION
2026-08-23T18:37:29.198689,4785.2,74.94,4.2,8.84,65.0,12.42,1521.5,21.86,FAULT,VIBRATION
2026-08-23T18:37:30.198689,4637.9,77.0,4.2,10.48,65.0,12.97,1481.5,21.72,FAULT,VIBRATION
2026-08-23T18:37:31.198689,4763.4,77.13,4.2,6.92,65.0,12.07,1496.6,21.67,FAULT,VIBRATION
2026-08-23T18:37:32.198689,4521.1,78.56,4.2,10.92,65.0,13.37,1482.5,22.1,FAULT,VIBRATION
2026-08-23T18:37:33.198689,4868.6,76.89,4.2,6.2,65.0,12.44,1512.6,22.04,FAULT,VIBRATION
2026-08-23T18:37:34.198689,4923.3,76.15,4.2,7.44,65.0,12.42,1501.4,20.84,FAULT,VIBRATION
2026-08-23T18:37:35.198689,4639.0,80.14,4.2,10.66,65.0,12.43,1476.1,21.74,FAULT,VIBRATION
2026-08-23T18:37:36.198689,4858.0,76.97,4.2,9.79,65.0,12.19,1497.2,21.84,FAULT,VIBRATION
2026-08-23T18:37:37.198689,5119.6,74.84,4.2,9.92,65.0,12.96,1515.1,22.05,FAULT,VIBRATION
2026-08-23T18:37:38.198689,4718.9,78.52,4.2,9.05,65.0,12.76,1512.0,22.07,FAULT,VIBRATION
2026-08-23T18:37:39.198689,4570.8,76.15,4.2,10.25,65.0,12.73,1498.4,22.61,FAULT,VIBRATION
2026-08-23T18:37:40.198689,4538.7,77.38,4.2,9.25,65.0,12.71,1486.6,22.18,FAULT,VIBRATION
2026-08-23T18:37:41.198689,4702.5,75.47,4.2,7.3,65.0,12.49,1509.2,21.21,FAULT,VIBRATION
2026-08-23T18:37:42.198689,4801.4,75.3,4.2,9.33,65.0,11.84,1500.8,21.46,FAULT,VIBRATION
2026-08-23T18:37:43.198689,4730.1,76.43,4.2,9.73,65.0,12.69,1512.7,21.83,FAULT,VIBRATION
2026-08-23T18:37:44.198689,4555.0,77.24,4.2,7.52,65.0,12.46,1486.6,21.68,FAULT,VIBRATION
2026-08-23T18:37:45.198689,4831.6,77.5,4.2,9.84,65.0,12.74,1498.0,23.42,FAULT,VIBRATION
2026-08-23T18:37:46.198689,4702.0,77.71,4.2,7.11,65.0,12.72,1521.3,21.55,FAULT,VIBRATION
2026-08-23T18:37:47.198689,4849.6,76.23,4.2,10.83,65.0,12.56,1486.1,21.75,FAULT,VIBRATION
2026-08-23T18:37:48.198689,4938.7,76.96,4.2,9.5,65.0,12.97,1475.7,21.63,FAULT,VIBRATION
2026-08-23T18:37:49.198689,4632.3,79.22,4.2,8.35,65.0,11.87,1505.9,22.24,FAULT,VIBRATION
2026-08-23T18:37:50.198689,4858.6,74.68,4.2,6.19,65.0,12.9,1482.7,21.58,FAULT,VIBRATION
2026-08-23T18:37:51.198689,4854.2,76.5,4.2,10.68,65.0,12.59,1518.3,22.09,FAULT,VIBRATION
2026-08-23T18:37:52.198689,5000.3,75.52,4.2,6.4,65.0,12.91,1499.7,22.28,FAULT,VIBRATION
2026-08-23T18:37:53.198689,4912.1,82.04,4.2,9.74,65.0,11.86,1479.5,21.43,FAULT,VIBRATION
2026-08-23T18:37:54.198689,4765.0,82.63,4.2,7.29,65.0,12.85,1501.2,22.2,FAULT,VIBRATION
2026-08-23T18:37:55.198689,4607.4,77.39,4.2,10.66,65.0,13.07,1488.1,21.98,FAULT,VIBRATION
2026-08-23T18:37:56.198689,4922.2,77.4,4.2,9.28,65.0,12.24,1500.0,22.6,FAULT,VIBRATION
2026-08-23T18:37:57.198689,4873.9,75.24,4.2,6.3,65.0,12.81,1516.0,21.82,FAULT,VIBRATION
2026-08-23T18:37:58.198689,4764.6,78.57,4.2,8.15,65.0,12.07,1498.4,21.64,FAULT,VIBRATION
2026-08-23T18:37:59.198689,4705.8,75.77,4.2,10.99,65.0,12.87,1501.0,22.54,FAULT,VIBRATION
2026-08-23T18:38:00.198689,4802.1,78.06,4.2,6.89,65.0,12.84,1507.5,22.32,FAULT,VIBRATION
2026-08-23T18:38:01.198689,4927.8,79.92,4.2,8.52,65.0,13.11,1492.5,22.23,FAULT,VIBRATION
2026-08-23T18:38:02.198689,4779.6,78.27,4.2,9.3,65.0,13.43,1476.0,22.02,FAULT,VIBRATION
2026-08-23T18:38:03.198689,4846.4,78.68,4.2,9.88,65.0,12.78,1474.3,21.9,FAULT,VIBRATION
2026-08-23T18:38:04.198689,4813.5,78.97,4.2,6.12,65.0,11.91,1484.2,22.54,FAULT,VIBRATION
2026-08-23T18:38:05.198689,5047.9,78.15,4.2,10.04,65.0,13.3,1495.8,22.4,FAULT,VIBRATION
2026-08-23T18:38:06.198689,4692.5,80.67,4.2,9.03,65.0,12.97,1491.8,21.57,FAULT,VIBRATION
2026-08-23T18:38:07.198689,4865.5,79.83,4.2,6.25,65.0,12.9,1491.9,22.21,FAULT,VIBRATION
2026-08-23T18:38:08.198689,4727.9,78.14,4.2,7.27,65.0,12.83,1504.0,21.54,FAULT,VIBRATION
2026-08-23T18:38:09.198689,4731.7,76.02,4.2,7.6,65.0,12.95,1484.0,22.26,FAULT,VIBRATION
2026-08-23T18:38:10.198689,4662.3,72.34,4.2,7.97,65.0,12.85,1518.2,21.78,FAULT,VIBRATION
2026-08-23T18:38:11.198689,5066.3,79.73,4.2,8.47,65.0,12.18,1490.1,22.28,FAULT,VIBRATION
2026-08-23T18:38:12.198689,4947.0,77.82,4.2,9.54,65.0,12.81,1482.5,21.96,FAULT,VIBRATION
2026-08-23T18:38:13.198689,4934.1,78.74,4.2,6.03,65.0,12.4,1485.8,22.37,FAULT,VIBRATION
2026-08-23T18:38:14.198689,4811.1,78.13,4.2,6.98,65.0,12.21,1512.3,21.95,FAULT,VIBRATION
2026-08-23T18:38:15.198689,4973.2,78.28,4.2,6.9,65.0,11.81,1497.4,21.69,FAULT,VIBRATION
2026-08-23T18:38:16.198689,4636.3,79.35,4.2,6.27,65.0,12.37,1500.9,22.31,FAULT,VIBRATION
2026-08-23T18:38:17.198689,4726.5,76.56,4.2,8.94,65.0,12.5,1502.2,21.34,FAULT,VIBRATION
2026-08-23T18:38:18.198689,4668.5,78.19,4.2,6.6,65.0,13.17,1498.0,21.74,FAULT,VIBRATION
2026-08-23T18:38:19.198689,4750.5,74.9,4.2,10.94,65.0,12.05,1535.3,21.34,FAULT,VIBRATION
2026-08-23T18:38:20.198689,4876.3,78.63,4.2,10.91,65.0,12.29,1507.0,22.25,FAULT,VIBRATION
2026-08-23T18:38:21.198689,4941.0,76.35,4.2,6.6,65.0,12.12,1502.1,21.46,FAULT,VIBRATION
2026-08-23T18:38:22.198689,4803.3,74.53,4.2,9.63,65.0,12.91,1517.1,21.17,FAULT,VIBRATION
2026-08-23T18:38:23.198689,4873.5,79.85,4.2,9.75,65.0,12.7,1488.1,21.69,FAULT,VIBRATION
2026-08-23T18:38:24.198689,4754.6,77.05,4.2,10.12,65.0,12.83,1502.7,21.8,FAULT,VIBRATION
2026-08-23T18:38:25.198689,4655.1,78.99,4.2,6.03,65.0,12.8,1509.7,22.12,FAULT,VIBRATION
2026-08-23T18:38:26.198689,4491.3,78.22,4.2,10.61,65.0,12.35,1489.1,22.41,FAULT,VIBRATION
2026-08-23T18:38:27.198689,4823.2,76.41,4.2,6.14,65.0,12.61,1477.9,21.95,FAULT,VIBRATION
2026-08-23T18:38:28.198689,4936.5,78.1,4.2,8.25,65.0,12.56,1490.5,22.17,FAULT,VIBRATION
2026-08-23T18:38:29.198689,4856.9,74.79,4.2,7.27,65.0,12.42,1501.8,22.03,FAULT,VIBRATION
2026-08-23T18:38:30.198689,4683.2,78.07,4.2,6.5,65.0,11.63,1499.3,22.63,FAULT,VIBRATION
2026-08-23T18:38:31.198689,4662.1,77.77,4.2,10.44,65.0,12.55,1503.0,22.71,FAULT,VIBRATION
2026-08-23T18:38:32.198689,4627.6,77.2,4.2,6.91,65.0,12.29,1499.7,21.51,FAULT,VIBRATION
2026-08-23T18:38:33.198689,4739.3,77.82,4.2,9.48,65.0,11.97,1490.8,22.13,FAULT,VIBRATION
2026-08-23T18:38:34.198689,4811.8,77.03,4.2,7.35,65.0,11.42,1472.0,22.32,FAULT,VIBRATION
2026-08-23T18:38:35.198689,4776.5,80.15,4.2,9.55,65.0,12.76,1485.8,21.2,FAULT,VIBRATION
2026-08-23T18:38:36.198689,4790.7,75.65,4.2,6.74,65.0,12.62,1479.0,21.68,FAULT,VIBRATION
2026-08-23T18:38:37.198689,4635.6,78.36,4.2,7.36,65.0,13.06,1515.9,22.62,FAULT,VIBRATION
2026-08-23T18:38:38.198689,4751.4,76.5,4.2,8.05,65.0,12.82,1491.8,22.29,FAULT,VIBRATION
2026-08-23T18:38:39.198689,4730.7,79.03,4.2,10.74,65.0,12.48,1498.7,21.61,FAULT,VIBRATION
2026-08-23T18:38:40.198689,4953.3,77.79,4.2,10.1,65.0,12.62,1502.2,21.98,FAULT,VIBRATION
2026-08-23T18:38:41.198689,4357.6,77.58,4.2,8.09,65.0,12.32,1508.8,21.89,FAULT,VIBRATION
2026-08-23T18:38:42.198689,4942.0,79.94,4.2,6.73,65.0,12.22,1498.8,21.6,FAULT,VIBRATION
2026-08-23T18:38:43.198689,4892.6,77.24,4.2,9.33,65.0,12.82,1496.6,21.76,FAULT,VIBRATION
2026-08-23T18:38:44.198689,4449.5,79.82,4.2,8.32,65.0,12.33,1468.5,22.44,FAULT,VIBRATION
2026-08-23T18:38:45.198689,4880.7,78.37,4.2,9.01,65.0,12.14,1497.0,22.86,FAULT,VIBRATION
2026-08-23T18:38:46.198689,4897.5,79.57,4.2,7.63,65.0,12.28,1506.4,22.48,FAULT,VIBRATION
2026-08-23T18:38:47.198689,4959.3,76.55,4.2,10.13,65.0,12.49,1518.4,21.96,FAULT,VIBRATION
2026-08-23T18:38:48.198689,4941.6,82.61,4.2,6.04,65.0,12.61,1501.2,21.63,FAULT,VIBRATION
2026-08-23T18:38:49.198689,5072.4,78.95,4.2,9.08,65.0,12.02,1484.4,21.52,FAULT,VIBRATION
2026-08-23T18:38:50.198689,4868.5,77.67,4.2,10.08,65.0,12.65,1525.1,22.74,FAULT,VIBRATION
2026-08-23T18:38:51.198689,4978.4,79.01,4.2,7.39,65.0,12.79,1511.5,22.05,FAULT,VIBRATION
2026-08-23T18:38:52.198689,4691.8,81.67,4.2,8.11,65.0,12.17,1502.8,21.9,FAULT,VIBRATION
2026-08-23T18:38:53.198689,4720.6,77.58,4.2,10.86,65.0,12.7,1499.3,22.12,FAULT,VIBRATION
2026-08-23T18:38:54.198689,4796.4,75.3,4.2,6.39,65.0,12.59,1476.2,21.53,FAULT,VIBRATION
2026-08-23T18:38:55.198689,4779.8,76.26,4.2,6.54,65.0,13.04,1494.1,21.9,FAULT,VIBRATION
2026-08-23T18:38:56.198689,4725.7,77.66,4.2,10.57,65.0,12.77,1477.0,22.42,FAULT,VIBRATION
2026-08-23T18:38:57.198689,4599.1,78.49,4.2,7.61,65.0,12.5,1507.5,21.34,FAULT,VIBRATION
2026-08-23T18:38:58.198689,4931.4,78.69,4.2,9.39,65.0,13.07,1512.1,21.33,FAULT,VIBRATION
2026-08-23T18:38:59.198689,5221.8,79.53,4.2,6.92,65.0,12.42,1488.4,21.96,FAULT,VIBRATION
2026-08-23T18:39:00.198689,4602.6,76.12,4.2,9.15,65.0,12.96,1489.1,22.33,FAULT,VIBRATION
2026-08-23T18:39:01.198689,4775.0,74.05,4.2,7.62,65.0,12.46,1505.7,21.99,FAULT,VIBRATION
2026-08-23T18:39:02.198689,5051.9,81.84,4.2,7.78,65.0,12.55,1494.9,22.07,FAULT,VIBRATION
2026-08-23T18:39:03.198689,4509.4,77.81,4.2,9.74,65.0,12.88,1475.9,22.36,FAULT,VIBRATION
2026-08-23T18:39:04.198689,4700.4,75.1,4.2,10.04,65.0,12.52,1504.3,22.69,FAULT,VIBRATION
2026-08-23T18:39:05.198689,4860.2,77.04,4.2,6.37,65.0,11.8,1487.8,22.46,FAULT,VIBRATION
2026-08-23T18:39:06.198689,4539.0,83.25,4.2,8.13,65.0,13.0,1489.8,22.94,FAULT,VIBRATION
2026-08-23T18:39:07.198689,4625.3,78.9,4.2,8.05,65.0,11.83,1492.6,21.74,FAULT,VIBRATION
2026-08-23T18:39:08.198689,4752.6,81.25,4.2,8.66,65.0,12.94,1506.4,22.43,FAULT,VIBRATION
2026-08-23T18:39:09.198689,4626.4,81.55,4.2,8.95,65.0,12.6,1487.0,21.26,FAULT,VIBRATION
2026-08-23T18:39:10.198689,4906.0,76.81,4.2,8.55,65.0,12.23,1481.8,21.72,FAULT,VIBRATION
2026-08-23T18:39:11.198689,4639.8,80.89,4.2,10.5,65.0,12.57,1512.1,22.13,FAULT,VIBRATION
2026-08-23T18:39:12.198689,5142.7,77.47,4.2,6.48,65.0,12.94,1494.5,21.29,FAULT,VIBRATION
2026-08-23T18:39:13.198689,4615.1,80.03,4.2,6.61,65.0,12.63,1506.0,22.01,FAULT,VIBRATION
2026-08-23T18:39:14.198689,4796.5,79.45,4.2,6.4,65.0,13.2,1490.8,22.43,FAULT,VIBRATION
2026-08-23T18:39:15.198689,4833.4,77.64,4.2,8.7,65.0,12.64,1514.3,21.83,FAULT,VIBRATION
2026-08-23T18:39:16.198689,4737.6,77.33,4.2,8.18,65.0,12.44,1497.4,22.15,FAULT,VIBRATION
2026-08-23T18:39:17.198689,4888.2,78.08,4.2,10.55,65.0,12.28,1492.9,21.59,FAULT,VIBRATION
2026-08-23T18:39:18.198689,4738.0,76.3,4.2,10.95,65.0,12.34,1507.3,22.52,FAULT,VIBRATION
2026-08-23T18:39:19.198689,4750.3,74.94,4.2,9.87,65.0,11.57,1496.4,21.49,FAULT,VIBRATION
2026-08-23T18:39:20.198689,4911.3,78.56,4.2,10.78,65.0,12.06,1507.2,21.18,FAULT,VIBRATION
2026-08-23T18:39:21.198689,4595.9,79.98,4.2,7.47,65.0,12.24,1509.9,21.81,FAULT,VIBRATION
2026-08-23T18:39:22.198689,4786.3,79.51,4.2,7.31,65.0,12.47,1500.6,21.95,FAULT,VIBRATION
2026-08-23T18:39:23.198689,4670.6,77.83,4.2,7.54,65.0,13.44,1486.9,21.92,FAULT,VIBRATION
2026-08-23T18:39:24.198689,4877.9,78.67,4.2,10.6,65.0,12.04,1502.0,22.03,FAULT,VIBRATION
2026-08-23T18:39:25.198689,4733.4,75.94,4.2,9.44,65.0,12.34,1510.4,21.64,FAULT,VIBRATION
2026-08-23T18:39:26.198689,4913.1,76.44,4.2,9.06,65.0,12.69,1503.5,22.73,FAULT,VIBRATION
2026-08-23T18:39:27.198689,4903.8,81.15,4.2,10.68,65.0,12.32,1491.3,22.63,FAULT,VIBRATION
2026-08-23T18:39:28.198689,5014.7,78.64,4.2,6.74,65.0,12.62,1505.8,21.55,FAULT,VIBRATION
2026-08-23T18:39:29.198689,4765.1,80.37,4.2,6.01,65.0,12.28,1501.3,22.45,FAULT,VIBRATION
2026-08-23T18:39:30.198689,4611.4,77.36,4.2,7.37,65.0,12.78,1520.4,22.09,FAULT,VIBRATION
2026-08-23T18:39:31.198689,4648.0,74.77,4.2,7.37,65.0,12.36,1511.1,21.62,FAULT,VIBRATION
2026-08-23T18:39:32.198689,4927.6,76.67,4.2,6.23,65.0,12.72,1521.8,22.61,FAULT,VIBRATION
2026-08-23T18:39:33.198689,4741.6,78.06,4.2,9.48,65.0,12.44,1485.5,22.53,FAULT,VIBRATION
2026-08-23T18:39:34.198689,4653.5,78.03,4.2,7.2,65.0,11.96,1483.7,22.71,FAULT,VIBRATION
2026-08-23T18:39:35.198689,4827.7,78.47,4.2,7.65,65.0,12.26,1492.2,22.09,FAULT,VIBRATION
2026-08-23T18:39:36.198689,4839.3,77.28,4.2,9.87,65.0,13.28,1521.7,21.43,FAULT,VIBRATION
2026-08-23T18:39:37.198689,4996.3,77.02,4.2,7.12,65.0,13.0,1473.1,21.8,FAULT,VIBRATION
2026-08-23T18:39:38.198689,4932.4,77.77,4.2,10.48,65.0,12.68,1518.6,22.15,FAULT,VIBRATION
2026-08-23T18:39:39.198689,4820.5,77.9,4.2,7.54,65.0,11.99,1514.2,21.26,FAULT,VIBRATION
2026-08-23T18:39:40.198689,4622.7,81.65,4.2,9.25,65.0,11.75,1513.2,21.48,FAULT,VIBRATION
2026-08-23T18:39:41.198689,4696.2,77.73,4.2,7.99,65.0,12.49,1518.2,21.54,FAULT,VIBRATION
2026-08-23T18:39:42.198689,4856.2,79.78,4.2,6.43,65.0,12.46,1486.2,22.06,FAULT,VIBRATION
2026-08-23T18:39:43.198689,4866.8,73.37,4.2,8.78,65.0,11.75,1478.7,21.62,FAULT,VIBRATION
2026-08-23T18:39:44.198689,4926.2,79.03,4.2,7.69,65.0,12.45,1504.0,22.84,FAULT,VIBRATION
2026-08-23T18:39:45.198689,4931.8,78.77,4.2,7.19,65.0,12.07,1503.7,22.05,FAULT,VIBRATION
2026-08-23T18:39:46.198689,4937.9,79.08,4.2,7.44,65.0,12.92,1501.4,22.32,FAULT,VIBRATION
2026-08-23T18:39:47.198689,4910.9,76.72,4.2,10.65,65.0,12.32,1498.7,22.6,FAULT,VIBRATION
2026-08-23T18:39:48.198689,4821.6,79.94,4.2,10.73,65.0,12.71,1500.6,21.93,FAULT,VIBRATION
2026-08-23T18:39:49.198689,4781.2,81.34,4.2,8.93,65.0,12.87,1472.1,22.04,FAULT,VIBRATION
2026-08-23T18:39:50.198689,4737.1,76.42,4.2,9.29,65.0,12.38,1505.1,22.54,FAULT,VIBRATION
2026-08-23T18:39:51.198689,4490.6,80.73,4.2,8.11,65.0,12.6,1529.3,22.47,FAULT,VIBRATION
2026-08-23T18:39:52.198689,4981.5,76.21,4.2,8.22,65.0,12.78,1507.1,22.26,FAULT,VIBRATION
2026-08-23T18:39:53.198689,4903.0,81.61,4.2,8.06,65.0,12.3,1480.3,21.9,FAULT,VIBRATION
2026-08-23T18:39:54.198689,4715.9,81.64,4.2,6.05,65.0,12.9,1459.7,22.11,FAULT,VIBRATION
2026-08-23T18:39:55.198689,4637.1,79.91,4.2,7.62,65.0,12.74,1487.0,21.53,FAULT,VIBRATION
2026-08-23T18:39:56.198689,4814.7,81.61,4.2,7.19,65.0,12.02,1492.4,22.11,FAULT,VIBRATION
2026-08-23T18:39:57.198689,4557.5,78.74,4.2,10.35,65.0,12.36,1503.1,21.99,FAULT,VIBRATION
2026-08-23T18:39:58.198689,4729.1,78.89,4.2,10.69,65.0,12.82,1510.6,22.01,FAULT,VIBRATION
2026-08-23T18:39:59.198689,4861.8,78.54,4.2,9.25,65.0,12.56,1500.9,21.64,FAULT,VIBRATION
2026-08-23T18:40:00.198689,4789.9,76.97,4.2,9.76,65.0,12.07,1535.7,21.42,FAULT,VIBRATION
2026-08-23T18:40:01.198689,4835.7,74.96,4.2,7.54,65.0,12.77,1524.2,22.73,FAULT,VIBRATION
2026-08-23T18:40:02.198689,4849.4,76.2,4.2,10.53,65.0,12.0,1491.6,21.57,FAULT,VIBRATION
2026-08-23T18:40:03.198689,4706.7,79.2,4.2,6.55,65.0,12.81,1471.5,22.44,FAULT,VIBRATION
2026-08-23T18:40:04.198689,4774.1,78.33,4.2,10.47,65.0,12.45,1493.6,21.93,FAULT,VIBRATION
2026-08-23T18:40:05.198689,4580.4,79.1,4.2,6.4,65.0,12.65,1511.9,21.38,FAULT,VIBRATION
2026-08-23T18:40:06.198689,4819.2,78.15,4.2,6.62,65.0,12.56,1480.6,23.34,FAULT,VIBRATION
2026-08-23T18:40:07.198689,4806.9,75.11,4.2,6.93,65.0,12.96,1479.1,22.41,FAULT,VIBRATION
2026-08-23T18:40:08.198689,4850.8,75.61,4.2,10.17,65.0,11.88,1528.1,22.19,FAULT,VIBRATION
2026-08-23T18:40:09.198689,4846.6,75.43,4.2,7.98,65.0,12.2,1514.4,23.16,FAULT,VIBRATION
2026-08-23T18:40:10.198689,4856.1,76.29,4.2,10.37,65.0,12.04,1498.6,21.46,FAULT,VIBRATION
2026-08-23T18:40:11.198689,4544.4,73.37,4.2,7.21,65.0,12.98,1480.2,22.22,FAULT,VIBRATION
2026-08-23T18:40:12.198689,4911.4,74.05,4.2,7.4,65.0,12.16,1485.6,21.54,FAULT,VIBRATION
2026-08-23T18:40:13.198689,4852.9,79.4,4.2,8.14,65.0,13.37,1496.4,21.56,FAULT,VIBRATION
2026-08-23T18:40:14.198689,4613.4,78.44,4.2,7.13,65.0,12.51,1510.0,22.04,FAULT,VIBRATION
2026-08-23T18:40:15.198689,4706.4,77.34,4.2,10.91,65.0,12.56,1501.5,22.27,FAULT,VIBRATION
2026-08-23T18:40:16.198689,4806.7,78.8,4.2,7.68,65.0,12.74,1494.4,21.81,FAULT,VIBRATION
2026-08-23T18:40:17.198689,4816.9,76.39,4.2,6.68,65.0,12.27,1491.1,21.98,FAULT,VIBRATION
2026-08-23T18:40:18.198689,4780.0,79.09,4.2,7.35,65.0,12.25,1493.2,21.74,FAULT,VIBRATION
2026-08-23T18:40:19.198689,4652.4,79.01,4.2,6.53,65.0,12.98,1504.0,21.58,FAULT,VIBRATION
2026-08-23T18:40:20.198689,4865.7,79.56,4.2,9.79,65.0,12.24,1491.3,22.81,FAULT,VIBRATION
2026-08-23T18:40:21.198689,4593.7,77.79,4.2,9.79,65.0,12.15,1520.2,21.13,FAULT,VIBRATION
2026-08-23T18:40:22.198689,4659.9,81.66,4.2,7.5,65.0,12.83,1476.9,21.54,FAULT,VIBRATION
2026-08-23T18:40:23.198689,4819.0,76.13,4.2,9.73,65.0,12.87,1484.4,21.75,FAULT,VIBRATION
2026-08-23T18:40:24.198689,4850.0,78.22,4.2,6.48,65.0,12.85,1489.8,22.61,FAULT,VIBRATION
2026-08-23T18:40:25.198689,4595.7,76.85,4.2,10.8,65.0,13.12,1501.5,21.15,FAULT,VIBRATION
2026-08-23T18:40:26.198689,4744.3,76.52,4.2,7.75,65.0,12.12,1503.1,21.48,FAULT,VIBRATION
2026-08-23T18:40:27.198689,4925.2,76.2,4.2,10.12,65.0,11.87,1499.8,20.68,FAULT,VIBRATION
2026-08-23T18:40:28.198689,4752.2,74.95,4.2,10.67,65.0,12.51,1525.6,22.67,FAULT,VIBRATION
2026-08-23T18:40:29.198689,4821.2,78.05,4.2,9.09,65.0,12.89,1478.4,21.62,FAULT,VIBRATION
2026-08-23T18:40:30.198689,4697.3,73.66,4.2,7.22,65.0,12.59,1496.9,21.89,FAULT,VIBRATION
2026-08-23T18:40:31.198689,5058.7,80.03,4.2,7.03,65.0,13.02,1471.9,21.61,FAULT,VIBRATION
2026-08-23T18:40:32.198689,4855.3,77.94,4.2,6.31,65.0,12.87,1489.5,22.29,FAULT,VIBRATION
2026-08-23T18:40:33.198689,4892.3,76.48,4.2,9.64,65.0,12.64,1488.6,21.91,FAULT,VIBRATION
2026-08-23T18:40:34.198689,5066.4,83.58,4.2,6.45,65.0,13.07,1484.9,22.09,FAULT,VIBRATION
2026-08-23T18:40:35.198689,4911.6,76.78,4.2,9.86,65.0,12.57,1492.6,22.4,FAULT,VIBRATION
2026-08-23T18:40:36.198689,4700.1,78.75,4.2,7.93,65.0,12.51,1494.3,22.16,FAULT,VIBRATION
2026-08-23T18:40:37.198689,4923.9,77.97,4.2,9.3,65.0,12.51,1480.1,21.36,FAULT,VIBRATION
2026-08-23T18:40:38.198689,4623.7,78.56,4.2,8.42,65.0,12.29,1492.4,21.44,FAULT,VIBRATION
2026-08-23T18:40:39.198689,4848.3,82.82,4.2,6.99,65.0,12.19,1486.7,21.03,FAULT,VIBRATION
2026-08-23T18:40:40.198689,4798.2,78.83,4.2,9.17,65.0,13.43,1515.3,21.29,FAULT,VIBRATION
2026-08-23T18:40:41.198689,4738.2,76.44,4.2,9.55,65.0,13.13,1496.6,22.47,FAULT,VIBRATION
2026-08-23T18:40:42.198689,5034.3,81.84,4.2,8.14,65.0,12.81,1502.4,22.52,FAULT,VIBRATION
2026-08-23T18:40:43.198689,4615.3,77.66,4.2,6.47,65.0,12.93,1466.6,22.56,FAULT,VIBRATION
2026-08-23T18:40:44.198689,4653.1,79.33,4.2,8.01,65.0,12.39,1492.2,22.59,FAULT,VIBRATION
2026-08-23T18:40:45.198689,4429.7,79.11,2.15,2.25,65.0,12.92,1502.1,22.06,FAULT,PRESSURE_DROP
2026-08-23T18:40:46.198689,4542.5,81.67,2.32,1.93,65.0,12.24,1509.8,21.48,FAULT,PRESSURE_DROP
2026-08-23T18:40:47.198689,4389.7,79.71,2.48,1.99,65.0,12.03,1493.6,23.41,FAULT,PRESSURE_DROP
2026-08-23T18:40:48.198689,4485.4,76.18,2.61,2.18,65.0,12.11,1480.6,21.96,FAULT,PRESSURE_DROP
2026-08-23T18:40:49.198689,4588.6,79.6,2.68,1.7,65.0,12.02,1506.6,22.01,FAULT,PRESSURE_DROP
2026-08-23T18:40:50.198689,4410.5,73.78,2.57,2.63,65.0,12.51,1506.9,21.48,FAULT,PRESSURE_DROP
2026-08-23T18:40:51.198689,4343.3,76.44,2.15,0.96,65.0,12.17,1496.7,21.8,FAULT,PRESSURE_DROP
2026-08-23T18:40:52.198689,4561.2,75.83,2.7,2.7,65.0,12.35,1524.5,22.17,FAULT,PRESSURE_DROP
2026-08-23T18:40:53.198689,4585.8,79.23,1.56,1.98,65.0,11.87,1499.0,21.54,FAULT,PRESSURE_DROP
2026-08-23T18:40:54.198689,4410.8,78.13,1.98,2.99,65.0,12.26,1527.1,21.94,FAULT,PRESSURE_DROP
2026-08-23T18:40:55.198689,4493.5,81.81,1.98,1.4,65.0,12.28,1525.0,21.9,FAULT,PRESSURE_DROP
2026-08-23T18:40:56.198689,4330.3,78.55,1.99,1.1,65.0,12.34,1514.6,21.25,FAULT,PRESSURE_DROP
2026-08-23T18:40:57.198689,4326.8,80.04,2.25,2.3,65.0,12.84,1507.4,22.69,FAULT,PRESSURE_DROP
2026-08-23T18:40:58.198689,4431.8,75.6,1.21,1.7,65.0,12.47,1467.5,22.1,FAULT,PRESSURE_DROP
2026-08-23T18:40:59.198689,4343.7,76.81,2.19,2.85,65.0,12.87,1536.0,22.15,FAULT,PRESSURE_DROP
2026-08-23T18:41:00.198689,4366.8,78.55,1.84,1.88,65.0,12.1,1497.7,21.67,FAULT,PRESSURE_DROP
2026-08-23T18:41:01.198689,4513.4,78.09,2.21,2.15,65.0,12.61,1518.2,21.65,FAULT,PRESSURE_DROP
2026-08-23T18:41:02.198689,4500.8,76.87,1.78,2.03,65.0,12.44,1504.5,20.94,FAULT,PRESSURE_DROP
2026-08-23T18:41:03.198689,4408.8,79.11,1.83,1.97,65.0,12.89,1510.0,21.9,FAULT,PRESSURE_DROP
2026-08-23T18:41:04.198689,4470.3,75.56,1.97,1.01,65.0,12.7,1519.9,22.31,FAULT,PRESSURE_DROP
2026-08-23T18:41:05.198689,4347.1,77.73,2.56,2.89,65.0,12.26,1519.3,20.75,FAULT,PRESSURE_DROP
2026-08-23T18:41:06.198689,4446.4,77.71,1.99,1.62,65.0,12.5,1512.8,21.83,FAULT,PRESSURE_DROP
2026-08-23T18:41:07.198689,4537.6,77.17,2.47,0.94,65.0,11.66,1479.4,22.17,FAULT,PRESSURE_DROP
2026-08-23T18:41:08.198689,4535.8,82.11,1.55,2.44,65.0,12.73,1484.8,22.28,FAULT,PRESSURE_DROP
2026-08-23T18:41:09.198689,4531.4,77.95,1.62,2.45,65.0,12.73,1513.7,21.68,FAULT,PRESSURE_DROP
2026-08-23T18:41:10.198689,4381.0,77.07,2.5,2.84,65.0,12.91,1491.9,21.76,FAULT,PRESSURE_DROP
2026-08-23T18:41:11.198689,4346.6,81.32,2.69,2.12,65.0,11.9,1495.2,22.25,FAULT,PRESSURE_DROP
2026-08-23T18:41:12.198689,4423.0,81.09,2.32,2.66,65.0,12.38,1506.0,22.31,FAULT,PRESSURE_DROP
2026-08-23T18:41:13.198689,4351.0,78.59,2.09,1.52,65.0,12.18,1492.7,21.56,FAULT,PRESSURE_DROP
2026-08-23T18:41:14.198689,4488.2,78.1,1.28,1.71,65.0,13.01,1501.4,22.24,FAULT,PRESSURE_DROP
2026-08-23T18:41:15.198689,4352.0,76.91,2.03,2.3,65.0,12.36,1519.8,21.93,FAULT,PRESSURE_DROP
2026-08-23T18:41:16.198689,4588.2,80.45,1.93,1.59,65.0,13.17,1506.1,22.81,FAULT,PRESSURE_DROP
2026-08-23T18:41:17.198689,4453.4,75.44,2.59,2.34,65.0,12.7,1500.2,21.08,FAULT,PRESSURE_DROP
2026-08-23T18:41:18.198689,4341.6,80.54,1.95,0.56,65.0,12.27,1526.7,22.47,FAULT,PRESSURE_DROP
2026-08-23T18:41:19.198689,4534.3,75.95,2.32,1.91,65.0,13.44,1498.9,21.94,FAULT,PRESSURE_DROP
2026-08-23T18:41:20.198689,4467.8,76.52,2.35,1.85,65.0,12.75,1503.2,22.38,FAULT,PRESSURE_DROP
2026-08-23T18:41:21.198689,4566.9,76.21,2.25,3.15,65.0,12.79,1482.2,23.14,FAULT,PRESSURE_DROP
2026-08-23T18:41:22.198689,4585.9,76.74,2.56,1.69,65.0,12.93,1503.5,22.0,FAULT,PRESSURE_DROP
2026-08-23T18:41:23.198689,4362.2,77.73,1.65,2.85,65.0,12.62,1495.1,21.69,FAULT,PRESSURE_DROP
2026-08-23T18:41:24.198689,4555.2,76.1,1.54,1.96,65.0,12.45,1515.6,22.11,FAULT,PRESSURE_DROP
2026-08-23T18:41:25.198689,4470.4,79.62,2.18,3.58,65.0,12.1,1509.0,21.35,FAULT,PRESSURE_DROP
2026-08-23T18:41:26.198689,4320.6,81.21,2.45,2.37,65.0,13.26,1481.8,22.3,FAULT,PRESSURE_DROP
2026-08-23T18:41:27.198689,4354.6,78.63,2.35,2.86,65.0,12.04,1473.1,22.9,FAULT,PRESSURE_DROP
2026-08-23T18:41:28.198689,4355.2,77.75,2.44,2.73,65.0,12.94,1507.2,21.87,FAULT,PRESSURE_DROP
2026-08-23T18:41:29.198689,4356.9,76.22,2.64,2.61,65.0,12.9,1467.5,21.05,FAULT,PRESSURE_DROP
2026-08-23T18:41:30.198689,4368.7,77.55,1.33,1.24,65.0,13.15,1471.6,22.51,FAULT,PRESSURE_DROP
2026-08-23T18:41:31.198689,4454.4,78.92,2.13,2.05,65.0,12.9,1492.8,21.93,FAULT,PRESSURE_DROP
2026-08-23T18:41:32.198689,4443.0,75.75,1.61,2.27,65.0,12.77,1494.2,21.78,FAULT,PRESSURE_DROP
2026-08-23T18:41:33.198689,4581.8,74.28,1.29,1.6,65.0,12.47,1491.6,22.62,FAULT,PRESSURE_DROP
2026-08-23T18:41:34.198689,4570.6,79.93,2.09,2.52,65.0,12.92,1512.2,22.07,FAULT,PRESSURE_DROP
2026-08-23T18:41:35.198689,4524.4,78.27,1.29,1.91,65.0,12.54,1504.6,21.92,FAULT,PRESSURE_DROP
2026-08-23T18:41:36.198689,4355.6,75.43,1.55,1.96,65.0,12.31,1496.2,22.03,FAULT,PRESSURE_DROP
2026-08-23T18:41:37.198689,4487.3,73.89,1.5,2.24,65.0,13.04,1498.9,21.23,FAULT,PRESSURE_DROP
2026-08-23T18:41:38.198689,4535.6,80.65,1.43,0.83,65.0,12.78,1533.1,21.89,FAULT,PRESSURE_DROP
2026-08-23T18:41:39.198689,4551.0,79.05,1.97,1.79,65.0,12.18,1491.1,22.27,FAULT,PRESSURE_DROP
2026-08-23T18:41:40.198689,4345.5,76.43,2.13,1.73,65.0,11.08,1505.8,22.18,FAULT,PRESSURE_DROP
2026-08-23T18:41:41.198689,4450.9,79.75,1.68,1.65,65.0,12.93,1505.0,22.01,FAULT,PRESSURE_DROP
2026-08-23T18:41:42.198689,4340.8,81.59,1.49,2.5,65.0,12.83,1513.2,23.31,FAULT,PRESSURE_DROP
2026-08-23T18:41:43.198689,4404.8,77.73,2.48,1.67,65.0,12.32,1496.2,22.39,FAULT,PRESSURE_DROP
2026-08-23T18:41:44.198689,4468.0,78.54,2.58,1.51,65.0,11.68,1498.8,22.57,FAULT,PRESSURE_DROP
2026-08-23T18:41:45.198689,4505.4,77.3,1.67,2.45,65.0,12.69,1487.7,22.03,FAULT,PRESSURE_DROP
2026-08-23T18:41:46.198689,4512.7,76.88,2.24,2.04,65.0,12.73,1478.2,22.56,FAULT,PRESSURE_DROP
2026-08-23T18:41:47.198689,4302.2,77.32,1.71,2.39,65.0,12.52,1517.5,22.64,FAULT,PRESSURE_DROP
2026-08-23T18:41:48.198689,4587.5,80.53,2.07,1.47,65.0,12.48,1504.4,22.4,FAULT,PRESSURE_DROP
2026-08-23T18:41:49.198689,4300.5,76.78,1.7,1.77,65.0,12.85,1502.7,22.03,FAULT,PRESSURE_DROP
2026-08-23T18:41:50.198689,4516.0,80.09,2.03,2.59,65.0,13.29,1522.8,21.74,FAULT,PRESSURE_DROP
2026-08-23T18:41:51.198689,4429.6,77.88,1.31,1.46,65.0,12.1,1475.2,21.76,FAULT,PRESSURE_DROP
2026-08-23T18:41:52.198689,4496.6,74.56,1.78,2.35,65.0,11.69,1500.9,22.3,FAULT,PRESSURE_DROP
2026-08-23T18:41:53.198689,4526.6,78.57,2.69,2.3,65.0,12.68,1511.3,22.62,FAULT,PRESSURE_DROP
2026-08-23T18:41:54.198689,4596.1,82.44,2.59,2.43,65.0,12.31,1499.9,21.56,FAULT,PRESSURE_DROP
2026-08-23T18:41:55.198689,4588.6,78.56,2.68,1.93,65.0,12.21,1504.0,21.7,FAULT,PRESSURE_DROP
2026-08-23T18:41:56.198689,4535.8,76.47,1.49,0.64,65.0,12.23,1463.6,21.75,FAULT,PRESSURE_DROP
2026-08-23T18:41:57.198689,4335.9,72.74,2.63,3.08,65.0,12.41,1489.0,22.04,FAULT,PRESSURE_DROP
2026-08-23T18:41:58.198689,4377.9,76.8,1.91,2.09,65.0,12.62,1505.2,21.73,FAULT,PRESSURE_DROP
2026-08-23T18:41:59.198689,4458.6,79.36,1.56,2.93,65.0,12.28,1508.4,23.2,FAULT,PRESSURE_DROP
2026-08-23T18:42:00.198689,4307.6,74.42,2.2,2.69,65.0,12.95,1490.3,21.81,FAULT,PRESSURE_DROP
2026-08-23T18:42:01.198689,4504.2,77.04,2.1,1.53,65.0,11.97,1509.7,21.88,FAULT,PRESSURE_DROP
2026-08-23T18:42:02.198689,4340.3,78.68,1.96,2.03,65.0,12.82,1507.7,21.85,FAULT,PRESSURE_DROP
2026-08-23T18:42:03.198689,4509.0,78.82,1.26,2.77,65.0,12.85,1489.3,21.97,FAULT,PRESSURE_DROP
2026-08-23T18:42:04.198689,4388.7,79.04,2.69,1.97,65.0,12.15,1474.8,22.14,FAULT,PRESSURE_DROP
2026-08-23T18:42:05.198689,4395.8,79.3,1.65,1.82,65.0,13.05,1496.5,21.68,FAULT,PRESSURE_DROP
2026-08-23T18:42:06.198689,4476.6,80.74,2.24,2.4,65.0,11.85,1477.8,21.48,FAULT,PRESSURE_DROP
2026-08-23T18:42:07.198689,4483.2,82.23,1.4,2.54,65.0,12.9,1506.0,22.5,FAULT,PRESSURE_DROP
2026-08-23T18:42:08.198689,4589.5,79.48,1.53,1.49,65.0,12.51,1484.4,21.06,FAULT,PRESSURE_DROP
2026-08-23T18:42:09.198689,4581.9,76.65,1.69,2.45,65.0,12.91,1525.3,21.7,FAULT,PRESSURE_DROP
2026-08-23T18:42:10.198689,4438.9,79.46,2.38,2.09,65.0,12.32,1487.4,22.0,FAULT,PRESSURE_DROP
2026-08-23T18:42:11.198689,4480.7,76.2,2.61,1.48,65.0,13.12,1499.3,22.73,FAULT,PRESSURE_DROP
2026-08-23T18:42:12.198689,4330.4,76.63,1.67,2.55,65.0,12.0,1494.3,22.36,FAULT,PRESSURE_DROP
2026-08-23T18:42:13.198689,4592.4,75.06,1.4,2.61,65.0,12.37,1517.0,21.59,FAULT,PRESSURE_DROP
2026-08-23T18:42:14.198689,4582.1,80.34,1.46,1.17,65.0,12.92,1464.9,22.71,FAULT,PRESSURE_DROP
2026-08-23T18:42:15.198689,4448.7,79.87,2.29,2.89,65.0,11.76,1503.5,21.85,FAULT,PRESSURE_DROP
2026-08-23T18:42:16.198689,4579.7,76.55,1.42,2.78,65.0,12.18,1500.6,22.65,FAULT,PRESSURE_DROP
2026-08-23T18:42:17.198689,4459.5,80.08,2.18,1.82,65.0,12.39,1497.8,22.53,FAULT,PRESSURE_DROP
2026-08-23T18:42:18.198689,4319.8,78.8,2.07,1.05,65.0,12.14,1469.0,21.48,FAULT,PRESSURE_DROP
2026-08-23T18:42:19.198689,4592.2,78.03,2.22,1.27,65.0,12.59,1509.9,20.95,FAULT,PRESSURE_DROP
2026-08-23T18:42:20.198689,4470.4,78.76,1.7,1.58,65.0,12.34,1492.5,22.2,FAULT,PRESSURE_DROP
2026-08-23T18:42:21.198689,4592.8,77.15,1.66,1.97,65.0,12.92,1519.7,22.39,FAULT,PRESSURE_DROP
2026-08-23T18:42:22.198689,4387.3,76.19,1.26,1.34,65.0,12.37,1506.8,22.01,FAULT,PRESSURE_DROP
2026-08-23T18:42:23.198689,4487.7,79.51,1.58,1.92,65.0,12.44,1510.1,22.57,FAULT,PRESSURE_DROP
2026-08-23T18:42:24.198689,4580.6,76.94,2.32,1.92,65.0,12.46,1505.7,21.78,FAULT,PRESSURE_DROP
2026-08-23T18:42:25.198689,4341.2,77.35,1.56,2.64,65.0,12.33,1484.7,21.12,FAULT,PRESSURE_DROP
2026-08-23T18:42:26.198689,4430.2,80.18,2.32,2.65,65.0,12.52,1514.8,21.91,FAULT,PRESSURE_DROP
2026-08-23T18:42:27.198689,4502.0,76.57,1.6,2.35,65.0,12.76,1490.9,22.6,FAULT,PRESSURE_DROP
2026-08-23T18:42:28.198689,4418.2,78.7,1.83,1.59,65.0,12.57,1497.6,21.63,FAULT,PRESSURE_DROP
2026-08-23T18:42:29.198689,4546.5,79.27,2.31,2.12,65.0,12.32,1486.6,21.65,FAULT,PRESSURE_DROP
2026-08-23T18:42:30.198689,4394.1,78.38,2.31,2.25,65.0,12.42,1486.0,20.82,FAULT,PRESSURE_DROP
2026-08-23T18:42:31.198689,4331.7,79.47,1.88,2.79,65.0,12.72,1506.7,22.03,FAULT,PRESSURE_DROP
2026-08-23T18:42:32.198689,4495.1,78.09,1.56,1.47,65.0,12.99,1499.6,22.99,FAULT,PRESSURE_DROP
2026-08-23T18:42:33.198689,4307.3,79.63,2.42,1.58,65.0,13.21,1488.7,22.4,FAULT,PRESSURE_DROP
2026-08-23T18:42:34.198689,4509.3,77.5,2.08,1.4,65.0,12.67,1508.4,21.65,FAULT,PRESSURE_DROP
2026-08-23T18:42:35.198689,4517.1,77.39,1.87,2.05,65.0,11.97,1494.6,21.16,FAULT,PRESSURE_DROP
2026-08-23T18:42:36.198689,4517.2,75.81,1.92,2.48,65.0,12.37,1506.1,22.56,FAULT,PRESSURE_DROP
2026-08-23T18:42:37.198689,4520.0,78.09,1.65,2.21,65.0,12.14,1494.9,22.08,FAULT,PRESSURE_DROP
2026-08-23T18:42:38.198689,4555.0,76.87,1.78,2.08,65.0,12.69,1485.1,21.36,FAULT,PRESSURE_DROP
2026-08-23T18:42:39.198689,4352.4,79.28,2.05,1.05,65.0,12.23,1487.1,21.23,FAULT,PRESSURE_DROP
2026-08-23T18:42:40.198689,4526.9,79.8,2.26,3.17,65.0,12.49,1483.9,21.22,FAULT,PRESSURE_DROP
2026-08-23T18:42:41.198689,4368.1,76.6,2.62,1.77,65.0,12.39,1522.2,22.71,FAULT,PRESSURE_DROP
2026-08-23T18:42:42.198689,4424.6,76.29,2.63,1.82,65.0,12.75,1518.5,22.23,FAULT,PRESSURE_DROP
2026-08-23T18:42:43.198689,4499.3,73.74,2.3,2.0,65.0,12.42,1519.4,21.49,FAULT,PRESSURE_DROP
2026-08-23T18:42:44.198689,4531.9,75.34,1.43,2.13,65.0,12.38,1476.3,22.21,FAULT,PRESSURE_DROP
2026-08-23T18:42:45.198689,4495.8,76.66,1.35,1.3,65.0,13.14,1507.3,22.14,FAULT,PRESSURE_DROP
2026-08-23T18:42:46.198689,4470.0,77.06,2.22,3.16,65.0,12.12,1506.1,22.46,FAULT,PRESSURE_DROP
2026-08-23T18:42:47.198689,4584.1,79.05,2.52,3.14,65.0,12.72,1494.4,21.49,FAULT,PRESSURE_DROP
2026-08-23T18:42:48.198689,4346.0,76.01,2.03,2.34,65.0,12.67,1524.7,22.73,FAULT,PRESSURE_DROP
2026-08-23T18:42:49.198689,4464.8,81.32,1.5,2.52,65.0,12.65,1470.3,22.69,FAULT,PRESSURE_DROP
2026-08-23T18:42:50.198689,4359.5,76.95,1.96,2.62,65.0,13.08,1494.3,22.5,FAULT,PRESSURE_DROP
2026-08-23T18:42:51.198689,4598.0,76.08,1.39,2.78,65.0,11.79,1518.7,21.93,FAULT,PRESSURE_DROP
2026-08-23T18:42:52.198689,4493.6,76.59,1.96,1.58,65.0,11.96,1494.1,22.0,FAULT,PRESSURE_DROP
2026-08-23T18:42:53.198689,4546.3,75.5,1.41,1.31,65.0,12.38,1501.2,21.78,FAULT,PRESSURE_DROP
2026-08-23T18:42:54.198689,4537.7,77.72,2.44,2.31,65.0,12.96,1500.0,21.46,FAULT,PRESSURE_DROP
2026-08-23T18:42:55.198689,4578.2,77.15,1.27,2.39,65.0,11.92,1494.8,21.91,FAULT,PRESSURE_DROP
2026-08-23T18:42:56.198689,4497.9,80.08,2.13,2.78,65.0,12.73,1515.5,22.09,FAULT,PRESSURE_DROP
2026-08-23T18:42:57.198689,4474.4,76.98,2.36,1.14,65.0,12.88,1484.6,21.99,FAULT,PRESSURE_DROP
2026-08-23T18:42:58.198689,4334.6,78.28,2.48,1.64,65.0,12.77,1491.8,22.36,FAULT,PRESSURE_DROP
2026-08-23T18:42:59.198689,4515.8,75.83,2.41,2.1,65.0,12.68,1502.7,22.55,FAULT,PRESSURE_DROP
2026-08-23T18:43:00.198689,4335.8,78.37,1.73,1.45,65.0,12.82,1504.1,21.4,FAULT,PRESSURE_DROP
2026-08-23T18:43:01.198689,4555.4,76.66,1.89,1.27,65.0,12.31,1520.9,22.06,FAULT,PRESSURE_DROP
2026-08-23T18:43:02.198689,4435.9,78.93,2.2,1.71,65.0,12.7,1522.7,21.83,FAULT,PRESSURE_DROP
2026-08-23T18:43:03.198689,4578.7,77.02,2.28,0.9,65.0,12.38,1477.6,22.75,FAULT,PRESSURE_DROP
2026-08-23T18:43:04.198689,4458.6,77.38,2.52,1.48,65.0,12.82,1511.6,22.59,FAULT,PRESSURE_DROP
2026-08-23T18:43:05.198689,4518.3,76.69,1.64,1.68,65.0,12.29,1485.1,22.54,FAULT,PRESSURE_DROP
2026-08-23T18:43:06.198689,4579.5,77.45,2.64,1.92,65.0,12.34,1501.6,21.42,FAULT,PRESSURE_DROP
2026-08-23T18:43:07.198689,4477.4,79.38,2.18,1.48,65.0,12.11,1508.4,21.52,FAULT,PRESSURE_DROP
2026-08-23T18:43:08.198689,4477.5,76.95,1.64,1.95,65.0,12.7,1490.9,22.09,FAULT,PRESSURE_DROP
2026-08-23T18:43:09.198689,4547.9,75.28,2.41,2.86,65.0,12.18,1499.1,21.45,FAULT,PRESSURE_DROP
2026-08-23T18:43:10.198689,4357.5,78.36,2.62,0.47,65.0,12.44,1492.5,21.72,FAULT,PRESSURE_DROP
2026-08-23T18:43:11.198689,4566.6,78.56,1.23,2.24,65.0,12.62,1506.7,22.23,FAULT,PRESSURE_DROP
2026-08-23T18:43:12.198689,4556.8,77.35,1.97,1.92,65.0,12.66,1491.7,22.3,FAULT,PRESSURE_DROP
2026-08-23T18:43:13.198689,4302.9,78.82,1.61,2.52,65.0,11.63,1470.3,22.67,FAULT,PRESSURE_DROP
2026-08-23T18:43:14.198689,4449.4,79.16,2.09,1.77,65.0,11.91,1479.2,22.6,FAULT,PRESSURE_DROP
2026-08-23T18:43:15.198689,4530.6,78.46,1.83,2.31,65.0,12.8,1472.3,22.35,FAULT,PRESSURE_DROP
2026-08-23T18:43:16.198689,4581.3,80.28,2.59,1.73,65.0,12.04,1485.5,22.23,FAULT,PRESSURE_DROP
2026-08-23T18:43:17.198689,4486.9,76.99,2.02,3.14,65.0,12.98,1508.5,22.21,FAULT,PRESSURE_DROP
2026-08-23T18:43:18.198689,4556.9,79.71,2.64,1.9,65.0,12.43,1482.2,22.35,FAULT,PRESSURE_DROP
2026-08-23T18:43:19.198689,4569.3,76.43,1.84,2.21,65.0,12.76,1471.6,21.27,FAULT,PRESSURE_DROP
2026-08-23T18:43:20.198689,4306.6,76.08,2.08,1.78,65.0,11.68,1511.9,22.66,FAULT,PRESSURE_DROP
2026-08-23T18:43:21.198689,4391.5,79.13,1.7,1.78,65.0,12.88,1513.1,22.23,FAULT,PRESSURE_DROP
2026-08-23T18:43:22.198689,4455.7,83.18,1.33,2.24,65.0,11.98,1516.2,21.67,FAULT,PRESSURE_DROP
2026-08-23T18:43:23.198689,4302.4,77.9,2.39,2.24,65.0,12.61,1478.6,22.23,FAULT,PRESSURE_DROP
2026-08-23T18:43:24.198689,4351.1,76.94,1.32,1.94,65.0,12.44,1501.3,21.52,FAULT,PRESSURE_DROP
2026-08-23T18:43:25.198689,4501.8,79.65,2.5,1.86,65.0,11.66,1507.3,21.88,FAULT,PRESSURE_DROP
2026-08-23T18:43:26.198689,4435.6,76.13,2.2,1.22,65.0,12.35,1494.1,21.75,FAULT,PRESSURE_DROP
2026-08-23T18:43:27.198689,4359.7,76.88,1.39,2.0,65.0,11.74,1508.7,21.94,FAULT,PRESSURE_DROP
2026-08-23T18:43:28.198689,4377.8,79.74,1.66,2.25,65.0,12.15,1498.8,21.64,FAULT,PRESSURE_DROP
2026-08-23T18:43:29.198689,4393.1,78.35,2.63,3.02,65.0,12.33,1512.2,22.07,FAULT,PRESSURE_DROP
2026-08-23T18:43:30.198689,4501.4,77.61,1.24,2.44,65.0,12.59,1508.1,22.27,FAULT,PRESSURE_DROP
2026-08-23T18:43:31.198689,4431.7,80.62,1.95,3.63,65.0,12.62,1505.6,22.0,FAULT,PRESSURE_DROP
2026-08-23T18:43:32.198689,4553.3,78.02,1.38,2.69,65.0,12.56,1496.0,22.21,FAULT,PRESSURE_DROP
2026-08-23T18:43:33.198689,4544.9,80.1,2.0,2.28,65.0,12.53,1513.8,20.43,FAULT,PRESSURE_DROP
2026-08-23T18:43:34.198689,4429.5,78.25,1.79,1.82,65.0,12.92,1497.1,22.96,FAULT,PRESSURE_DROP
2026-08-23T18:43:35.198689,4349.1,75.3,1.31,2.42,65.0,12.3,1525.5,22.29,FAULT,PRESSURE_DROP
2026-08-23T18:43:36.198689,4302.0,77.63,2.57,1.21,65.0,12.19,1515.6,21.26,FAULT,PRESSURE_DROP
2026-08-23T18:43:37.198689,4524.8,75.23,2.55,2.74,65.0,12.47,1489.6,22.57,FAULT,PRESSURE_DROP
2026-08-23T18:43:38.198689,4593.2,80.74,1.39,1.88,65.0,12.67,1497.5,22.04,FAULT,PRESSURE_DROP
2026-08-23T18:43:39.198689,4549.1,82.97,2.12,2.46,65.0,13.03,1528.0,21.93,FAULT,PRESSURE_DROP
2026-08-23T18:43:40.198689,4488.2,76.18,2.13,1.9,65.0,13.02,1513.4,22.5,FAULT,PRESSURE_DROP
2026-08-23T18:43:41.198689,4543.5,79.59,1.96,1.89,65.0,12.06,1482.8,21.95,FAULT,PRESSURE_DROP
2026-08-23T18:43:42.198689,4472.5,75.38,2.01,1.99,65.0,12.36,1473.6,21.63,FAULT,PRESSURE_DROP
2026-08-23T18:43:43.198689,4455.1,76.72,2.02,1.19,65.0,12.25,1518.1,22.28,FAULT,PRESSURE_DROP
2026-08-23T18:43:44.198689,4301.2,75.46,2.39,1.6,65.0,12.98,1521.4,22.25,FAULT,PRESSURE_DROP
2026-08-23T18:43:45.198689,4327.9,78.05,1.87,2.1,65.0,12.3,1513.9,21.83,FAULT,PRESSURE_DROP
2026-08-23T18:43:46.198689,4344.5,76.42,1.54,3.43,65.0,12.74,1510.7,22.15,FAULT,PRESSURE_DROP
2026-08-23T18:43:47.198689,4359.9,79.51,2.58,1.88,65.0,11.56,1483.9,22.05,FAULT,PRESSURE_DROP
2026-08-23T18:43:48.198689,4325.0,76.46,2.01,2.4,65.0,12.17,1495.0,21.91,FAULT,PRESSURE_DROP
2026-08-23T18:43:49.198689,4358.1,79.29,2.11,2.08,65.0,12.43,1498.8,22.36,FAULT,PRESSURE_DROP
2026-08-23T18:43:50.198689,4451.2,81.02,2.42,2.56,65.0,12.31,1497.9,21.83,FAULT,PRESSURE_DROP
2026-08-23T18:43:51.198689,4440.7,75.73,1.91,2.06,65.0,13.01,1508.4,21.55,FAULT,PRESSURE_DROP
2026-08-23T18:43:52.198689,4326.5,80.53,2.32,1.08,65.0,12.68,1487.9,21.94,FAULT,PRESSURE_DROP
2026-08-23T18:43:53.198689,4515.8,76.14,2.05,1.91,65.0,12.35,1553.1,22.59,FAULT,PRESSURE_DROP
2026-08-23T18:43:54.198689,4353.7,77.53,1.85,1.65,65.0,12.19,1473.0,21.98,FAULT,PRESSURE_DROP
2026-08-23T18:43:55.198689,4476.7,80.23,2.6,2.32,65.0,12.92,1502.7,22.31,FAULT,PRESSURE_DROP
2026-08-23T18:43:56.198689,4529.8,79.35,1.24,1.37,65.0,13.02,1502.9,22.35,FAULT,PRESSURE_DROP
2026-08-23T18:43:57.198689,4415.9,78.42,2.07,2.37,65.0,12.79,1504.5,21.48,FAULT,PRESSURE_DROP
2026-08-23T18:43:58.198689,4442.1,79.71,2.26,2.09,65.0,12.18,1495.0,21.17,FAULT,PRESSURE_DROP
2026-08-23T18:43:59.198689,4378.0,76.15,1.31,1.46,65.0,11.88,1521.6,22.18,FAULT,PRESSURE_DROP
2026-08-23T18:44:00.198689,4447.1,79.76,2.51,2.59,65.0,12.17,1530.8,22.1,FAULT,PRESSURE_DROP
2026-08-23T18:44:01.198689,4541.6,77.58,2.62,2.01,65.0,12.66,1478.0,22.7,FAULT,PRESSURE_DROP
2026-08-23T18:44:02.198689,4530.8,77.36,2.06,1.71,65.0,13.01,1504.8,21.72,FAULT,PRESSURE_DROP
2026-08-23T18:44:03.198689,4405.1,78.37,1.91,2.78,65.0,12.43,1513.6,22.34,FAULT,PRESSURE_DROP
2026-08-23T18:44:04.198689,4507.7,82.72,2.64,1.55,65.0,12.19,1503.0,22.59,FAULT,PRESSURE_DROP
2026-08-23T18:44:05.198689,4436.1,76.87,1.99,2.1,65.0,12.39,1487.3,22.16,FAULT,PRESSURE_DROP
2026-08-23T18:44:06.198689,4525.8,76.3,1.4,1.2,65.0,11.65,1491.6,22.86,FAULT,PRESSURE_DROP
2026-08-23T18:44:07.198689,4598.9,76.36,1.87,1.74,65.0,13.15,1511.5,21.61,FAULT,PRESSURE_DROP
2026-08-23T18:44:08.198689,4491.2,73.55,2.5,1.59,65.0,12.33,1510.2,22.34,FAULT,PRESSURE_DROP
2026-08-23T18:44:09.198689,4452.1,76.05,2.05,2.19,65.0,11.89,1500.0,22.01,FAULT,PRESSURE_DROP
2026-08-23T18:44:10.198689,4366.3,80.29,1.43,2.25,65.0,11.61,1471.5,22.08,FAULT,PRESSURE_DROP
2026-08-23T18:44:11.198689,4493.3,78.22,1.51,1.43,65.0,12.28,1496.5,21.96,FAULT,PRESSURE_DROP
2026-08-23T18:44:12.198689,4442.3,76.21,2.06,2.09,65.0,11.41,1515.0,21.45,FAULT,PRESSURE_DROP
2026-08-23T18:44:13.198689,4437.2,76.68,2.26,1.67,65.0,12.79,1492.9,20.67,FAULT,PRESSURE_DROP
2026-08-23T18:44:14.198689,4473.2,77.13,2.38,3.02,65.0,12.05,1478.2,22.27,FAULT,PRESSURE_DROP
2026-08-23T18:44:15.198689,4574.0,81.51,1.84,1.48,65.0,12.74,1494.7,21.11,FAULT,PRESSURE_DROP
2026-08-23T18:44:16.198689,4343.0,76.95,1.41,2.72,65.0,12.7,1495.4,22.23,FAULT,PRESSURE_DROP
2026-08-23T18:44:17.198689,4576.1,77.3,1.94,2.5,65.0,12.21,1507.8,21.41,FAULT,PRESSURE_DROP
2026-08-23T18:44:18.198689,4530.4,78.22,2.47,1.95,65.0,12.57,1468.0,21.84,FAULT,PRESSURE_DROP
2026-08-23T18:44:19.198689,4335.0,76.51,2.33,2.4,65.0,12.58,1484.1,20.88,FAULT,PRESSURE_DROP
2026-08-23T18:44:20.198689,4467.8,78.07,2.6,1.81,65.0,12.94,1478.2,21.76,FAULT,PRESSURE_DROP
2026-08-23T18:44:21.198689,4321.7,81.31,2.26,1.74,65.0,11.94,1483.4,22.66,FAULT,PRESSURE_DROP
2026-08-23T18:44:22.198689,4502.3,78.93,2.03,1.8,65.0,12.15,1505.6,21.86,FAULT,PRESSURE_DROP
2026-08-23T18:44:23.198689,4458.1,78.64,2.3,2.19,65.0,12.36,1489.5,22.52,FAULT,PRESSURE_DROP
2026-08-23T18:44:24.198689,4416.3,80.31,1.41,1.71,65.0,12.27,1522.2,21.53,FAULT,PRESSURE_DROP
2026-08-23T18:44:25.198689,4438.3,78.29,1.49,2.56,65.0,12.08,1513.9,22.21,FAULT,PRESSURE_DROP
2026-08-23T18:44:26.198689,4558.5,79.04,1.87,2.33,65.0,12.93,1473.7,22.31,FAULT,PRESSURE_DROP
2026-08-23T18:44:27.198689,4433.2,76.7,1.23,1.59,65.0,12.19,1491.0,22.41,FAULT,PRESSURE_DROP
2026-08-23T18:44:28.198689,4474.5,76.27,2.34,2.07,65.0,12.42,1524.9,21.96,FAULT,PRESSURE_DROP
2026-08-23T18:44:29.198689,4515.9,77.99,1.94,2.46,65.0,12.42,1479.1,21.51,FAULT,PRESSURE_DROP
2026-08-23T18:44:30.198689,4557.1,78.01,2.07,1.45,65.0,12.93,1535.8,22.13,FAULT,PRESSURE_DROP
2026-08-23T18:44:31.198689,4465.9,77.34,2.67,2.6,65.0,12.46,1520.3,23.03,FAULT,PRESSURE_DROP
2026-08-23T18:44:32.198689,4338.7,79.12,1.32,1.91,65.0,12.29,1486.1,21.54,FAULT,PRESSURE_DROP
2026-08-23T18:44:33.198689,4461.6,78.39,1.5,1.58,65.0,12.73,1501.7,22.44,FAULT,PRESSURE_DROP
2026-08-23T18:44:34.198689,4550.4,77.92,2.5,2.87,65.0,12.29,1495.5,22.06,FAULT,PRESSURE_DROP
2026-08-23T18:44:35.198689,4599.1,78.0,1.5,1.47,65.0,12.45,1502.1,21.46,FAULT,PRESSURE_DROP
2026-08-23T18:44:36.198689,4337.1,74.54,2.03,2.18,65.0,12.83,1491.3,22.14,FAULT,PRESSURE_DROP
2026-08-23T18:44:37.198689,4445.4,80.85,1.22,2.0,65.0,12.72,1511.2,22.19,FAULT,PRESSURE_DROP
2026-08-23T18:44:38.198689,4341.7,76.34,2.3,1.9,65.0,13.47,1505.5,22.04,FAULT,PRESSURE_DROP
2026-08-23T18:44:39.198689,4415.1,74.66,1.21,1.7,65.0,12.27,1529.0,21.81,FAULT,PRESSURE_DROP
2026-08-23T18:44:40.198689,4330.4,81.92,1.95,2.87,65.0,12.33,1510.3,22.44,FAULT,PRESSURE_DROP
2026-08-23T18:44:41.198689,4467.1,78.57,1.33,2.54,65.0,12.61,1504.4,21.94,FAULT,PRESSURE_DROP
2026-08-23T18:44:42.198689,4505.1,77.85,2.09,2.14,65.0,12.14,1480.1,22.26,FAULT,PRESSURE_DROP
2026-08-23T18:44:43.198689,4456.6,78.69,2.45,2.48,65.0,12.84,1466.4,22.86,FAULT,PRESSURE_DROP
2026-08-23T18:44:44.198689,4472.1,76.94,2.64,1.68,65.0,12.79,1478.0,22.17,FAULT,PRESSURE_DROP
2026-08-23T18:44:45.198689,4422.6,81.12,2.69,2.29,65.0,13.04,1491.0,22.22,FAULT,PRESSURE_DROP
2026-08-23T18:44:46.198689,4513.4,72.45,1.33,1.56,65.0,12.2,1484.3,21.94,FAULT,PRESSURE_DROP
2026-08-23T18:44:47.198689,4500.6,82.1,2.67,2.19,65.0,12.53,1495.0,21.35,FAULT,PRESSURE_DROP
2026-08-23T18:44:48.198689,4402.6,74.81,1.75,1.51,65.0,12.54,1496.7,22.18,FAULT,PRESSURE_DROP
2026-08-23T18:44:49.198689,4537.0,76.26,2.24,2.21,65.0,12.06,1543.7,22.07,FAULT,PRESSURE_DROP
2026-08-23T18:44:50.198689,4490.6,79.97,1.47,2.61,65.0,12.66,1485.3,22.74,FAULT,PRESSURE_DROP
2026-08-23T18:44:51.198689,4500.4,75.2,2.2,1.95,65.0,12.6,1503.9,22.03,FAULT,PRESSURE_DROP
2026-08-23T18:44:52.198689,4356.8,76.49,1.3,1.8,65.0,12.47,1499.8,22.1,FAULT,PRESSURE_DROP
2026-08-23T18:44:53.198689,4431.8,77.72,1.82,1.53,65.0,13.17,1482.8,21.78,FAULT,PRESSURE_DROP
2026-08-23T18:44:54.198689,4448.5,75.81,1.31,3.05,65.0,12.52,1512.1,22.25,FAULT,PRESSURE_DROP
2026-08-23T18:44:55.198689,4343.0,75.97,2.15,1.63,65.0,13.33,1497.8,21.67,FAULT,PRESSURE_DROP
2026-08-23T18:44:56.198689,4335.5,76.33,2.36,1.69,65.0,11.66,1468.6,22.68,FAULT,PRESSURE_DROP
2026-08-23T18:44:57.198689,4513.4,81.23,2.59,1.7,65.0,12.66,1512.6,22.13,FAULT,PRESSURE_DROP
2026-08-23T18:44:58.198689,4419.0,80.78,1.66,1.85,65.0,12.59,1483.1,23.0,FAULT,PRESSURE_DROP
2026-08-23T18:44:59.198689,4421.3,76.29,1.6,1.74,65.0,12.77,1501.3,21.97,FAULT,PRESSURE_DROP
2026-08-23T18:45:00.198689,4504.6,78.31,2.17,1.56,65.0,12.72,1503.4,21.4,FAULT,PRESSURE_DROP
2026-08-23T18:45:01.198689,4430.6,77.03,1.35,2.49,65.0,12.41,1492.2,21.67,FAULT,PRESSURE_DROP
2026-08-23T18:45:02.198689,4393.6,73.02,1.61,2.04,65.0,12.45,1486.2,21.82,FAULT,PRESSURE_DROP
2026-08-23T18:45:03.198689,4482.9,80.96,2.43,2.21,65.0,12.82,1508.4,23.34,FAULT,PRESSURE_DROP
2026-08-23T18:45:04.198689,4436.1,81.59,2.35,2.41,65.0,12.54,1497.5,22.05,FAULT,PRESSURE_DROP
2026-08-23T18:45:05.198689,4406.3,80.13,1.38,2.12,65.0,12.8,1510.9,22.05,FAULT,PRESSURE_DROP
2026-08-23T18:45:06.198689,4454.0,76.66,1.45,1.02,65.0,11.72,1511.2,22.72,FAULT,PRESSURE_DROP
2026-08-23T18:45:07.198689,4450.4,78.43,1.33,2.86,65.0,12.4,1501.1,22.23,FAULT,PRESSURE_DROP
2026-08-23T18:45:08.198689,4547.7,77.37,1.58,1.42,65.0,12.64,1497.3,22.64,FAULT,PRESSURE_DROP
2026-08-23T18:45:09.198689,4504.6,74.38,1.22,1.23,65.0,13.0,1524.7,22.62,FAULT,PRESSURE_DROP
2026-08-23T18:45:10.198689,4519.7,76.66,2.63,2.08,65.0,12.98,1510.0,23.12,FAULT,PRESSURE_DROP
2026-08-23T18:45:11.198689,4576.2,78.89,1.25,1.52,65.0,12.07,1498.1,21.62,FAULT,PRESSURE_DROP
2026-08-23T18:45:12.198689,4505.6,79.84,1.82,2.06,65.0,12.88,1508.2,22.65,FAULT,PRESSURE_DROP
2026-08-23T18:45:13.198689,4379.2,76.22,1.87,1.46,65.0,12.55,1515.5,22.71,FAULT,PRESSURE_DROP
2026-08-23T18:45:14.198689,4401.1,80.17,1.32,1.56,65.0,12.49,1475.2,21.77,FAULT,PRESSURE_DROP
2026-08-23T18:45:15.198689,4423.8,79.24,1.95,2.17,65.0,11.73,1490.2,21.88,FAULT,PRESSURE_DROP
2026-08-23T18:45:16.198689,4565.9,80.33,2.21,1.81,65.0,13.09,1488.7,22.4,FAULT,PRESSURE_DROP
2026-08-23T18:45:17.198689,4419.9,75.73,1.91,1.49,65.0,12.94,1486.2,21.0,FAULT,PRESSURE_DROP
2026-08-23T18:45:18.198689,4440.5,76.26,2.03,2.62,65.0,12.78,1470.3,21.42,FAULT,PRESSURE_DROP
2026-08-23T18:45:19.198689,4527.7,78.2,2.59,1.12,65.0,12.36,1490.3,22.56,FAULT,PRESSURE_DROP
2026-08-23T18:45:20.198689,4352.1,76.82,1.44,1.69,65.0,12.09,1495.9,21.78,FAULT,PRESSURE_DROP
2026-08-23T18:45:21.198689,4320.8,75.79,1.57,1.54,65.0,12.48,1477.8,22.61,FAULT,PRESSURE_DROP
2026-08-23T18:45:22.198689,4528.6,80.93,1.51,1.78,65.0,12.44,1500.3,22.48,FAULT,PRESSURE_DROP
2026-08-23T18:45:23.198689,4365.4,81.15,1.96,1.7,65.0,12.35,1512.1,22.52,FAULT,PRESSURE_DROP
2026-08-23T18:45:24.198689,4431.0,79.41,2.13,1.36,65.0,12.79,1500.9,21.48,FAULT,PRESSURE_DROP
2026-08-23T18:45:25.198689,4397.3,78.92,1.96,2.67,65.0,12.77,1508.1,21.45,FAULT,PRESSURE_DROP
2026-08-23T18:45:26.198689,4338.7,78.83,2.12,1.87,65.0,13.22,1498.5,21.66,FAULT,PRESSURE_DROP
2026-08-23T18:45:27.198689,4385.0,75.53,2.28,1.71,65.0,12.65,1493.3,22.64,FAULT,PRESSURE_DROP
2026-08-23T18:45:28.198689,4416.1,83.52,2.24,1.95,65.0,12.7,1509.9,21.23,FAULT,PRESSURE_DROP
2026-08-23T18:45:29.198689,4571.8,78.19,2.26,1.6,65.0,12.52,1488.7,22.27,FAULT,PRESSURE_DROP
2026-08-23T18:45:30.198689,4533.1,77.93,2.2,1.38,65.0,12.01,1513.2,22.44,FAULT,PRESSURE_DROP
2026-08-23T18:45:31.198689,4481.5,77.45,1.3,1.22,65.0,12.26,1530.2,22.18,FAULT,PRESSURE_DROP
2026-08-23T18:45:32.198689,4565.1,75.88,2.39,2.41,65.0,12.1,1484.6,21.94,FAULT,PRESSURE_DROP
2026-08-23T18:45:33.198689,4545.7,81.87,2.69,2.41,65.0,12.88,1494.0,21.52,FAULT,PRESSURE_DROP
2026-08-23T18:45:34.198689,4306.4,76.12,1.24,2.79,65.0,13.2,1489.4,21.69,FAULT,PRESSURE_DROP
2026-08-23T18:45:35.198689,4588.5,79.55,1.52,1.06,65.0,12.77,1506.1,23.19,FAULT,PRESSURE_DROP
2026-08-23T18:45:36.198689,4312.7,77.5,1.77,2.45,65.0,12.71,1502.8,21.87,FAULT,PRESSURE_DROP
2026-08-23T18:45:37.198689,4556.0,73.0,2.2,1.21,65.0,11.75,1501.3,22.48,FAULT,PRESSURE_DROP
2026-08-23T18:45:38.198689,4310.9,78.84,1.25,2.0,65.0,12.74,1496.0,23.16,FAULT,PRESSURE_DROP
2026-08-23T18:45:39.198689,4521.7,77.14,2.52,2.5,65.0,12.6,1482.3,22.16,FAULT,PRESSURE_DROP
2026-08-23T18:45:40.198689,4494.1,75.81,1.46,1.61,65.0,12.27,1491.9,22.16,FAULT,PRESSURE_DROP
2026-08-23T18:45:41.198689,4495.3,80.71,1.41,1.73,65.0,13.16,1519.6,22.38,FAULT,PRESSURE_DROP
2026-08-23T18:45:42.198689,4345.2,75.79,2.3,1.75,65.0,13.35,1504.2,21.86,FAULT,PRESSURE_DROP
2026-08-23T18:45:43.198689,4305.3,78.46,2.19,1.65,65.0,11.75,1515.4,22.28,FAULT,PRESSURE_DROP
2026-08-23T18:45:44.198689,4483.7,78.1,1.64,1.69,65.0,12.17,1477.9,22.0,FAULT,PRESSURE_DROP
2026-08-23T18:45:45.198689,4828.7,94.71,2.81,8.91,67.1,12.46,1490.1,21.95,FAULT,MECHANICAL_DEGRADATION
2026-08-23T18:45:46.198689,5186.7,96.98,2.5,6.61,66.8,12.42,1480.1,21.89,FAULT,MECHANICAL_DEGRADATION
2026-08-23T18:45:47.198689,4378.6,97.38,2.58,5.37,70.4,11.79,1509.6,21.36,FAULT,MECHANICAL_DEGRADATION
2026-08-23T18:45:48.198689,4373.9,100.06,3.16,6.06,63.4,12.48,1522.3,22.0,FAULT,MECHANICAL_DEGRADATION
2026-08-23T18:45:49.198689,5149.0,103.61,3.32,5.45,71.2,12.7,1500.1,21.45,FAULT,MECHANICAL_DEGRADATION
2026-08-23T18:45:50.198689,3870.4,107.11,2.62,5.7,72.3,11.81,1494.2,22.61,FAULT,MECHANICAL_DEGRADATION
2026-08-23T18:45:51.198689,3808.3,98.25,3.2,8.75,64.6,12.2,1499.6,21.74,FAULT,MECHANICAL_DEGRADATION
2026-08-23T18:45:52.198689,3889.7,99.2,2.57,8.7,63.7,12.81,1486.1,22.18,FAULT,MECHANICAL_DEGRADATION
2026-08-23T18:45:53.198689,4770.8,100.1,3.16,6.11,63.1,12.44,1504.4,22.29,FAULT,MECHANICAL_DEGRADATION
2026-08-23T18:45:54.198689,4075.8,93.62,2.87,7.51,61.8,13.41,1494.3,22.55,FAULT,MECHANICAL_DEGRADATION
2026-08-23T18:45:55.198689,4701.2,102.57,2.47,5.19,66.6,12.57,1511.5,22.29,FAULT,MECHANICAL_DEGRADATION
2026-08-23T18:45:56.198689,4564.1,104.53,2.54,7.37,59.7,12.41,1502.3,22.34,FAULT,MECHANICAL_DEGRADATION
2026-08-23T18:45:57.198689,4298.7,94.78,2.77,5.99,69.4,12.42,1500.6,21.61,FAULT,MECHANICAL_DEGRADATION
2026-08-23T18:45:58.198689,4118.7,99.57,2.86,8.87,65.6,12.58,1525.6,22.49,FAULT,MECHANICAL_DEGRADATION
2026-08-23T18:45:59.198689,3896.4,107.08,3.22,8.65,58.8,13.22,1486.2,22.13,FAULT,MECHANICAL_DEGRADATION
2026-08-23T18:46:00.198689,3814.5,98.99,2.95,8.73,55.4,12.42,1480.0,22.22,FAULT,MECHANICAL_DEGRADATION
2026-08-23T18:46:01.198689,4649.5,94.84,2.81,7.85,62.2,12.63,1508.0,22.45,FAULT,MECHANICAL_DEGRADATION
2026-08-23T18:46:02.198689,5137.0,99.94,3.16,6.94,64.6,11.72,1512.0,22.39,FAULT,MECHANICAL_DEGRADATION
2026-08-23T18:46:03.198689,3872.8,97.65,2.94,5.74,71.1,13.02,1505.6,22.82,FAULT,MECHANICAL_DEGRADATION
2026-08-23T18:46:04.198689,3995.0,95.48,3.21,8.24,67.9,12.65,1487.6,21.65,FAULT,MECHANICAL_DEGRADATION
2026-08-23T18:46:05.198689,5034.8,97.37,3.35,7.83,59.9,12.77,1512.9,23.09,FAULT,MECHANICAL_DEGRADATION
2026-08-23T18:46:06.198689,4891.8,96.71,3.04,5.5,67.6,12.47,1491.5,22.19,FAULT,MECHANICAL_DEGRADATION
2026-08-23T18:46:07.198689,4474.8,102.1,3.14,7.33,63.2,12.25,1514.7,21.94,FAULT,MECHANICAL_DEGRADATION
2026-08-23T18:46:08.198689,4592.8,107.34,3.09,5.01,65.1,12.68,1528.0,22.57,FAULT,MECHANICAL_DEGRADATION
2026-08-23T18:46:09.198689,4700.1,95.57,3.01,6.49,67.9,12.71,1534.0,22.13,FAULT,MECHANICAL_DEGRADATION
2026-08-23T18:46:10.198689,4434.1,100.89,2.57,7.25,57.1,12.61,1486.8,21.92,FAULT,MECHANICAL_DEGRADATION
2026-08-23T18:46:11.198689,4866.6,94.37,2.82,5.65,61.9,12.48,1486.3,21.93,FAULT,MECHANICAL_DEGRADATION
2026-08-23T18:46:12.198689,4760.8,97.79,3.3,7.41,58.2,12.85,1498.3,21.93,FAULT,MECHANICAL_DEGRADATION
2026-08-23T18:46:13.198689,4624.7,93.29,2.49,7.29,60.8,12.32,1512.2,22.13,FAULT,MECHANICAL_DEGRADATION
2026-08-23T18:46:14.198689,4214.3,95.61,2.42,6.03,61.3,12.48,1503.9,21.81,FAULT,MECHANICAL_DEGRADATION
2026-08-23T18:46:15.198689,5162.5,95.48,3.14,6.77,64.2,12.66,1501.3,21.84,FAULT,MECHANICAL_DEGRADATION
2026-08-23T18:46:16.198689,4201.6,93.2,3.35,6.5,64.7,12.49,1486.9,22.15,FAULT,MECHANICAL_DEGRADATION
2026-08-23T18:46:17.198689,5166.6,107.61,2.81,7.84,71.0,12.63,1524.3,21.4,FAULT,MECHANICAL_DEGRADATION
2026-08-23T18:46:18.198689,4797.5,104.47,2.46,7.37,68.5,13.04,1501.6,23.05,FAULT,MECHANICAL_DEGRADATION
2026-08-23T18:46:19.198689,4091.4,105.93,2.75,7.61,66.3,12.94,1455.4,21.79,FAULT,MECHANICAL_DEGRADATION
2026-08-23T18:46:20.198689,4777.9,104.19,2.41,6.73,60.6,12.13,1488.1,22.18,FAULT,MECHANICAL_DEGRADATION
2026-08-23T18:46:21.198689,4293.1,94.29,2.46,6.0,67.6,12.19,1498.0,22.13,FAULT,MECHANICAL_DEGRADATION
2026-08-23T18:46:22.198689,4492.9,96.15,3.03,8.08,66.6,12.45,1493.0,20.97,FAULT,MECHANICAL_DEGRADATION
2026-08-23T18:46:23.198689,4992.5,105.24,2.62,6.99,68.2,12.58,1504.5,21.52,FAULT,MECHANICAL_DEGRADATION
2026-08-23T18:46:24.198689,4464.8,103.43,3.0,6.06,62.4,13.38,1476.1,22.22,FAULT,MECHANICAL_DEGRADATION
2026-08-23T18:46:25.198689,4756.5,98.21,3.0,7.01,58.3,12.44,1503.9,22.52,FAULT,MECHANICAL_DEGRADATION
2026-08-23T18:46:26.198689,4843.0,97.14,2.97,8.08,61.2,12.07,1518.5,22.43,FAULT,MECHANICAL_DEGRADATION
2026-08-23T18:46:27.198689,4843.7,94.75,3.22,8.58,56.3,12.68,1529.3,22.42,FAULT,MECHANICAL_DEGRADATION
2026-08-23T18:46:28.198689,4629.6,96.39,2.71,7.09,66.7,13.73,1513.1,22.09,FAULT,MECHANICAL_DEGRADATION
2026-08-23T18:46:29.198689,4982.5,106.24,3.22,8.83,68.8,12.71,1502.3,21.73,FAULT,MECHANICAL_DEGRADATION
2026-08-23T18:46:30.198689,4286.0,99.06,2.89,6.51,64.9,12.94,1479.4,22.22,FAULT,MECHANICAL_DEGRADATION
2026-08-23T18:46:31.198689,3959.6,93.56,2.63,7.52,63.1,11.95,1507.6,22.1,FAULT,MECHANICAL_DEGRADATION
2026-08-23T18:46:32.198689,5086.0,100.77,3.05,8.01,67.2,13.53,1496.4,21.65,FAULT,MECHANICAL_DEGRADATION
2026-08-23T18:46:33.198689,4856.5,100.65,3.12,5.56,68.1,12.91,1469.8,22.47,FAULT,MECHANICAL_DEGRADATION
2026-08-23T18:46:34.198689,4273.7,101.67,2.55,8.08,59.2,11.82,1483.6,21.23,FAULT,MECHANICAL_DEGRADATION
2026-08-23T18:46:35.198689,4743.6,96.13,2.79,7.97,63.1,12.11,1519.6,22.11,FAULT,MECHANICAL_DEGRADATION
2026-08-23T18:46:36.198689,4938.9,106.28,2.8,6.96,65.6,12.76,1501.4,21.89,FAULT,MECHANICAL_DEGRADATION
2026-08-23T18:46:37.198689,4412.4,97.32,3.0,8.98,72.4,12.77,1499.2,21.83,FAULT,MECHANICAL_DEGRADATION
2026-08-23T18:46:38.198689,4079.7,97.26,3.23,6.55,69.9,11.44,1484.9,21.78,FAULT,MECHANICAL_DEGRADATION
2026-08-23T18:46:39.198689,4631.0,97.64,2.85,6.22,59.6,12.51,1481.7,21.78,FAULT,MECHANICAL_DEGRADATION
2026-08-23T18:46:40.198689,4650.1,99.15,3.05,6.58,63.4,12.48,1486.2,21.44,FAULT,MECHANICAL_DEGRADATION
2026-08-23T18:46:41.198689,4099.5,106.53,2.73,8.37,53.8,12.93,1499.5,22.62,FAULT,MECHANICAL_DEGRADATION
2026-08-23T18:46:42.198689,4548.1,97.55,2.92,8.8,73.1,12.58,1510.4,22.52,FAULT,MECHANICAL_DEGRADATION
2026-08-23T18:46:43.198689,4780.5,100.75,2.57,8.19,68.6,12.55,1497.6,21.22,FAULT,MECHANICAL_DEGRADATION
2026-08-23T18:46:44.198689,4515.7,93.72,3.22,6.28,57.0,12.43,1499.9,22.72,FAULT,MECHANICAL_DEGRADATION
2026-08-23T18:46:45.198689,4700.0,98.58,2.55,5.91,65.5,12.21,1501.3,21.46,FAULT,MECHANICAL_DEGRADATION
2026-08-23T18:46:46.198689,4257.9,105.5,3.02,8.13,63.2,12.5,1496.6,22.33,FAULT,MECHANICAL_DEGRADATION
2026-08-23T18:46:47.198689,3986.6,93.25,2.82,7.0,63.2,12.15,1529.1,22.18,FAULT,MECHANICAL_DEGRADATION
2026-08-23T18:46:48.198689,4847.2,105.58,2.97,6.03,66.9,12.43,1492.8,21.93,FAULT,MECHANICAL_DEGRADATION
2026-08-23T18:46:49.198689,4222.6,107.02,2.52,7.02,70.3,12.73,1524.5,21.45,FAULT,MECHANICAL_DEGRADATION
2026-08-23T18:46:50.198689,3887.0,96.9,2.91,5.22,60.4,12.86,1497.8,22.84,FAULT,MECHANICAL_DEGRADATION
2026-08-23T18:46:51.198689,5130.8,96.99,2.89,7.86,68.1,12.92,1474.3,21.59,FAULT,MECHANICAL_DEGRADATION
2026-08-23T18:46:52.198689,4613.5,106.25,2.68,5.55,65.3,12.03,1483.8,21.8,FAULT,MECHANICAL_DEGRADATION
2026-08-23T18:46:53.198689,4612.4,99.23,2.98,8.45,66.4,12.87,1499.2,22.03,FAULT,MECHANICAL_DEGRADATION
2026-08-23T18:46:54.198689,3928.4,99.99,2.41,7.25,65.0,12.61,1492.5,23.19,FAULT,MECHANICAL_DEGRADATION
2026-08-23T18:46:55.198689,4224.7,105.67,2.79,5.38,69.6,12.27,1530.6,22.23,FAULT,MECHANICAL_DEGRADATION
2026-08-23T18:46:56.198689,4664.9,94.37,3.0,6.71,66.4,13.05,1513.4,21.42,FAULT,MECHANICAL_DEGRADATION
2026-08-23T18:46:57.198689,4072.4,107.66,2.78,5.63,71.8,11.73,1520.7,20.74,FAULT,MECHANICAL_DEGRADATION
2026-08-23T18:46:58.198689,4546.0,93.86,2.49,7.7,80.4,12.46,1496.5,21.8,FAULT,MECHANICAL_DEGRADATION
2026-08-23T18:46:59.198689,5049.7,94.27,2.99,6.7,67.3,12.8,1498.5,21.72,FAULT,MECHANICAL_DEGRADATION
2026-08-23T18:47:00.198689,4747.0,95.99,3.26,8.71,65.0,12.54,1486.7,21.59,FAULT,MECHANICAL_DEGRADATION
2026-08-23T18:47:01.198689,4588.6,107.44,3.11,7.24,66.3,12.25,1490.3,21.72,FAULT,MECHANICAL_DEGRADATION
2026-08-23T18:47:02.198689,5126.7,93.66,3.21,7.94,71.2,12.81,1488.0,22.6,FAULT,MECHANICAL_DEGRADATION
2026-08-23T18:47:03.198689,4698.1,103.53,2.47,5.68,69.0,12.62,1513.9,22.14,FAULT,MECHANICAL_DEGRADATION
2026-08-23T18:47:04.198689,5169.7,96.29,3.02,5.15,63.9,12.09,1465.5,21.8,FAULT,MECHANICAL_DEGRADATION
2026-08-23T18:47:05.198689,4184.6,102.4,3.16,8.73,69.8,12.47,1508.5,21.88,FAULT,MECHANICAL_DEGRADATION
2026-08-23T18:47:06.198689,3857.8,98.94,3.09,5.8,63.6,12.76,1487.2,22.66,FAULT,MECHANICAL_DEGRADATION
2026-08-23T18:47:07.198689,4119.8,101.66,2.55,7.03,68.1,12.67,1508.7,22.29,FAULT,MECHANICAL_DEGRADATION
2026-08-23T18:47:08.198689,4810.9,103.43,2.95,5.19,54.1,12.07,1482.0,22.2,FAULT,MECHANICAL_DEGRADATION
2026-08-23T18:47:09.198689,4570.9,99.92,2.45,5.28,54.6,12.93,1527.6,22.67,FAULT,MECHANICAL_DEGRADATION
2026-08-23T18:47:10.198689,4580.7,99.72,2.48,8.87,67.3,12.73,1512.7,22.17,FAULT,MECHANICAL_DEGRADATION
2026-08-23T18:47:11.198689,4560.2,98.22,2.75,5.11,70.3,12.59,1494.1,22.48,FAULT,MECHANICAL_DEGRADATION
2026-08-23T18:47:12.198689,4692.7,101.51,3.35,5.31,73.3,12.59,1526.6,21.65,FAULT,MECHANICAL_DEGRADATION
2026-08-23T18:47:13.198689,4429.2,104.55,2.82,5.3,72.4,12.82,1478.5,21.92,FAULT,MECHANICAL_DEGRADATION
2026-08-23T18:47:14.198689,4337.3,97.14,3.18,7.01,58.9,12.61,1475.7,22.14,FAULT,MECHANICAL_DEGRADATION
2026-08-23T18:47:15.198689,3919.0,106.43,3.2,6.65,64.9,12.56,1500.6,22.01,FAULT,MECHANICAL_DEGRADATION
2026-08-23T18:47:16.198689,4500.3,95.02,2.76,7.28,67.7,12.3,1494.7,22.76,FAULT,MECHANICAL_DEGRADATION
2026-08-23T18:47:17.198689,4906.7,105.47,2.48,8.4,70.9,12.53,1483.6,21.04,FAULT,MECHANICAL_DEGRADATION
2026-08-23T18:47:18.198689,4452.5,97.38,3.32,5.8,69.4,12.77,1518.3,22.73,FAULT,MECHANICAL_DEGRADATION
2026-08-23T18:47:19.198689,4004.6,102.16,3.1,6.18,66.9,12.89,1504.0,21.4,FAULT,MECHANICAL_DEGRADATION
2026-08-23T18:47:20.198689,4482.1,96.28,3.08,8.37,71.4,12.77,1505.2,21.4,FAULT,MECHANICAL_DEGRADATION
2026-08-23T18:47:21.198689,4270.8,96.46,2.71,7.6,67.3,12.81,1501.9,21.85,FAULT,MECHANICAL_DEGRADATION
2026-08-23T18:47:22.198689,5046.4,102.2,3.2,8.72,61.2,12.98,1492.0,22.05,FAULT,MECHANICAL_DEGRADATION
2026-08-23T18:47:23.198689,4284.1,95.23,2.69,8.77,68.1,12.6,1481.8,22.24,FAULT,MECHANICAL_DEGRADATION
2026-08-23T18:47:24.198689,4387.7,103.09,2.41,5.5,68.0,12.89,1484.5,21.34,FAULT,MECHANICAL_DEGRADATION
2026-08-23T18:47:25.198689,4499.5,106.25,2.41,8.58,54.7,13.33,1476.3,21.59,FAULT,MECHANICAL_DEGRADATION
2026-08-23T18:47:26.198689,4943.0,93.28,2.4,8.21,60.7,11.98,1487.3,22.48,FAULT,MECHANICAL_DEGRADATION
2026-08-23T18:47:27.198689,4314.4,97.43,2.99,6.6,67.0,12.1,1515.9,22.66,FAULT,MECHANICAL_DEGRADATION
2026-08-23T18:47:28.198689,4791.5,106.71,2.74,5.01,73.6,13.17,1492.0,21.55,FAULT,MECHANICAL_DEGRADATION
2026-08-23T18:47:29.198689,5039.6,94.26,2.58,5.85,74.4,12.62,1501.1,21.95,FAULT,MECHANICAL_DEGRADATION
2026-08-23T18:47:30.198689,4752.9,107.28,2.52,7.26,69.8,11.89,1467.7,21.85,FAULT,MECHANICAL_DEGRADATION
2026-08-23T18:47:31.198689,4049.0,95.97,3.02,8.47,68.4,12.71,1458.4,22.06,FAULT,MECHANICAL_DEGRADATION
2026-08-23T18:47:32.198689,4521.5,107.7,3.3,6.48,67.0,12.68,1509.7,21.68,FAULT,MECHANICAL_DEGRADATION
2026-08-23T18:47:33.198689,4429.7,100.3,3.37,8.92,56.3,11.88,1513.9,22.51,FAULT,MECHANICAL_DEGRADATION
2026-08-23T18:47:34.198689,4897.1,104.05,2.99,8.24,71.3,12.16,1500.1,21.68,FAULT,MECHANICAL_DEGRADATION
2026-08-23T18:47:35.198689,4637.4,103.05,3.2,7.84,71.1,12.96,1498.0,22.05,FAULT,MECHANICAL_DEGRADATION
2026-08-23T18:47:36.198689,4248.9,104.56,3.01,7.05,63.3,12.54,1483.9,22.09,FAULT,MECHANICAL_DEGRADATION
2026-08-23T18:47:37.198689,4834.9,96.62,3.38,8.29,64.8,12.42,1510.0,22.84,FAULT,MECHANICAL_DEGRADATION
2026-08-23T18:47:38.198689,4252.6,97.6,2.8,8.56,64.4,12.42,1465.0,22.81,FAULT,MECHANICAL_DEGRADATION
2026-08-23T18:47:39.198689,4695.4,101.93,2.72,7.93,74.6,12.68,1506.6,22.51,FAULT,MECHANICAL_DEGRADATION
2026-08-23T18:47:40.198689,4130.9,93.35,3.24,6.92,64.1,12.1,1474.5,22.45,FAULT,MECHANICAL_DEGRADATION
2026-08-23T18:47:41.198689,4658.3,102.96,2.8,6.07,69.0,12.39,1508.2,23.05,FAULT,MECHANICAL_DEGRADATION
2026-08-23T18:47:42.198689,4429.2,104.22,2.9,5.89,61.5,12.75,1486.0,22.2,FAULT,MECHANICAL_DEGRADATION
2026-08-23T18:47:43.198689,3813.0,95.97,2.7,6.98,65.3,13.18,1503.5,23.04,FAULT,MECHANICAL_DEGRADATION
2026-08-23T18:47:44.198689,5176.3,101.41,2.98,8.57,63.9,12.39,1472.1,21.72,FAULT,MECHANICAL_DEGRADATION
2026-08-23T18:47:45.198689,4854.4,104.83,3.13,8.58,65.3,12.12,1504.4,21.5,FAULT,MECHANICAL_DEGRADATION
2026-08-23T18:47:46.198689,4104.8,102.14,2.59,8.07,69.1,11.5,1505.9,20.8,FAULT,MECHANICAL_DEGRADATION
2026-08-23T18:47:47.198689,4401.4,97.54,3.06,6.43,60.9,12.81,1516.6,22.32,FAULT,MECHANICAL_DEGRADATION
2026-08-23T18:47:48.198689,4626.0,98.18,3.14,8.94,67.4,11.8,1498.4,21.81,FAULT,MECHANICAL_DEGRADATION
2026-08-23T18:47:49.198689,4213.4,103.85,2.62,5.69,58.2,12.12,1503.6,21.79,FAULT,MECHANICAL_DEGRADATION
2026-08-23T18:47:50.198689,4880.5,101.6,2.44,5.19,63.5,11.54,1504.7,21.67,FAULT,MECHANICAL_DEGRADATION
2026-08-23T18:47:51.198689,4402.1,107.44,2.83,6.83,60.5,12.79,1512.6,22.23,FAULT,MECHANICAL_DEGRADATION
2026-08-23T18:47:52.198689,5048.2,105.94,3.22,7.72,67.7,12.35,1490.8,22.56,FAULT,MECHANICAL_DEGRADATION
2026-08-23T18:47:53.198689,4188.4,103.09,2.63,6.51,74.3,11.47,1506.4,22.72,FAULT,MECHANICAL_DEGRADATION
2026-08-23T18:47:54.198689,3959.1,103.57,3.35,6.48,65.0,11.92,1492.8,22.17,FAULT,MECHANICAL_DEGRADATION
2026-08-23T18:47:55.198689,4930.8,101.54,3.19,8.41,64.1,11.9,1477.9,22.36,FAULT,MECHANICAL_DEGRADATION
2026-08-23T18:47:56.198689,3978.6,96.42,2.73,6.74,64.8,12.55,1507.7,22.81,FAULT,MECHANICAL_DEGRADATION
2026-08-23T18:47:57.198689,3867.6,102.28,3.01,6.59,57.5,13.24,1516.8,21.88,FAULT,MECHANICAL_DEGRADATION
2026-08-23T18:47:58.198689,4930.7,100.72,2.58,8.85,62.0,12.98,1494.0,22.77,FAULT,MECHANICAL_DEGRADATION
2026-08-23T18:47:59.198689,4147.1,105.67,2.46,5.63,64.3,12.39,1506.3,22.03,FAULT,MECHANICAL_DEGRADATION
2026-08-23T18:48:00.198689,4476.4,105.72,3.32,8.6,61.9,12.6,1485.4,21.25,FAULT,MECHANICAL_DEGRADATION
2026-08-23T18:48:01.198689,4449.8,99.88,2.55,8.61,69.6,12.92,1530.4,21.71,FAULT,MECHANICAL_DEGRADATION
2026-08-23T18:48:02.198689,3985.1,107.47,2.74,8.65,52.8,13.39,1500.6,21.64,FAULT,MECHANICAL_DEGRADATION
2026-08-23T18:48:03.198689,4546.6,93.59,2.68,7.33,63.6,13.0,1508.8,21.79,FAULT,MECHANICAL_DEGRADATION
2026-08-23T18:48:04.198689,4423.6,97.6,2.57,5.76,72.2,12.41,1511.8,21.99,FAULT,MECHANICAL_DEGRADATION
2026-08-23T18:48:05.198689,4302.0,96.68,2.65,5.33,73.1,12.92,1510.6,21.05,FAULT,MECHANICAL_DEGRADATION
2026-08-23T18:48:06.198689,4682.6,96.72,3.14,8.25,66.4,12.76,1510.7,21.09,FAULT,MECHANICAL_DEGRADATION
2026-08-23T18:48:07.198689,4138.0,96.17,2.43,5.93,59.1,11.69,1507.8,22.15,FAULT,MECHANICAL_DEGRADATION
2026-08-23T18:48:08.198689,4575.9,96.04,2.41,6.99,71.9,12.22,1498.6,22.36,FAULT,MECHANICAL_DEGRADATION
2026-08-23T18:48:09.198689,4536.8,99.82,2.46,6.05,63.4,12.83,1500.9,21.23,FAULT,MECHANICAL_DEGRADATION
2026-08-23T18:48:10.198689,4627.7,95.74,2.78,7.23,66.6,12.15,1489.1,22.88,FAULT,MECHANICAL_DEGRADATION
2026-08-23T18:48:11.198689,3812.4,106.82,2.63,8.12,61.2,12.61,1492.4,22.63,FAULT,MECHANICAL_DEGRADATION
2026-08-23T18:48:12.198689,4007.3,106.98,2.52,6.48,68.7,11.77,1527.1,21.14,FAULT,MECHANICAL_DEGRADATION
2026-08-23T18:48:13.198689,3804.8,105.49,2.55,8.77,63.9,12.26,1486.1,21.52,FAULT,MECHANICAL_DEGRADATION
2026-08-23T18:48:14.198689,4131.4,95.54,2.59,7.68,67.8,12.85,1476.7,23.29,FAULT,MECHANICAL_DEGRADATION
2026-08-23T18:48:15.198689,4718.3,97.04,3.12,8.59,59.1,12.29,1490.4,21.92,FAULT,MECHANICAL_DEGRADATION
2026-08-23T18:48:16.198689,3833.8,100.81,3.18,8.56,60.3,12.55,1519.5,21.66,FAULT,MECHANICAL_DEGRADATION
2026-08-23T18:48:17.198689,4924.3,104.44,2.7,8.22,61.0,12.87,1493.8,22.94,FAULT,MECHANICAL_DEGRADATION
2026-08-23T18:48:18.198689,4373.6,98.87,2.72,5.2,75.1,12.62,1510.0,22.59,FAULT,MECHANICAL_DEGRADATION
2026-08-23T18:48:19.198689,4357.6,99.93,3.16,7.55,68.6,12.57,1508.4,21.26,FAULT,MECHANICAL_DEGRADATION
2026-08-23T18:48:20.198689,4585.1,96.89,3.39,5.51,77.5,12.16,1485.6,22.57,FAULT,MECHANICAL_DEGRADATION
2026-08-23T18:48:21.198689,4408.2,105.44,2.97,8.46,73.6,12.64,1469.2,22.91,FAULT,MECHANICAL_DEGRADATION
2026-08-23T18:48:22.198689,4091.0,94.95,2.8,6.91,66.2,12.71,1479.2,22.52,FAULT,MECHANICAL_DEGRADATION
2026-08-23T18:48:23.198689,4591.7,103.18,3.21,7.41,65.4,12.5,1507.0,22.07,FAULT,MECHANICAL_DEGRADATION
2026-08-23T18:48:24.198689,5023.9,106.99,2.86,6.24,58.5,12.95,1487.0,21.64,FAULT,MECHANICAL_DEGRADATION
2026-08-23T18:48:25.198689,4704.6,100.89,2.45,5.72,65.1,12.36,1524.2,21.54,FAULT,MECHANICAL_DEGRADATION
2026-08-23T18:48:26.198689,5095.7,95.66,2.69,6.24,57.7,12.69,1468.0,22.78,FAULT,MECHANICAL_DEGRADATION
2026-08-23T18:48:27.198689,3922.7,98.59,3.26,8.68,59.3,12.15,1487.0,22.07,FAULT,MECHANICAL_DEGRADATION
2026-08-23T18:48:28.198689,3812.6,99.12,3.03,6.75,63.1,12.25,1502.1,22.25,FAULT,MECHANICAL_DEGRADATION
2026-08-23T18:48:29.198689,4901.1,107.87,3.22,6.01,67.1,12.86,1468.3,21.73,FAULT,MECHANICAL_DEGRADATION
2026-08-23T18:48:30.198689,4064.2,97.23,2.5,5.5,75.9,12.0,1502.7,21.69,FAULT,MECHANICAL_DEGRADATION
2026-08-23T18:48:31.198689,4560.9,104.72,2.9,6.02,59.3,12.02,1495.2,21.72,FAULT,MECHANICAL_DEGRADATION
2026-08-23T18:48:32.198689,3897.7,97.65,2.69,6.98,69.0,12.47,1502.3,21.86,FAULT,MECHANICAL_DEGRADATION
2026-08-23T18:48:33.198689,4111.0,93.88,2.69,8.8,62.5,12.76,1508.1,22.23,FAULT,MECHANICAL_DEGRADATION
2026-08-23T18:48:34.198689,4284.5,95.04,2.82,6.65,72.1,12.76,1486.5,22.22,FAULT,MECHANICAL_DEGRADATION
2026-08-23T18:48:35.198689,5017.2,97.59,2.59,5.57,67.1,12.44,1531.4,20.89,FAULT,MECHANICAL_DEGRADATION
2026-08-23T18:48:36.198689,4286.4,101.56,2.76,8.38,63.5,13.11,1497.4,22.04,FAULT,MECHANICAL_DEGRADATION
2026-08-23T18:48:37.198689,4752.1,106.66,2.95,6.62,52.1,12.2,1482.1,21.31,FAULT,MECHANICAL_DEGRADATION
2026-08-23T18:48:38.198689,4881.3,93.29,2.75,8.92,62.8,12.29,1463.2,21.42,FAULT,MECHANICAL_DEGRADATION
2026-08-23T18:48:39.198689,4374.0,97.12,2.45,7.92,61.8,12.82,1506.6,22.09,FAULT,MECHANICAL_DEGRADATION
2026-08-23T18:48:40.198689,4965.5,104.56,2.72,8.92,58.3,13.33,1499.4,21.91,FAULT,MECHANICAL_DEGRADATION
2026-08-23T18:48:41.198689,4475.4,104.31,2.87,6.17,70.3,12.4,1488.5,22.5,FAULT,MECHANICAL_DEGRADATION
2026-08-23T18:48:42.198689,4230.6,98.14,2.72,5.08,67.0,12.7,1493.6,22.51,FAULT,MECHANICAL_DEGRADATION
2026-08-23T18:48:43.198689,3948.1,106.39,3.31,5.35,64.2,12.13,1499.9,22.65,FAULT,MECHANICAL_DEGRADATION
2026-08-23T18:48:44.198689,3815.9,96.48,2.91,8.89,58.0,12.83,1496.3,21.86,FAULT,MECHANICAL_DEGRADATION
2026-08-23T18:48:45.198689,4645.1,105.01,2.48,7.32,58.0,12.4,1518.1,21.28,FAULT,MECHANICAL_DEGRADATION
2026-08-23T18:48:46.198689,5037.1,107.66,3.01,8.69,57.2,11.81,1491.1,21.33,FAULT,MECHANICAL_DEGRADATION
2026-08-23T18:48:47.198689,4842.9,100.14,2.69,8.75,68.1,12.99,1483.1,21.53,FAULT,MECHANICAL_DEGRADATION
2026-08-23T18:48:48.198689,4923.6,98.52,3.34,6.23,72.7,12.21,1519.2,21.82,FAULT,MECHANICAL_DEGRADATION
2026-08-23T18:48:49.198689,5100.4,98.65,2.84,8.01,63.1,12.68,1511.2,22.51,FAULT,MECHANICAL_DEGRADATION
2026-08-23T18:48:50.198689,4198.0,98.88,2.52,8.19,70.9,12.7,1488.7,21.98,FAULT,MECHANICAL_DEGRADATION
2026-08-23T18:48:51.198689,4091.1,95.19,2.63,8.65,56.1,12.85,1497.5,22.16,FAULT,MECHANICAL_DEGRADATION
2026-08-23T18:48:52.198689,4982.0,98.89,3.04,6.62,68.0,12.47,1515.5,22.35,FAULT,MECHANICAL_DEGRADATION
2026-08-23T18:48:53.198689,4903.3,93.24,2.9,8.83,61.9,12.52,1487.7,22.77,FAULT,MECHANICAL_DEGRADATION
2026-08-23T18:48:54.198689,4367.6,100.86,3.14,8.59,57.2,12.29,1496.7,22.64,FAULT,MECHANICAL_DEGRADATION
2026-08-23T18:48:55.198689,3821.4,101.66,2.91,6.05,68.5,13.01,1488.2,21.06,FAULT,MECHANICAL_DEGRADATION
2026-08-23T18:48:56.198689,4801.1,107.45,3.02,5.03,60.5,12.46,1485.4,21.64,FAULT,MECHANICAL_DEGRADATION
2026-08-23T18:48:57.198689,5161.0,107.93,2.66,6.36,63.3,12.76,1508.6,22.51,FAULT,MECHANICAL_DEGRADATION
2026-08-23T18:48:58.198689,4756.4,99.86,2.91,6.36,58.1,13.21,1497.8,22.07,FAULT,MECHANICAL_DEGRADATION
2026-08-23T18:48:59.198689,4648.5,101.48,3.33,7.07,66.1,12.2,1488.5,22.62,FAULT,MECHANICAL_DEGRADATION
2026-08-23T18:49:00.198689,4647.5,106.49,3.13,6.71,72.7,13.68,1481.3,22.64,FAULT,MECHANICAL_DEGRADATION
2026-08-23T18:49:01.198689,4569.6,94.43,2.5,5.92,76.7,12.64,1499.3,22.16,FAULT,MECHANICAL_DEGRADATION
2026-08-23T18:49:02.198689,3979.8,103.08,2.69,6.89,61.1,12.57,1505.3,21.88,FAULT,MECHANICAL_DEGRADATION
2026-08-23T18:49:03.198689,3927.3,105.65,2.53,7.94,75.9,12.48,1495.6,22.23,FAULT,MECHANICAL_DEGRADATION
2026-08-23T18:49:04.198689,4640.9,93.81,2.94,5.29,65.4,12.4,1512.6,20.95,FAULT,MECHANICAL_DEGRADATION
2026-08-23T18:49:05.198689,3973.0,100.24,3.32,5.99,69.6,12.71,1510.1,22.48,FAULT,MECHANICAL_DEGRADATION
2026-08-23T18:49:06.198689,4906.0,101.32,2.42,8.25,68.7,12.32,1496.9,21.04,FAULT,MECHANICAL_DEGRADATION
2026-08-23T18:49:07.198689,5198.0,106.2,3.02,8.89,55.2,12.45,1518.7,22.24,FAULT,MECHANICAL_DEGRADATION
2026-08-23T18:49:08.198689,4784.5,107.06,2.68,6.37,58.2,12.63,1509.1,22.33,FAULT,MECHANICAL_DEGRADATION
2026-08-23T18:49:09.198689,5197.1,96.5,2.67,5.22,65.2,12.67,1491.9,22.17,FAULT,MECHANICAL_DEGRADATION
2026-08-23T18:49:10.198689,3806.6,107.12,3.04,5.85,66.8,12.68,1492.1,22.49,FAULT,MECHANICAL_DEGRADATION
2026-08-23T18:49:11.198689,3924.4,102.27,3.27,7.79,66.0,13.03,1496.7,21.69,FAULT,MECHANICAL_DEGRADATION
2026-08-23T18:49:12.198689,5028.9,102.65,3.08,6.57,50.7,12.99,1500.9,21.86,FAULT,MECHANICAL_DEGRADATION
2026-08-23T18:49:13.198689,4975.5,101.07,2.59,5.61,59.4,13.41,1513.8,21.49,FAULT,MECHANICAL_DEGRADATION
2026-08-23T18:49:14.198689,4510.8,96.73,3.03,7.03,59.6,12.67,1485.1,21.0,FAULT,MECHANICAL_DEGRADATION
2026-08-23T18:49:15.198689,4769.4,105.07,3.27,7.17,63.3,12.66,1492.5,22.98,FAULT,MECHANICAL_DEGRADATION
2026-08-23T18:49:16.198689,5199.1,99.64,3.31,7.18,68.0,12.85,1515.7,22.42,FAULT,MECHANICAL_DEGRADATION
2026-08-23T18:49:17.198689,4204.1,97.49,3.19,6.0,65.4,11.71,1501.5,22.24,FAULT,MECHANICAL_DEGRADATION
2026-08-23T18:49:18.198689,4588.7,97.56,3.27,7.99,61.5,12.23,1515.7,21.69,FAULT,MECHANICAL_DEGRADATION
2026-08-23T18:49:19.198689,4654.9,101.13,2.61,8.81,67.9,12.94,1490.1,21.11,FAULT,MECHANICAL_DEGRADATION
2026-08-23T18:49:20.198689,4939.9,93.75,3.25,8.24,61.0,13.31,1481.7,21.92,FAULT,MECHANICAL_DEGRADATION
2026-08-23T18:49:21.198689,4289.5,93.52,2.98,7.51,66.6,12.78,1481.7,21.74,FAULT,MECHANICAL_DEGRADATION
2026-08-23T18:49:22.198689,4664.4,95.09,2.61,6.76,67.9,12.47,1526.7,22.29,FAULT,MECHANICAL_DEGRADATION
2026-08-23T18:49:23.198689,5098.4,96.86,2.97,7.52,59.4,12.12,1544.9,21.89,FAULT,MECHANICAL_DEGRADATION
2026-08-23T18:49:24.198689,3813.9,94.36,2.87,6.36,67.8,12.94,1474.4,23.1,FAULT,MECHANICAL_DEGRADATION
2026-08-23T18:49:25.198689,5182.0,106.75,3.01,8.4,63.7,12.51,1494.2,21.14,FAULT,MECHANICAL_DEGRADATION
2026-08-23T18:49:26.198689,4066.8,102.76,2.63,5.92,58.9,13.09,1508.7,21.88,FAULT,MECHANICAL_DEGRADATION
2026-08-23T18:49:27.198689,4495.2,97.94,2.55,8.39,64.2,12.98,1489.4,22.3,FAULT,MECHANICAL_DEGRADATION
2026-08-23T18:49:28.198689,4897.8,94.65,3.18,7.83,59.5,12.49,1501.4,22.46,FAULT,MECHANICAL_DEGRADATION
2026-08-23T18:49:29.198689,4507.7,106.4,2.53,7.99,57.8,12.34,1470.7,21.34,FAULT,MECHANICAL_DEGRADATION
2026-08-23T18:49:30.198689,4904.9,105.52,2.63,7.25,60.0,12.68,1525.0,21.48,FAULT,MECHANICAL_DEGRADATION
2026-08-23T18:49:31.198689,4035.2,106.84,3.28,6.64,66.0,12.53,1473.5,22.28,FAULT,MECHANICAL_DEGRADATION
2026-08-23T18:49:32.198689,4090.1,95.32,2.61,8.15,73.9,12.26,1498.8,22.37,FAULT,MECHANICAL_DEGRADATION
2026-08-23T18:49:33.198689,4231.2,104.31,2.5,6.56,74.0,12.46,1488.6,22.73,FAULT,MECHANICAL_DEGRADATION
2026-08-23T18:49:34.198689,4319.5,106.3,2.75,7.62,60.7,12.32,1477.3,21.27,FAULT,MECHANICAL_DEGRADATION
2026-08-23T18:49:35.198689,4082.2,103.79,2.71,7.14,61.5,12.78,1491.3,23.11,FAULT,MECHANICAL_DEGRADATION
2026-08-23T18:49:36.198689,3987.4,95.13,2.72,8.27,69.0,12.62,1527.0,21.19,FAULT,MECHANICAL_DEGRADATION
2026-08-23T18:49:37.198689,4740.6,100.16,2.93,8.3,71.1,12.42,1489.0,21.16,FAULT,MECHANICAL_DEGRADATION
2026-08-23T18:49:38.198689,4955.4,99.74,3.35,8.86,58.1,12.76,1495.0,21.83,FAULT,MECHANICAL_DEGRADATION
2026-08-23T18:49:39.198689,3854.8,100.26,2.48,7.28,67.2,12.19,1474.8,21.69,FAULT,MECHANICAL_DEGRADATION
2026-08-23T18:49:40.198689,4213.5,98.91,2.48,5.93,68.0,12.85,1490.3,22.7,FAULT,MECHANICAL_DEGRADATION
2026-08-23T18:49:41.198689,4365.3,102.78,3.2,8.04,68.5,12.33,1463.9,21.98,FAULT,MECHANICAL_DEGRADATION
2026-08-23T18:49:42.198689,3882.5,94.95,3.1,6.72,64.4,12.53,1499.0,22.11,FAULT,MECHANICAL_DEGRADATION
2026-08-23T18:49:43.198689,4339.4,97.76,2.99,7.4,73.1,12.53,1495.7,21.89,FAULT,MECHANICAL_DEGRADATION
2026-08-23T18:49:44.198689,4482.9,107.28,2.45,8.62,68.4,13.19,1477.0,21.79,FAULT,MECHANICAL_DEGRADATION
2026-08-23T18:49:45.198689,4726.8,104.66,2.94,5.68,65.8,12.36,1491.7,22.91,FAULT,MECHANICAL_DEGRADATION
2026-08-23T18:49:46.198689,4246.1,100.0,2.45,8.34,59.1,12.06,1491.6,22.65,FAULT,MECHANICAL_DEGRADATION
2026-08-23T18:49:47.198689,4991.6,95.38,3.02,7.07,68.9,13.36,1502.6,21.88,FAULT,MECHANICAL_DEGRADATION
2026-08-23T18:49:48.198689,4428.5,100.52,3.38,8.28,62.0,12.65,1496.9,22.27,FAULT,MECHANICAL_DEGRADATION
2026-08-23T18:49:49.198689,4645.4,107.75,2.94,5.23,70.3,11.92,1478.6,22.26,FAULT,MECHANICAL_DEGRADATION
2026-08-23T18:49:50.198689,4097.3,105.08,2.41,5.72,61.3,12.7,1504.9,22.16,FAULT,MECHANICAL_DEGRADATION
2026-08-23T18:49:51.198689,4297.4,93.14,2.83,5.78,53.5,12.41,1502.4,21.67,FAULT,MECHANICAL_DEGRADATION
2026-08-23T18:49:52.198689,3887.8,102.55,3.39,6.86,70.3,12.84,1482.4,22.12,FAULT,MECHANICAL_DEGRADATION
2026-08-23T18:49:53.198689,4806.6,98.3,3.04,6.35,67.6,12.65,1500.9,22.52,FAULT,MECHANICAL_DEGRADATION
2026-08-23T18:49:54.198689,3832.3,105.95,2.59,8.89,65.6,12.44,1492.3,21.05,FAULT,MECHANICAL_DEGRADATION
2026-08-23T18:49:55.198689,5051.4,104.67,2.48,7.41,62.2,12.85,1489.0,21.42,FAULT,MECHANICAL_DEGRADATION
2026-08-23T18:49:56.198689,4789.5,94.01,3.05,8.14,62.4,12.14,1490.3,21.99,FAULT,MECHANICAL_DEGRADATION
2026-08-23T18:49:57.198689,4780.0,104.61,3.14,6.23,57.8,12.85,1535.0,22.18,FAULT,MECHANICAL_DEGRADATION
2026-08-23T18:49:58.198689,5175.8,105.12,2.77,6.58,65.5,12.44,1516.3,22.45,FAULT,MECHANICAL_DEGRADATION
2026-08-23T18:49:59.198689,4151.2,96.55,3.32,8.1,68.8,12.09,1523.6,22.21,FAULT,MECHANICAL_DEGRADATION
2026-08-23T18:50:00.198689,4820.5,98.27,3.23,6.34,64.6,12.73,1524.2,21.75,FAULT,MECHANICAL_DEGRADATION
2026-08-23T18:50:01.198689,4486.8,97.93,3.28,7.26,60.1,13.04,1509.9,22.42,FAULT,MECHANICAL_DEGRADATION
2026-08-23T18:50:02.198689,4542.1,101.97,3.09,6.23,67.3,11.92,1482.5,21.79,FAULT,MECHANICAL_DEGRADATION
2026-08-23T18:50:03.198689,4148.1,107.69,3.32,7.0,66.3,12.53,1502.7,21.36,FAULT,MECHANICAL_DEGRADATION
2026-08-23T18:50:04.198689,4312.7,105.24,3.37,6.4,74.0,12.36,1475.2,21.97,FAULT,MECHANICAL_DEGRADATION
2026-08-23T18:50:05.198689,5104.1,98.77,3.31,8.31,54.9,12.36,1493.8,21.67,FAULT,MECHANICAL_DEGRADATION
2026-08-23T18:50:06.198689,3833.0,101.71,2.95,6.4,63.3,12.13,1502.1,21.83,FAULT,MECHANICAL_DEGRADATION
2026-08-23T18:50:07.198689,3828.7,98.54,3.23,8.61,56.7,11.71,1492.2,22.94,FAULT,MECHANICAL_DEGRADATION
2026-08-23T18:50:08.198689,5169.9,105.98,2.64,5.52,66.8,12.39,1494.3,22.25,FAULT,MECHANICAL_DEGRADATION
2026-08-23T18:50:09.198689,3972.2,107.49,2.78,8.56,61.6,12.78,1518.8,20.84,FAULT,MECHANICAL_DEGRADATION
2026-08-23T18:50:10.198689,4874.3,106.14,2.55,8.05,72.2,12.14,1509.6,22.01,FAULT,MECHANICAL_DEGRADATION
2026-08-23T18:50:11.198689,4271.7,96.58,2.44,8.47,61.4,12.42,1503.8,22.1,FAULT,MECHANICAL_DEGRADATION
2026-08-23T18:50:12.198689,4063.2,96.87,2.54,6.23,58.2,12.53,1523.2,21.88,FAULT,MECHANICAL_DEGRADATION
2026-08-23T18:50:13.198689,4179.8,100.03,3.07,5.9,65.4,11.98,1487.3,22.58,FAULT,MECHANICAL_DEGRADATION
2026-08-23T18:50:14.198689,3970.1,101.92,2.58,8.7,61.3,12.43,1499.0,20.45,FAULT,MECHANICAL_DEGRADATION
2026-08-23T18:50:15.198689,4265.0,97.86,3.22,6.34,65.6,11.99,1503.7,22.32,FAULT,MECHANICAL_DEGRADATION
2026-08-23T18:50:16.198689,4041.3,102.52,3.28,5.91,58.2,12.95,1512.0,21.67,FAULT,MECHANICAL_DEGRADATION
2026-08-23T18:50:17.198689,4929.5,96.01,3.16,6.5,58.8,12.14,1499.0,21.64,FAULT,MECHANICAL_DEGRADATION
2026-08-23T18:50:18.198689,3948.8,95.8,3.25,7.35,73.7,12.18,1502.3,21.37,FAULT,MECHANICAL_DEGRADATION
2026-08-23T18:50:19.198689,4157.5,106.86,2.76,8.98,62.3,12.37,1512.0,22.94,FAULT,MECHANICAL_DEGRADATION
2026-08-23T18:50:20.198689,4014.4,99.73,2.95,6.43,75.5,12.31,1529.4,22.92,FAULT,MECHANICAL_DEGRADATION
2026-08-23T18:50:21.198689,4579.4,95.13,2.54,6.5,61.4,12.58,1487.9,21.97,FAULT,MECHANICAL_DEGRADATION
2026-08-23T18:50:22.198689,5161.6,94.71,3.03,6.72,67.7,12.08,1497.1,21.67,FAULT,MECHANICAL_DEGRADATION
2026-08-23T18:50:23.198689,4852.4,101.46,2.52,8.58,60.0,12.84,1489.8,20.92,FAULT,MECHANICAL_DEGRADATION
2026-08-23T18:50:24.198689,4018.3,100.78,2.58,5.6,71.8,12.47,1497.8,21.9,FAULT,MECHANICAL_DEGRADATION
2026-08-23T18:50:25.198689,4431.0,100.5,3.18,8.98,60.4,12.34,1514.6,20.99,FAULT,MECHANICAL_DEGRADATION
2026-08-23T18:50:26.198689,4192.3,93.43,3.1,6.0,45.9,13.33,1513.6,22.24,FAULT,MECHANICAL_DEGRADATION
2026-08-23T18:50:27.198689,3900.0,98.27,2.56,7.23,67.8,12.26,1495.6,21.78,FAULT,MECHANICAL_DEGRADATION
2026-08-23T18:50:28.198689,4516.6,94.51,2.69,6.93,58.4,12.27,1493.7,21.98,FAULT,MECHANICAL_DEGRADATION
2026-08-23T18:50:29.198689,4407.5,106.18,2.74,7.36,70.7,12.14,1499.9,22.74,FAULT,MECHANICAL_DEGRADATION
2026-08-23T18:50:30.198689,4959.8,96.38,3.16,5.85,69.0,12.42,1500.6,21.82,FAULT,MECHANICAL_DEGRADATION
2026-08-23T18:50:31.198689,3849.9,103.92,3.2,6.87,62.3,12.26,1494.8,21.85,FAULT,MECHANICAL_DEGRADATION
2026-08-23T18:50:32.198689,3955.5,93.81,2.73,7.84,60.2,12.56,1512.7,21.91,FAULT,MECHANICAL_DEGRADATION
2026-08-23T18:50:33.198689,4972.5,107.51,2.62,8.59,58.7,12.77,1507.1,21.86,FAULT,MECHANICAL_DEGRADATION
2026-08-23T18:50:34.198689,4568.0,103.46,2.61,7.29,74.0,12.34,1533.5,21.97,FAULT,MECHANICAL_DEGRADATION
2026-08-23T18:50:35.198689,4549.6,107.76,2.79,5.45,60.2,12.11,1497.1,22.86,FAULT,MECHANICAL_DEGRADATION
2026-08-23T18:50:36.198689,4779.3,107.09,2.93,7.09,58.0,12.12,1498.7,21.81,FAULT,MECHANICAL_DEGRADATION
2026-08-23T18:50:37.198689,4881.1,95.21,3.1,5.43,65.0,12.41,1512.4,21.84,FAULT,MECHANICAL_DEGRADATION
2026-08-23T18:50:38.198689,4072.7,102.73,2.44,7.87,61.3,12.72,1493.2,21.69,FAULT,MECHANICAL_DEGRADATION
2026-08-23T18:50:39.198689,4177.7,102.94,3.29,7.51,66.4,11.69,1482.8,22.43,FAULT,MECHANICAL_DEGRADATION
2026-08-23T18:50:40.198689,4406.3,102.24,3.01,6.65,66.2,12.2,1517.2,21.83,FAULT,MECHANICAL_DEGRADATION
2026-08-23T18:50:41.198689,4121.2,97.9,3.22,7.92,63.9,12.62,1477.7,22.53,FAULT,MECHANICAL_DEGRADATION
2026-08-23T18:50:42.198689,4350.1,93.08,2.99,7.11,64.0,12.22,1499.3,22.58,FAULT,MECHANICAL_DEGRADATION
2026-08-23T18:50:43.198689,4752.1,107.86,2.9,5.54,63.2,12.54,1477.5,21.9,FAULT,MECHANICAL_DEGRADATION
2026-08-23T18:50:44.198689,4056.1,97.82,2.8,5.35,62.0,12.84,1504.8,21.29,FAULT,MECHANICAL_DEGRADATION
