timestamp,rpm,temperature,pressure,vibration,load,fuel_flow,altitude,ambient_temperature,state,fault
2026-08-23T18:30:45.004462,4851.5,79.45,4.21,1.89,61.7,12.51,1484.7,21.28,NORMAL,NONE
2026-08-23T18:30:46.004462,4808.0,78.13,4.24,1.86,65.0,12.48,1477.4,22.27,NORMAL,NONE
2026-08-23T18:30:47.004462,4812.8,80.39,4.22,1.98,68.7,12.56,1513.6,21.82,NORMAL,NONE
2026-08-23T18:30:48.004462,4808.7,79.02,4.26,2.02,61.8,12.63,1501.2,22.36,NORMAL,NONE
2026-08-23T18:30:49.004462,4808.6,79.09,4.2,2.03,67.0,12.17,1494.0,21.75,NORMAL,NONE
2026-08-23T18:30:50.004462,4879.2,77.91,4.25,2.09,64.2,12.03,1514.5,21.8,NORMAL,NONE
2026-08-23T18:30:51.004462,4828.7,76.69,4.16,2.19,69.3,12.11,1480.0,21.98,NORMAL,NONE
2026-08-23T18:30:52.004462,4829.1,78.16,4.22,1.85,66.8,12.84,1493.5,21.28,NORMAL,NONE
2026-08-23T18:30:53.004462,4769.6,78.76,4.06,1.99,62.0,12.46,1496.3,22.01,NORMAL,NONE
2026-08-23T18:30:54.004462,4860.0,78.42,4.31,1.98,63.6,12.61,1457.5,21.98,NORMAL,NONE
2026-08-23T18:30:55.004462,4806.4,76.76,4.24,1.92,57.6,12.44,1485.3,21.74,NORMAL,NONE
2026-08-23T18:30:56.004462,4793.9,79.25,4.21,2.0,66.2,11.96,1518.6,21.46,NORMAL,NONE
2026-08-23T18:30:57.004462,4817.6,76.87,4.12,1.94,70.7,12.71,1490.9,21.86,NORMAL,NONE
2026-08-23T18:30:58.004462,4753.9,77.97,4.15,2.11,60.9,12.4,1487.4,21.64,NORMAL,NONE
2026-08-23T18:30:59.004462,4828.4,78.13,4.25,2.18,68.4,12.09,1508.1,21.12,NORMAL,NONE
2026-08-23T18:31:00.004462,4797.4,79.92,4.18,1.94,65.5,12.51,1500.4,21.62,NORMAL,NONE
2026-08-23T18:31:01.004462,4843.3,78.89,4.18,2.05,67.0,12.81,1505.9,22.35,NORMAL,NONE
2026-08-23T18:31:02.004462,4789.5,76.93,4.16,2.15,67.9,12.54,1491.5,22.15,NORMAL,NONE
2026-08-23T18:31:03.004462,4866.5,79.35,4.15,1.99,60.6,12.16,1502.8,22.01,NORMAL,NONE
2026-08-23T18:31:04.004462,4838.6,79.27,4.27,2.2,63.4,12.16,1507.5,23.34,NORMAL,NONE
2026-08-23T18:31:05.004462,4814.3,76.85,4.22,2.21,61.9,12.74,1490.8,22.64,NORMAL,NONE
2026-08-23T18:31:06.004462,4831.4,78.3,4.36,1.94,62.9,13.06,1486.9,23.1,NORMAL,NONE
2026-08-23T18:31:07.004462,4798.4,76.96,4.2,2.02,65.6,12.44,1516.2,20.84,NORMAL,NONE
2026-08-23T18:31:08.004462,4777.8,77.74,4.35,1.7,64.0,12.16,1490.0,22.32,NORMAL,NONE
2026-08-23T18:31:09.004462,4816.4,79.44,4.15,2.04,68.5,12.77,1495.0,22.56,NORMAL,NONE
2026-08-23T18:31:10.004462,4763.0,79.8,4.21,1.98,65.8,12.75,1526.1,21.93,NORMAL,NONE
2026-08-23T18:31:11.004462,4785.3,78.59,4.13,1.75,67.5,12.39,1516.9,21.49,NORMAL,NONE
2026-08-23T18:31:12.004462,4684.1,78.28,4.21,2.24,66.6,12.59,1508.8,21.82,NORMAL,NONE
2026-08-23T18:31:13.004462,4803.1,76.65,4.24,1.88,63.7,12.71,1513.7,21.5,NORMAL,NONE
2026-08-23T18:31:14.004462,4880.2,77.41,4.27,2.14,65.7,12.55,1527.0,22.45,NORMAL,NONE
2026-08-23T18:31:15.004462,4817.8,76.18,4.14,2.17,65.6,12.21,1490.4,21.85,NORMAL,NONE
2026-08-23T18:31:16.004462,4827.4,78.39,4.28,1.88,68.0,12.35,1495.5,22.87,NORMAL,NONE
2026-08-23T18:31:17.004462,4803.0,77.86,4.18,1.94,69.7,12.91,1510.8,22.09,NORMAL,NONE
2026-08-23T18:31:18.004462,4841.7,77.92,4.24,2.06,65.3,12.99,1526.3,22.66,NORMAL,NONE
2026-08-23T18:31:19.004462,4723.5,79.84,4.26,1.93,64.9,12.84,1517.6,22.43,NORMAL,NONE
2026-08-23T18:31:20.004462,4805.6,78.04,4.27,1.99,62.3,12.31,1497.9,22.17,NORMAL,NONE
2026-08-23T18:31:21.004462,4890.5,76.63,4.24,1.99,65.9,12.91,1518.6,21.92,NORMAL,NONE
2026-08-23T18:31:22.004462,4777.7,76.64,4.19,2.19,64.2,12.71,1510.6,22.2,NORMAL,NONE
2026-08-23T18:31:23.004462,4843.4,77.89,4.13,1.82,67.8,12.39,1495.3,22.42,NORMAL,NONE
2026-08-23T18:31:24.004462,4768.4,79.77,4.25,1.92,63.1,12.82,1482.2,21.68,NORMAL,NONE
2026-08-23T18:31:25.004462,4800.2,78.2,4.2,2.06,63.9,12.46,1519.0,22.32,NORMAL,NONE
2026-08-23T18:31:26.004462,4782.0,79.71,4.04,2.01,67.0,12.79,1501.7,21.81,NORMAL,NONE
2026-08-23T18:31:27.004462,4823.4,77.81,4.24,1.57,66.1,12.26,1514.1,22.37,NORMAL,NONE
2026-08-23T18:31:28.004462,4829.2,77.6,4.23,1.95,65.6,12.46,1486.9,22.99,NORMAL,NONE
2026-08-23T18:31:29.004462,4829.0,75.94,4.27,1.79,64.3,12.33,1492.0,22.12,NORMAL,NONE
2026-08-23T18:31:30.004462,4787.0,76.55,4.2,2.05,70.3,12.38,1482.2,21.81,NORMAL,NONE
2026-08-23T18:31:31.004462,4826.1,77.12,4.14,2.08,65.0,12.57,1490.6,21.59,NORMAL,NONE
2026-08-23T18:31:32.004462,4787.0,77.85,4.17,2.06,66.6,12.66,1507.2,21.56,NORMAL,NONE
2026-08-23T18:31:33.004462,4755.2,78.8,4.2,2.02,61.5,12.44,1490.4,21.57,NORMAL,NONE
2026-08-23T18:31:34.004462,4774.8,76.51,4.21,2.17,62.9,12.53,1483.6,22.34,NORMAL,NONE
2026-08-23T18:31:35.004462,4874.5,76.77,4.18,2.21,66.1,12.53,1469.3,21.92,NORMAL,NONE
2026-08-23T18:31:36.004462,4836.7,79.44,4.25,1.91,62.9,11.95,1483.9,22.56,NORMAL,NONE
2026-08-23T18:31:37.004462,4795.4,76.66,4.31,1.75,68.8,12.4,1505.1,22.34,NORMAL,NONE
2026-08-23T18:31:38.004462,4810.5,79.27,4.2,1.95,63.0,12.07,1489.6,22.49,NORMAL,NONE
2026-08-23T18:31:39.004462,4833.0,79.39,4.42,2.11,66.5,12.11,1496.4,23.1,NORMAL,NONE
2026-08-23T18:31:40.004462,4821.2,77.86,4.22,1.72,62.5,12.11,1467.9,22.38,NORMAL,NONE
2026-08-23T18:31:41.004462,4838.6,77.82,4.23,1.85,66.4,12.73,1523.0,22.78,NORMAL,NONE
2026-08-23T18:31:42.004462,4819.5,77.87,4.13,1.91,66.9,12.67,1500.3,22.83,NORMAL,NONE
2026-08-23T18:31:43.004462,4825.9,78.02,4.18,2.01,62.2,12.21,1505.2,21.71,NORMAL,NONE
2026-08-23T18:31:44.004462,4789.2,79.22,4.18,2.2,65.0,12.96,1507.0,21.12,NORMAL,NONE
2026-08-23T18:31:45.004462,4849.5,77.79,4.04,2.02,65.5,12.11,1490.9,22.27,NORMAL,NONE
2026-08-23T18:31:46.004462,4856.5,79.14,4.3,2.17,57.5,12.28,1502.8,20.66,NORMAL,NONE
2026-08-23T18:31:47.004462,4830.8,78.89,4.14,1.94,62.2,12.49,1499.4,22.0,NORMAL,NONE
2026-08-23T18:31:48.004462,4759.1,78.39,4.17,2.14,65.9,12.05,1478.4,22.03,NORMAL,NONE
2026-08-23T18:31:49.004462,4780.6,78.47,4.26,2.0,59.9,12.14,1508.6,21.47,NORMAL,NONE
2026-08-23T18:31:50.004462,4844.4,77.91,4.24,1.87,64.7,11.61,1496.9,22.29,NORMAL,NONE
2026-08-23T18:31:51.004462,4764.1,77.16,4.2,2.01,62.6,12.7,1475.3,22.56,NORMAL,NONE
2026-08-23T18:31:52.004462,4743.9,77.18,4.31,1.85,60.0,12.52,1486.2,21.44,NORMAL,NONE
2026-08-23T18:31:53.004462,4771.9,77.26,4.12,1.85,69.8,12.3,1514.6,21.3,NORMAL,NONE
2026-08-23T18:31:54.004462,4821.8,76.75,4.16,2.1,63.4,11.91,1491.7,21.92,NORMAL,NONE
2026-08-23T18:31:55.004462,4822.9,77.0,4.18,2.01,60.1,12.47,1487.6,22.22,NORMAL,NONE
2026-08-23T18:31:56.004462,4795.6,77.83,4.01,1.98,63.9,12.22,1492.3,21.37,NORMAL,NONE
2026-08-23T18:31:57.004462,4807.0,78.66,4.25,1.92,70.0,12.76,1485.8,21.93,NORMAL,NONE
2026-08-23T18:31:58.004462,4734.8,77.88,4.26,2.19,63.7,11.96,1497.5,22.68,NORMAL,NONE
2026-08-23T18:31:59.004462,4805.8,79.28,4.27,2.23,66.8,12.3,1506.7,23.27,NORMAL,NONE
2026-08-23T18:32:00.004462,4779.3,76.14,4.37,2.06,63.1,12.32,1476.9,22.35,NORMAL,NONE
2026-08-23T18:32:01.004462,4805.7,77.37,4.17,1.94,68.2,12.45,1520.7,21.58,NORMAL,NONE
2026-08-23T18:32:02.004462,4775.5,77.52,4.16,1.99,68.1,12.86,1483.9,22.64,NORMAL,NONE
2026-08-23T18:32:03.004462,4803.8,79.59,4.19,1.87,67.4,12.69,1493.1,22.01,NORMAL,NONE
2026-08-23T18:32:04.004462,4805.2,78.31,4.06,1.82,65.2,12.58,1492.1,21.12,NORMAL,NONE
2026-08-23T18:32:05.004462,4853.7,77.69,4.12,2.24,68.4,12.81,1512.5,22.28,NORMAL,NONE
2026-08-23T18:32:06.004462,4761.0,78.03,4.23,2.09,66.4,12.2,1490.9,21.83,NORMAL,NONE
2026-08-23T18:32:07.004462,4792.2,77.13,4.05,1.82,65.9,12.5,1508.7,21.06,NORMAL,NONE
2026-08-23T18:32:08.004462,4783.4,78.89,4.04,1.84,60.0,12.86,1500.5,21.71,NORMAL,NONE
2026-08-23T18:32:09.004462,4806.0,77.91,4.27,2.18,67.7,12.6,1511.5,22.41,NORMAL,NONE
2026-08-23T18:32:10.004462,4846.6,76.16,4.23,2.01,65.5,12.43,1498.9,22.25,NORMAL,NONE
2026-08-23T18:32:11.004462,4808.0,78.13,4.11,1.81,62.8,11.97,1492.3,21.58,NORMAL,NONE
2026-08-23T18:32:12.004462,4728.1,76.06,4.16,1.91,71.5,12.76,1488.3,21.75,NORMAL,NONE
2026-08-23T18:32:13.004462,4759.6,77.21,4.17,1.99,63.1,12.75,1509.7,22.98,NORMAL,NONE
2026-08-23T18:32:14.004462,4747.6,78.68,4.17,1.76,64.1,12.01,1499.6,23.37,NORMAL,NONE
2026-08-23T18:32:15.004462,4852.2,79.82,4.3,1.77,66.2,12.54,1506.5,21.48,NORMAL,NONE
2026-08-23T18:32:16.004462,4720.7,80.1,4.3,2.05,63.5,12.55,1481.4,22.48,NORMAL,NONE
2026-08-23T18:32:17.004462,4806.6,77.85,4.17,1.99,65.4,12.38,1514.4,22.1,NORMAL,NONE
2026-08-23T18:32:18.004462,4796.2,77.14,4.3,2.19,67.1,11.95,1494.8,22.5,NORMAL,NONE
2026-08-23T18:32:19.004462,4801.5,79.28,4.16,2.12,66.6,11.77,1493.9,21.88,NORMAL,NONE
2026-08-23T18:32:20.004462,4774.9,77.11,4.33,1.98,67.4,12.1,1468.8,21.76,NORMAL,NONE
2026-08-23T18:32:21.004462,4816.3,77.28,4.24,2.12,63.7,12.48,1488.9,22.54,NORMAL,NONE
2026-08-23T18:32:22.004462,4870.7,78.5,4.16,1.89,64.2,12.77,1488.6,22.74,NORMAL,NONE
2026-08-23T18:32:23.004462,4751.1,77.99,4.31,2.27,63.8,12.74,1538.0,22.58,NORMAL,NONE
2026-08-23T18:32:24.004462,4712.3,78.28,4.39,1.83,67.7,11.87,1523.8,21.58,NORMAL,NONE
2026-08-23T18:32:25.004462,4832.3,78.91,3.98,1.79,66.0,12.04,1499.7,21.53,NORMAL,NONE
2026-08-23T18:32:26.004462,4853.7,77.49,4.13,2.1,68.7,12.45,1504.2,22.25,NORMAL,NONE
2026-08-23T18:32:27.004462,4780.2,76.81,4.24,1.95,60.9,12.76,1506.5,22.07,NORMAL,NONE
2026-08-23T18:32:28.004462,4769.8,77.78,4.25,2.07,62.5,12.23,1505.1,22.09,NORMAL,NONE
2026-08-23T18:32:29.004462,4833.9,76.84,4.27,2.26,67.8,12.54,1513.6,21.36,NORMAL,NONE
2026-08-23T18:32:30.004462,4782.3,80.06,4.07,1.83,67.5,12.3,1491.5,21.44,NORMAL,NONE
2026-08-23T18:32:31.004462,4867.3,77.39,4.18,1.73,67.3,12.5,1507.5,22.79,NORMAL,NONE
2026-08-23T18:32:32.004462,4806.1,76.81,4.12,2.01,69.0,12.14,1496.3,21.93,NORMAL,NONE
2026-08-23T18:32:33.004462,4826.3,77.11,4.22,2.12,64.9,12.47,1509.3,22.29,NORMAL,NONE
2026-08-23T18:32:34.004462,4850.3,76.92,4.3,1.97,61.6,12.33,1481.5,21.9,NORMAL,NONE
2026-08-23T18:32:35.004462,4841.4,75.75,4.11,2.12,64.1,12.74,1480.1,21.97,NORMAL,NONE
2026-08-23T18:32:36.004462,4695.8,77.15,4.26,2.18,69.9,12.48,1486.8,21.81,NORMAL,NONE
2026-08-23T18:32:37.004462,4723.3,79.35,4.29,1.86,70.5,12.09,1508.4,21.6,NORMAL,NONE
2026-08-23T18:32:38.004462,4730.5,78.4,4.11,2.18,62.3,12.53,1492.8,22.07,NORMAL,NONE
2026-08-23T18:32:39.004462,4774.7,78.82,4.25,2.01,64.6,13.09,1489.6,21.78,NORMAL,NONE
2026-08-23T18:32:40.004462,4830.9,77.99,4.07,1.98,63.8,12.2,1502.9,21.43,NORMAL,NONE
2026-08-23T18:32:41.004462,4790.0,76.86,4.32,1.96,66.3,12.59,1510.6,21.92,NORMAL,NONE
2026-08-23T18:32:42.004462,4830.2,78.12,4.0,2.05,61.1,12.78,1503.3,21.81,NORMAL,NONE
2026-08-23T18:32:43.004462,4699.1,75.86,4.11,1.94,60.9,13.1,1506.9,21.96,NORMAL,NONE
2026-08-23T18:32:44.004462,4760.6,77.66,4.18,1.93,64.8,12.74,1473.6,22.11,NORMAL,NONE
2026-08-23T18:32:45.004462,4844.1,76.63,4.18,1.94,61.6,12.78,1495.1,22.57,NORMAL,NONE
2026-08-23T18:32:46.004462,4816.4,77.72,4.22,1.94,60.1,12.93,1505.5,22.58,NORMAL,NONE
2026-08-23T18:32:47.004462,4727.5,79.05,4.27,1.99,58.6,12.53,1490.0,21.9,NORMAL,NONE
2026-08-23T18:32:48.004462,4802.2,77.09,4.19,2.0,69.4,12.47,1535.3,21.41,NORMAL,NONE
2026-08-23T18:32:49.004462,4794.5,79.24,4.07,2.09,66.2,12.32,1496.4,22.77,NORMAL,NONE
2026-08-23T18:32:50.004462,4782.0,78.28,4.23,2.18,58.8,12.06,1479.9,21.86,NORMAL,NONE
2026-08-23T18:32:51.004462,4824.5,78.83,4.18,2.23,64.8,12.71,1488.6,22.42,NORMAL,NONE
2026-08-23T18:32:52.004462,4771.2,79.16,4.27,2.28,63.7,12.15,1512.4,22.16,NORMAL,NONE
2026-08-23T18:32:53.004462,4778.8,76.66,4.26,1.71,63.6,12.82,1496.2,22.23,NORMAL,NONE
2026-08-23T18:32:54.004462,4819.6,78.59,4.28,2.1,63.9,12.13,1495.7,21.67,NORMAL,NONE
2026-08-23T18:32:55.004462,4816.2,79.23,4.26,1.9,65.6,12.5,1492.9,22.65,NORMAL,NONE
2026-08-23T18:32:56.004462,4824.6,78.36,4.1,1.61,62.8,12.84,1496.8,21.99,NORMAL,NONE
2026-08-23T18:32:57.004462,4789.5,78.48,4.2,2.26,64.6,12.42,1521.3,22.38,NORMAL,NONE
2026-08-23T18:32:58.004462,4827.8,78.53,4.2,2.05,66.6,12.53,1471.8,22.69,NORMAL,NONE
2026-08-23T18:32:59.004462,4780.8,77.43,4.17,1.89,62.4,12.47,1513.3,21.85,NORMAL,NONE
2026-08-23T18:33:00.004462,4818.9,76.65,4.26,1.83,67.1,12.28,1491.0,21.37,NORMAL,NONE
2026-08-23T18:33:01.004462,4749.2,77.78,4.12,1.97,68.4,12.25,1495.2,21.95,NORMAL,NONE
2026-08-23T18:33:02.004462,4775.2,77.97,4.22,2.16,62.8,12.44,1497.6,22.61,NORMAL,NONE
2026-08-23T18:33:03.004462,4759.9,78.17,4.26,2.09,62.9,12.19,1472.2,21.73,NORMAL,NONE
2026-08-23T18:33:04.004462,4789.8,76.5,4.27,2.02,64.3,12.34,1507.1,21.86,NORMAL,NONE
2026-08-23T18:33:05.004462,4820.3,77.52,4.28,1.76,61.8,13.04,1515.7,22.82,NORMAL,NONE
2026-08-23T18:33:06.004462,4768.3,78.73,4.28,2.14,64.4,12.94,1506.2,21.35,NORMAL,NONE
2026-08-23T18:33:07.004462,4898.6,78.13,4.3,1.9,62.2,12.76,1512.3,21.63,NORMAL,NONE
2026-08-23T18:33:08.004462,4809.9,76.67,4.04,2.16,61.6,12.72,1516.0,22.19,NORMAL,NONE
2026-08-23T18:33:09.004462,4860.7,78.36,4.22,2.0,66.3,12.61,1485.9,21.98,NORMAL,NONE
2026-08-23T18:33:10.004462,4785.0,80.84,4.3,1.88,66.8,11.97,1500.8,22.91,NORMAL,NONE
2026-08-23T18:33:11.004462,4803.3,79.28,4.17,2.07,66.1,11.84,1488.0,22.95,NORMAL,NONE
2026-08-23T18:33:12.004462,4766.7,79.2,4.34,1.99,68.0,12.61,1491.1,22.29,NORMAL,NONE
2026-08-23T18:33:13.004462,4817.4,77.01,4.16,1.8,64.0,12.49,1485.3,21.07,NORMAL,NONE
2026-08-23T18:33:14.004462,4827.0,79.27,4.13,2.01,63.0,11.71,1531.7,22.14,NORMAL,NONE
2026-08-23T18:33:15.004462,4743.7,79.27,4.26,2.21,67.2,12.66,1521.5,21.86,NORMAL,NONE
2026-08-23T18:33:16.004462,4809.6,76.91,4.11,2.03,65.7,12.02,1505.6,22.51,NORMAL,NONE
2026-08-23T18:33:17.004462,4749.7,77.66,4.34,1.87,66.7,12.74,1502.7,22.07,NORMAL,NONE
2026-08-23T18:33:18.004462,4822.7,78.29,4.21,1.78,65.7,12.26,1522.5,23.11,NORMAL,NONE
2026-08-23T18:33:19.004462,4844.5,75.85,4.28,2.02,61.7,12.14,1515.9,21.68,NORMAL,NONE
2026-08-23T18:33:20.004462,4796.8,78.07,4.28,1.6,68.7,12.26,1493.9,22.31,NORMAL,NONE
2026-08-23T18:33:21.004462,4814.7,75.69,4.25,1.98,61.9,12.32,1476.0,22.39,NORMAL,NONE
2026-08-23T18:33:22.004462,4859.1,77.37,4.16,1.78,62.9,12.19,1500.3,22.87,NORMAL,NONE
2026-08-23T18:33:23.004462,4842.1,78.98,4.12,2.13,62.8,12.23,1511.0,21.95,NORMAL,NONE
2026-08-23T18:33:24.004462,4899.4,78.19,4.18,2.11,61.5,12.7,1523.4,21.93,NORMAL,NONE
2026-08-23T18:33:25.004462,4779.4,79.12,4.11,2.06,63.4,12.59,1488.2,22.3,NORMAL,NONE
2026-08-23T18:33:26.004462,4822.5,79.76,4.17,2.07,59.7,12.26,1504.0,21.32,NORMAL,NONE
2026-08-23T18:33:27.004462,4795.7,77.1,4.24,2.09,63.6,12.7,1491.7,22.06,NORMAL,NONE
2026-08-23T18:33:28.004462,4820.9,78.56,4.25,2.25,63.1,12.45,1472.5,22.44,NORMAL,NONE
2026-08-23T18:33:29.004462,4755.1,77.4,4.16,2.06,64.2,12.41,1501.2,21.83,NORMAL,NONE
2026-08-23T18:33:30.004462,4799.1,77.02,4.16,1.82,67.6,12.77,1510.0,22.17,NORMAL,NONE
2026-08-23T18:33:31.004462,4775.8,78.56,4.08,1.62,61.4,12.95,1503.7,22.78,NORMAL,NONE
2026-08-23T18:33:32.004462,4771.5,79.01,4.33,2.15,65.9,12.82,1493.2,22.88,NORMAL,NONE
2026-08-23T18:33:33.004462,4753.8,77.24,4.2,1.88,70.3,12.7,1489.0,22.84,NORMAL,NONE
2026-08-23T18:33:34.004462,4854.3,77.62,4.33,2.18,63.5,12.33,1504.7,22.57,NORMAL,NONE
2026-08-23T18:33:35.004462,4862.8,79.5,4.16,1.73,59.9,12.95,1515.9,22.59,NORMAL,NONE
2026-08-23T18:33:36.004462,4799.9,78.09,4.24,2.07,65.2,12.21,1479.4,22.08,NORMAL,NONE
2026-08-23T18:33:37.004462,4793.7,79.42,4.11,1.7,59.1,12.49,1525.1,21.83,NORMAL,NONE
2026-08-23T18:33:38.004462,4772.0,78.38,4.32,2.16,67.6,12.78,1495.6,22.04,NORMAL,NONE
2026-08-23T18:33:39.004462,4816.5,79.81,4.02,1.92,66.1,12.43,1498.1,21.87,NORMAL,NONE
2026-08-23T18:33:40.004462,4761.8,78.5,4.3,1.95,66.3,12.83,1490.2,21.95,NORMAL,NONE
2026-08-23T18:33:41.004462,4747.9,79.58,4.34,1.97,71.0,12.76,1472.5,22.24,NORMAL,NONE
2026-08-23T18:33:42.004462,4810.0,78.51,4.25,1.93,68.4,12.59,1528.4,21.94,NORMAL,NONE
2026-08-23T18:33:43.004462,4699.7,79.91,4.24,1.72,63.2,12.26,1514.0,21.69,NORMAL,NONE
2026-08-23T18:33:44.004462,4846.5,77.49,4.28,1.91,61.4,12.68,1496.5,22.26,NORMAL,NONE
2026-08-23T18:33:45.004462,4733.9,76.96,4.17,2.3,66.2,12.0,1452.8,22.93,NORMAL,NONE
2026-08-23T18:33:46.004462,4813.3,76.73,4.28,2.13,71.4,12.56,1492.5,22.41,NORMAL,NONE
2026-08-23T18:33:47.004462,4745.9,77.55,4.12,1.91,61.1,12.07,1483.3,22.2,NORMAL,NONE
2026-08-23T18:33:48.004462,4801.2,77.92,4.24,2.11,66.4,13.12,1504.3,22.19,NORMAL,NONE
2026-08-23T18:33:49.004462,4780.5,79.09,4.31,1.55,67.5,12.17,1505.3,22.04,NORMAL,NONE
2026-08-23T18:33:50.004462,4749.6,76.64,4.18,2.39,61.3,12.38,1495.6,21.87,NORMAL,NONE
2026-08-23T18:33:51.004462,4845.0,80.06,4.2,2.06,64.0,12.97,1499.2,22.34,NORMAL,NONE
2026-08-23T18:33:52.004462,4792.2,79.13,4.19,1.87,70.7,11.92,1502.6,21.82,NORMAL,NONE
2026-08-23T18:33:53.004462,4763.5,80.09,4.23,1.94,62.3,12.6,1499.9,21.88,NORMAL,NONE
2026-08-23T18:33:54.004462,4773.4,79.53,4.22,1.97,61.2,12.27,1511.0,21.62,NORMAL,NONE
2026-08-23T18:33:55.004462,4826.1,77.89,4.23,2.05,63.7,12.42,1499.0,22.33,NORMAL,NONE
2026-08-23T18:33:56.004462,4896.3,78.87,4.1,2.33,64.6,12.29,1501.9,21.97,NORMAL,NONE
2026-08-23T18:33:57.004462,4810.2,77.97,4.2,2.19,70.1,12.53,1523.8,22.47,NORMAL,NONE
2026-08-23T18:33:58.004462,4847.8,78.27,4.22,2.12,62.1,12.52,1483.0,22.46,NORMAL,NONE
2026-08-23T18:33:59.004462,4808.5,78.6,4.17,1.88,67.9,12.37,1496.8,22.02,NORMAL,NONE
2026-08-23T18:34:00.004462,4818.7,78.06,4.12,1.84,68.1,12.41,1496.4,21.56,NORMAL,NONE
2026-08-23T18:34:01.004462,4837.3,78.47,4.16,1.74,70.4,12.33,1482.5,21.75,NORMAL,NONE
2026-08-23T18:34:02.004462,4754.4,77.99,4.16,1.82,67.0,12.24,1472.1,22.17,NORMAL,NONE
2026-08-23T18:34:03.004462,4778.0,76.91,4.07,1.89,63.2,12.35,1492.4,22.63,NORMAL,NONE
2026-08-23T18:34:04.004462,4842.4,78.31,4.25,1.93,60.6,12.66,1520.7,21.65,NORMAL,NONE
2026-08-23T18:34:05.004462,4772.3,77.3,4.09,2.08,61.7,12.91,1525.0,22.04,NORMAL,NONE
2026-08-23T18:34:06.004462,4798.3,77.15,4.27,2.01,60.5,12.22,1507.0,21.75,NORMAL,NONE
2026-08-23T18:34:07.004462,4817.6,78.25,4.31,1.99,68.2,12.83,1519.9,21.83,NORMAL,NONE
2026-08-23T18:34:08.004462,4811.2,80.55,4.18,1.91,65.4,12.15,1487.2,21.79,NORMAL,NONE
2026-08-23T18:34:09.004462,4788.7,79.01,4.11,1.97,65.8,12.41,1511.1,23.12,NORMAL,NONE
2026-08-23T18:34:10.004462,4756.8,77.13,4.16,1.92,63.4,12.63,1526.2,23.23,NORMAL,NONE
2026-08-23T18:34:11.004462,4796.8,75.95,4.32,2.0,63.8,12.83,1498.3,21.89,NORMAL,NONE
2026-08-23T18:34:12.004462,4765.0,78.92,4.27,1.87,63.3,12.87,1489.2,21.79,NORMAL,NONE
2026-08-23T18:34:13.004462,4769.3,77.76,4.27,2.01,68.0,12.68,1469.7,21.99,NORMAL,NONE
2026-08-23T18:34:14.004462,4799.1,76.34,4.26,1.99,63.5,12.66,1514.4,22.36,NORMAL,NONE
2026-08-23T18:34:15.004462,4779.0,77.96,4.4,1.81,65.2,12.51,1522.5,22.31,NORMAL,NONE
2026-08-23T18:34:16.004462,4808.9,77.7,4.3,2.01,64.7,12.55,1510.3,22.02,NORMAL,NONE
2026-08-23T18:34:17.004462,4810.3,78.8,4.14,1.96,65.2,12.71,1508.4,21.76,NORMAL,NONE
2026-08-23T18:34:18.004462,4758.7,77.63,4.16,2.13,66.9,12.52,1483.8,21.35,NORMAL,NONE
2026-08-23T18:34:19.004462,4804.9,78.61,4.23,1.96,66.7,11.91,1517.2,22.75,NORMAL,NONE
2026-08-23T18:34:20.004462,4807.0,78.24,4.18,2.13,62.3,12.33,1506.0,21.29,NORMAL,NONE
2026-08-23T18:34:21.004462,4819.7,78.46,4.2,1.93,70.2,12.34,1502.3,22.4,NORMAL,NONE
2026-08-23T18:34:22.004462,4799.4,79.05,4.2,2.04,65.0,12.7,1490.3,22.45,NORMAL,NONE
2026-08-23T18:34:23.004462,4841.3,76.96,4.08,1.8,62.6,12.71,1501.0,22.94,NORMAL,NONE
2026-08-23T18:34:24.004462,4863.1,76.47,4.17,1.95,69.8,12.74,1513.9,21.59,NORMAL,NONE
2026-08-23T18:34:25.004462,4881.2,76.9,4.2,1.86,62.3,12.58,1486.6,22.34,NORMAL,NONE
2026-08-23T18:34:26.004462,4820.8,78.06,4.25,2.17,68.3,12.16,1509.8,22.45,NORMAL,NONE
2026-08-23T18:34:27.004462,4785.0,77.61,4.3,2.1,65.4,12.93,1514.0,22.87,NORMAL,NONE
2026-08-23T18:34:28.004462,4784.5,78.98,4.04,1.9,70.0,12.21,1497.7,21.83,NORMAL,NONE
2026-08-23T18:34:29.004462,4819.1,79.14,4.33,1.98,66.0,12.76,1517.4,21.86,NORMAL,NONE
2026-08-23T18:34:30.004462,4854.2,76.56,4.22,1.79,63.6,12.26,1526.6,22.84,NORMAL,NONE
2026-08-23T18:34:31.004462,4831.1,78.16,4.04,1.75,65.6,12.72,1507.7,21.64,NORMAL,NONE
2026-08-23T18:34:32.004462,4769.0,78.54,4.38,2.11,64.9,12.47,1506.6,22.15,NORMAL,NONE
2026-08-23T18:34:33.004462,4742.9,79.54,4.24,2.08,63.6,12.83,1515.2,21.64,NORMAL,NONE
2026-08-23T18:34:34.004462,4841.1,77.29,4.05,2.13,62.0,12.33,1486.0,21.96,NORMAL,NONE
2026-08-23T18:34:35.004462,4785.7,78.16,4.24,2.24,66.4,12.65,1507.4,22.41,NORMAL,NONE
2026-08-23T18:34:36.004462,4836.0,78.29,4.11,1.86,65.9,12.41,1493.9,21.74,NORMAL,NONE
2026-08-23T18:34:37.004462,4771.3,79.09,4.26,1.81,65.6,12.49,1493.1,22.52,NORMAL,NONE
2026-08-23T18:34:38.004462,4812.8,78.07,4.13,2.14,65.7,12.58,1489.7,22.75,NORMAL,NONE
2026-08-23T18:34:39.004462,4676.3,76.61,4.07,1.81,61.9,12.35,1495.0,22.1,NORMAL,NONE
2026-08-23T18:34:40.004462,4854.1,78.56,4.21,1.98,66.1,12.74,1489.0,22.87,NORMAL,NONE
2026-08-23T18:34:41.004462,4799.5,78.85,4.0,2.03,63.8,12.91,1515.2,22.16,NORMAL,NONE
2026-08-23T18:34:42.004462,4825.1,77.69,4.13,2.17,61.4,12.34,1482.5,21.53,NORMAL,NONE
2026-08-23T18:34:43.004462,4783.6,78.84,4.12,2.11,59.4,12.25,1487.0,22.33,NORMAL,NONE
2026-08-23T18:34:44.004462,4852.8,75.69,4.21,2.24,65.1,12.99,1517.3,22.14,NORMAL,NONE
2026-08-23T18:34:45.004462,4743.9,77.34,4.32,1.87,61.8,12.36,1519.0,22.05,NORMAL,NONE
2026-08-23T18:34:46.004462,4739.1,77.37,4.25,2.17,69.6,12.65,1507.0,21.52,NORMAL,NONE
2026-08-23T18:34:47.004462,4777.5,76.64,4.19,2.06,65.1,12.22,1508.6,22.46,NORMAL,NONE
2026-08-23T18:34:48.004462,4849.5,75.85,4.01,1.84,66.6,12.81,1510.9,22.02,NORMAL,NONE
2026-08-23T18:34:49.004462,4810.0,77.75,4.15,1.85,74.5,12.43,1508.4,22.27,NORMAL,NONE
2026-08-23T18:34:50.004462,4835.7,77.95,4.27,2.3,63.1,12.33,1485.1,21.82,NORMAL,NONE
2026-08-23T18:34:51.004462,4751.1,78.33,4.25,2.18,68.9,12.39,1502.9,21.6,NORMAL,NONE
2026-08-23T18:34:52.004462,4802.6,78.09,4.24,1.99,61.8,12.8,1498.0,21.31,NORMAL,NONE
2026-08-23T18:34:53.004462,4731.8,78.68,4.06,2.1,69.5,12.66,1512.2,22.28,NORMAL,NONE
2026-08-23T18:34:54.004462,4776.2,78.22,4.05,2.09,66.9,12.54,1516.2,21.92,NORMAL,NONE
2026-08-23T18:34:55.004462,4732.0,79.41,4.21,1.91,63.5,12.39,1503.1,21.37,NORMAL,NONE
2026-08-23T18:34:56.004462,4804.4,77.65,4.25,1.95,66.9,12.24,1505.3,21.85,NORMAL,NONE
2026-08-23T18:34:57.004462,4842.4,78.37,4.28,1.93,63.2,12.49,1484.7,21.87,NORMAL,NONE
2026-08-23T18:34:58.004462,4850.1,76.94,4.16,2.01,69.9,13.13,1491.8,21.77,NORMAL,NONE
2026-08-23T18:34:59.004462,4810.4,77.35,4.04,2.09,66.1,12.58,1508.1,22.09,NORMAL,NONE
2026-08-23T18:35:00.004462,4775.2,78.62,4.2,2.02,61.8,12.53,1499.3,21.58,NORMAL,NONE
2026-08-23T18:35:01.004462,4769.7,77.58,4.2,1.91,61.7,12.52,1482.0,22.16,NORMAL,NONE
2026-08-23T18:35:02.004462,4766.0,77.8,4.29,1.67,61.0,12.35,1497.8,21.57,NORMAL,NONE
2026-08-23T18:35:03.004462,4762.7,77.39,4.12,2.01,62.9,12.45,1500.6,22.33,NORMAL,NONE
2026-08-23T18:35:04.004462,4775.1,77.58,4.23,1.68,65.2,12.23,1512.9,21.84,NORMAL,NONE
2026-08-23T18:35:05.004462,4765.3,79.03,4.16,1.87,66.3,11.93,1497.4,22.35,NORMAL,NONE
2026-08-23T18:35:06.004462,4750.5,78.93,4.18,1.92,60.1,12.92,1519.8,21.83,NORMAL,NONE
2026-08-23T18:35:07.004462,4814.4,76.12,4.21,2.05,62.7,12.31,1496.9,21.6,NORMAL,NONE
2026-08-23T18:35:08.004462,4733.5,78.73,4.27,2.08,67.1,12.8,1495.2,20.53,NORMAL,NONE
2026-08-23T18:35:09.004462,4800.5,77.44,4.11,2.07,62.0,12.15,1535.3,21.8,NORMAL,NONE
2026-08-23T18:35:10.004462,4806.0,78.57,4.25,1.98,66.5,12.47,1493.2,21.87,NORMAL,NONE
2026-08-23T18:35:11.004462,4824.0,78.67,4.23,1.78,64.3,12.65,1494.1,22.24,NORMAL,NONE
2026-08-23T18:35:12.004462,4804.4,79.17,4.02,2.02,68.1,12.7,1492.4,21.89,NORMAL,NONE
2026-08-23T18:35:13.004462,4786.1,78.42,4.26,1.91,68.1,12.63,1469.2,21.81,NORMAL,NONE
2026-08-23T18:35:14.004462,4794.8,77.33,4.21,1.99,64.7,12.42,1504.1,21.71,NORMAL,NONE
2026-08-23T18:35:15.004462,4821.5,76.25,4.21,1.93,63.9,12.58,1490.6,20.43,NORMAL,NONE
2026-08-23T18:35:16.004462,4742.5,77.79,4.18,1.93,63.1,12.7,1500.1,21.49,NORMAL,NONE
2026-08-23T18:35:17.004462,4765.9,78.93,4.21,2.05,65.0,12.56,1492.0,21.52,NORMAL,NONE
2026-08-23T18:35:18.004462,4761.5,77.13,4.34,2.09,65.2,12.47,1476.2,22.37,NORMAL,NONE
2026-08-23T18:35:19.004462,4731.6,79.0,4.16,1.79,69.3,12.21,1496.0,21.92,NORMAL,NONE
2026-08-23T18:35:20.004462,4741.4,78.43,4.1,1.97,61.6,12.97,1500.6,22.71,NORMAL,NONE
2026-08-23T18:35:21.004462,4779.1,78.22,4.24,2.01,64.2,12.83,1505.5,22.03,NORMAL,NONE
2026-08-23T18:35:22.004462,4832.2,75.32,4.12,2.07,63.9,12.42,1478.2,21.82,NORMAL,NONE
2026-08-23T18:35:23.004462,4853.9,77.51,4.12,1.96,68.1,12.31,1475.8,22.11,NORMAL,NONE
2026-08-23T18:35:24.004462,4786.2,78.14,4.07,1.84,64.1,12.6,1525.7,22.67,NORMAL,NONE
2026-08-23T18:35:25.004462,4844.7,78.94,4.28,2.09,66.9,12.38,1492.7,22.64,NORMAL,NONE
2026-08-23T18:35:26.004462,4754.1,77.43,4.18,2.03,63.0,12.36,1488.3,21.63,NORMAL,NONE
2026-08-23T18:35:27.004462,4784.6,81.28,4.11,2.36,61.3,12.55,1498.9,22.31,NORMAL,NONE
2026-08-23T18:35:28.004462,4788.0,76.94,4.16,1.95,60.6,12.47,1501.4,21.26,NORMAL,NONE
2026-08-23T18:35:29.004462,4747.9,78.78,4.13,1.9,63.2,12.31,1507.8,22.11,NORMAL,NONE
2026-08-23T18:35:30.004462,4883.3,77.64,4.23,1.9,67.8,12.05,1487.7,21.89,NORMAL,NONE
2026-08-23T18:35:31.004462,4909.5,80.17,4.36,2.0,60.4,12.66,1515.9,21.67,NORMAL,NONE
2026-08-23T18:35:32.004462,4877.3,79.94,4.07,1.94,64.2,12.42,1497.7,22.02,NORMAL,NONE
2026-08-23T18:35:33.004462,4789.8,80.54,4.16,1.82,68.5,12.8,1483.2,21.56,NORMAL,NONE
2026-08-23T18:35:34.004462,4765.3,75.88,4.1,2.07,61.1,12.43,1495.8,21.71,NORMAL,NONE
2026-08-23T18:35:35.004462,4818.7,78.17,4.3,2.05,63.2,12.99,1504.5,22.24,NORMAL,NONE
2026-08-23T18:35:36.004462,4811.5,77.68,4.13,2.18,62.8,12.41,1513.1,22.49,NORMAL,NONE
2026-08-23T18:35:37.004462,4800.9,79.97,4.18,2.35,69.1,12.56,1496.6,22.56,NORMAL,NONE
2026-08-23T18:35:38.004462,4732.9,78.71,4.25,2.24,69.2,12.59,1507.1,21.53,NORMAL,NONE
2026-08-23T18:35:39.004462,4821.8,77.24,4.09,2.26,70.3,12.47,1504.6,23.18,NORMAL,NONE
2026-08-23T18:35:40.004462,4746.6,79.5,4.18,2.09,64.8,12.96,1518.0,21.92,NORMAL,NONE
2026-08-23T18:35:41.004462,4847.5,78.95,4.31,1.84,67.6,12.5,1503.9,21.23,NORMAL,NONE
2026-08-23T18:35:42.004462,4885.5,77.95,4.24,1.78,64.4,12.55,1501.9,21.45,NORMAL,NONE
2026-08-23T18:35:43.004462,4814.1,77.6,4.27,1.83,68.5,12.19,1483.4,22.24,NORMAL,NONE
2026-08-23T18:35:44.004462,4824.3,78.43,4.16,1.96,62.3,12.83,1473.7,21.41,NORMAL,NONE
2026-08-23T18:35:45.004462,4753.6,78.52,4.08,2.12,59.9,11.99,1504.9,22.2,NORMAL,NONE
2026-08-23T18:35:46.004462,4785.4,79.34,4.17,1.92,64.5,12.9,1497.5,22.94,NORMAL,NONE
2026-08-23T18:35:47.004462,4854.8,79.08,4.27,2.19,66.4,11.8,1502.7,21.94,NORMAL,NONE
2026-08-23T18:35:48.004462,4753.4,76.14,4.21,1.84,65.0,12.25,1505.0,21.52,NORMAL,NONE
2026-08-23T18:35:49.004462,4809.4,77.96,4.16,1.96,65.8,11.71,1471.3,22.05,NORMAL,NONE
2026-08-23T18:35:50.004462,4801.0,78.24,4.23,1.85,68.9,12.73,1505.1,21.88,NORMAL,NONE
2026-08-23T18:35:51.004462,4771.6,77.41,4.23,2.02,67.5,12.57,1493.4,22.58,NORMAL,NONE
2026-08-23T18:35:52.004462,4743.4,76.66,4.23,1.93,60.7,12.06,1500.0,22.68,NORMAL,NONE
2026-08-23T18:35:53.004462,4856.6,77.9,4.18,1.88,70.7,12.47,1494.4,22.38,NORMAL,NONE
2026-08-23T18:35:54.004462,4845.8,78.03,4.3,1.81,66.3,12.68,1506.2,22.33,NORMAL,NONE
2026-08-23T18:35:55.004462,4807.1,78.57,4.03,1.89,67.6,12.17,1486.8,23.0,NORMAL,NONE
2026-08-23T18:35:56.004462,4802.7,78.27,4.23,2.26,64.2,12.25,1504.0,22.7,NORMAL,NONE
2026-08-23T18:35:57.004462,4729.1,77.87,4.17,2.02,67.0,12.59,1476.5,21.88,NORMAL,NONE
2026-08-23T18:35:58.004462,4794.7,77.95,4.28,1.95,63.1,12.45,1500.4,22.35,NORMAL,NONE
2026-08-23T18:35:59.004462,4731.3,76.64,4.19,2.14,64.8,12.57,1526.1,22.06,NORMAL,NONE
2026-08-23T18:36:00.004462,4811.7,77.96,4.28,2.08,64.2,12.71,1506.7,21.76,NORMAL,NONE
2026-08-23T18:36:01.004462,4829.6,80.04,4.11,1.84,64.7,12.44,1503.6,21.98,NORMAL,NONE
2026-08-23T18:36:02.004462,4806.4,79.12,4.3,1.69,66.6,12.51,1508.1,22.03,NORMAL,NONE
2026-08-23T18:36:03.004462,4814.4,77.78,4.15,1.98,67.4,12.51,1498.9,22.62,NORMAL,NONE
2026-08-23T18:36:04.004462,4834.5,77.12,4.14,1.97,66.5,12.81,1474.6,22.67,NORMAL,NONE
2026-08-23T18:36:05.004462,4802.4,78.22,4.27,2.04,65.6,12.8,1517.7,21.45,NORMAL,NONE
2026-08-23T18:36:06.004462,4737.1,76.95,4.22,1.96,64.4,12.35,1487.4,22.26,NORMAL,NONE
2026-08-23T18:36:07.004462,4798.4,78.3,4.24,2.22,71.3,12.33,1519.3,22.09,NORMAL,NONE
2026-08-23T18:36:08.004462,4817.7,79.13,4.15,1.98,67.9,12.68,1527.2,22.31,NORMAL,NONE
2026-08-23T18:36:09.004462,4805.3,77.89,4.25,1.73,68.9,12.6,1490.8,22.05,NORMAL,NONE
2026-08-23T18:36:10.004462,4821.7,76.83,4.27,1.68,69.3,12.42,1503.8,21.87,NORMAL,NONE
2026-08-23T18:36:11.004462,4776.2,78.97,4.12,1.99,66.6,12.14,1509.3,21.56,NORMAL,NONE
2026-08-23T18:36:12.004462,4835.0,77.66,4.3,1.99,62.0,12.79,1518.0,22.47,NORMAL,NONE
2026-08-23T18:36:13.004462,4741.4,76.94,4.27,2.07,64.1,12.45,1502.6,20.93,NORMAL,NONE
2026-08-23T18:36:14.004462,4752.1,76.79,4.28,1.94,58.7,12.45,1494.6,21.64,NORMAL,NONE
2026-08-23T18:36:15.004462,4742.2,77.09,4.22,1.93,67.3,12.9,1494.9,21.21,NORMAL,NONE
2026-08-23T18:36:16.004462,4760.7,78.07,4.26,1.97,64.8,12.57,1518.1,22.35,NORMAL,NONE
2026-08-23T18:36:17.004462,4785.3,77.4,4.2,1.91,62.0,12.81,1502.8,21.46,NORMAL,NONE
2026-08-23T18:36:18.004462,4816.2,76.94,4.12,1.76,61.4,12.35,1503.6,21.95,NORMAL,NONE
2026-08-23T18:36:19.004462,4810.8,78.03,4.16,2.17,61.7,12.19,1530.3,22.11,NORMAL,NONE
2026-08-23T18:36:20.004462,4808.2,80.61,4.11,2.24,64.8,12.44,1485.0,21.96,NORMAL,NONE
2026-08-23T18:36:21.004462,4829.0,77.97,4.16,2.06,68.7,12.51,1493.5,21.8,NORMAL,NONE
2026-08-23T18:36:22.004462,4814.8,77.4,4.31,1.91,68.2,12.44,1510.8,21.42,NORMAL,NONE
2026-08-23T18:36:23.004462,4791.0,77.0,4.14,1.99,61.4,13.08,1525.0,22.45,NORMAL,NONE
2026-08-23T18:36:24.004462,4800.0,77.41,4.06,2.12,61.4,12.48,1490.8,21.99,NORMAL,NONE
2026-08-23T18:36:25.004462,4866.3,77.9,4.18,2.14,63.4,11.92,1488.3,21.87,NORMAL,NONE
2026-08-23T18:36:26.004462,4768.3,78.97,4.29,1.85,65.1,12.56,1493.6,21.67,NORMAL,NONE
2026-08-23T18:36:27.004462,4816.9,77.59,4.34,1.99,65.0,12.55,1503.1,21.78,NORMAL,NONE
2026-08-23T18:36:28.004462,4822.7,78.8,4.22,2.06,60.8,12.37,1501.1,21.83,NORMAL,NONE
2026-08-23T18:36:29.004462,4842.9,78.36,4.2,1.9,63.8,12.42,1524.5,21.4,NORMAL,NONE
2026-08-23T18:36:30.004462,4836.6,77.61,4.33,2.14,62.4,12.6,1478.8,22.35,NORMAL,NONE
2026-08-23T18:36:31.004462,4794.1,76.94,4.2,2.09,72.3,12.75,1505.5,21.96,NORMAL,NONE
2026-08-23T18:36:32.004462,4710.3,76.52,4.01,1.82,67.9,12.88,1504.0,21.79,NORMAL,NONE
2026-08-23T18:36:33.004462,4827.4,80.32,4.21,2.21,69.0,12.25,1501.8,21.58,NORMAL,NONE
2026-08-23T18:36:34.004462,4812.8,77.56,4.13,2.1,64.8,12.42,1512.8,22.22,NORMAL,NONE
2026-08-23T18:36:35.004462,4849.0,79.82,4.1,2.07,59.7,12.77,1528.8,21.52,NORMAL,NONE
2026-08-23T18:36:36.004462,4848.0,78.67,4.23,1.67,61.8,12.38,1500.9,22.06,NORMAL,NONE
2026-08-23T18:36:37.004462,4832.0,78.12,4.18,1.85,62.7,12.44,1533.3,21.81,NORMAL,NONE
2026-08-23T18:36:38.004462,4796.5,78.98,4.26,2.09,65.3,12.98,1491.2,22.7,NORMAL,NONE
2026-08-23T18:36:39.004462,4861.8,78.26,4.16,1.91,65.8,11.91,1519.2,21.57,NORMAL,NONE
2026-08-23T18:36:40.004462,4750.8,78.49,4.21,1.87,68.9,12.15,1491.3,21.21,NORMAL,NONE
2026-08-23T18:36:41.004462,4869.5,78.58,4.08,2.08,63.2,12.24,1497.4,21.02,NORMAL,NONE
2026-08-23T18:36:42.004462,4807.5,77.99,4.32,1.87,60.8,12.21,1491.2,22.42,NORMAL,NONE
2026-08-23T18:36:43.004462,4888.9,78.58,4.23,1.83,60.8,12.14,1509.8,22.56,NORMAL,NONE
2026-08-23T18:36:44.004462,4791.1,76.7,4.26,1.98,62.8,12.03,1472.5,22.75,NORMAL,NONE
2026-08-23T18:36:45.004462,4780.8,78.3,4.24,2.13,71.6,12.45,1517.9,21.56,NORMAL,NONE
2026-08-23T18:36:46.004462,4742.7,77.97,4.04,1.77,62.7,12.69,1496.5,21.11,NORMAL,NONE
2026-08-23T18:36:47.004462,4798.4,77.41,4.16,1.91,64.7,12.73,1507.6,22.01,NORMAL,NONE
2026-08-23T18:36:48.004462,4766.4,76.43,4.35,2.23,59.9,12.61,1505.9,22.05,NORMAL,NONE
2026-08-23T18:36:49.004462,4807.1,77.59,4.31,2.05,68.0,12.58,1502.9,21.77,NORMAL,NONE
2026-08-23T18:36:50.004462,4848.3,76.17,4.31,1.97,65.8,12.34,1472.6,21.54,NORMAL,NONE
2026-08-23T18:36:51.004462,4816.3,77.54,4.24,1.87,59.7,12.46,1493.5,21.61,NORMAL,NONE
2026-08-23T18:36:52.004462,4857.1,76.18,4.21,1.96,68.9,12.54,1505.2,22.12,NORMAL,NONE
2026-08-23T18:36:53.004462,4808.6,77.77,4.19,2.13,71.6,12.2,1503.6,21.46,NORMAL,NONE
2026-08-23T18:36:54.004462,4876.3,79.73,4.22,2.21,65.6,12.15,1526.7,21.22,NORMAL,NONE
2026-08-23T18:36:55.004462,4758.1,79.17,4.27,2.09,63.9,12.29,1482.3,22.6,NORMAL,NONE
2026-08-23T18:36:56.004462,4821.9,80.19,4.24,2.08,63.4,12.36,1507.6,21.6,NORMAL,NONE
2026-08-23T18:36:57.004462,4841.5,79.07,4.1,2.09,65.8,12.56,1494.9,22.58,NORMAL,NONE
2026-08-23T18:36:58.004462,4808.6,78.65,4.23,1.9,61.5,13.0,1525.8,21.99,NORMAL,NONE
2026-08-23T18:36:59.004462,4843.2,79.31,4.32,2.14,64.7,12.71,1492.6,22.12,NORMAL,NONE
2026-08-23T18:37:00.004462,4762.9,76.39,4.13,1.77,66.3,12.7,1507.0,21.62,NORMAL,NONE
2026-08-23T18:37:01.004462,4799.0,76.71,4.23,2.09,70.7,12.2,1497.8,21.95,NORMAL,NONE
2026-08-23T18:37:02.004462,4893.7,78.25,4.24,1.78,64.6,13.16,1520.5,22.34,NORMAL,NONE
2026-08-23T18:37:03.004462,4785.4,77.11,4.22,1.91,71.8,12.34,1492.9,22.38,NORMAL,NONE
2026-08-23T18:37:04.004462,4810.2,77.12,4.1,1.88,69.7,12.33,1497.7,22.46,NORMAL,NONE
2026-08-23T18:37:05.004462,4864.4,78.82,4.23,1.91,62.3,12.55,1499.3,22.12,NORMAL,NONE
2026-08-23T18:37:06.004462,4718.8,76.63,4.26,2.22,65.5,12.13,1509.1,21.57,NORMAL,NONE
2026-08-23T18:37:07.004462,4789.1,77.74,4.26,2.16,66.9,12.22,1516.0,21.76,NORMAL,NONE
2026-08-23T18:37:08.004462,4740.9,78.94,4.35,1.85,63.9,12.32,1493.1,22.6,NORMAL,NONE
2026-08-23T18:37:09.004462,4832.8,78.19,4.21,1.89,63.5,12.3,1509.0,22.33,NORMAL,NONE
2026-08-23T18:37:10.004462,4786.0,78.73,4.13,2.31,61.9,12.34,1498.9,22.41,NORMAL,NONE
2026-08-23T18:37:11.004462,4811.0,77.14,4.25,2.12,61.7,11.87,1508.7,21.49,NORMAL,NONE
2026-08-23T18:37:12.004462,4840.9,79.82,4.3,2.05,67.6,12.45,1487.3,21.94,NORMAL,NONE
2026-08-23T18:37:13.004462,4783.4,78.24,4.11,1.84,65.3,12.53,1500.8,22.47,NORMAL,NONE
2026-08-23T18:37:14.004462,4742.1,78.63,4.18,2.0,68.2,12.54,1513.4,22.79,NORMAL,NONE
2026-08-23T18:37:15.004462,4798.2,76.19,4.16,1.93,65.6,12.26,1502.2,22.12,NORMAL,NONE
2026-08-23T18:37:16.004462,4723.1,79.58,4.15,1.8,62.7,12.72,1546.8,21.01,NORMAL,NONE
2026-08-23T18:37:17.004462,4773.3,79.15,4.15,2.01,63.7,12.49,1504.4,21.51,NORMAL,NONE
2026-08-23T18:37:18.004462,4760.6,76.56,4.22,2.36,68.4,12.47,1519.3,22.31,NORMAL,NONE
2026-08-23T18:37:19.004462,4787.8,77.37,4.21,1.88,64.9,12.63,1481.5,21.43,NORMAL,NONE
2026-08-23T18:37:20.004462,4788.3,77.2,4.19,2.05,66.0,12.71,1501.1,22.14,NORMAL,NONE
2026-08-23T18:37:21.004462,4795.4,78.08,4.19,2.0,64.0,12.59,1512.2,22.66,NORMAL,NONE
2026-08-23T18:37:22.004462,4862.5,78.77,4.15,1.81,60.3,12.41,1502.8,22.5,NORMAL,NONE
2026-08-23T18:37:23.004462,4803.7,78.01,4.1,2.1,70.6,12.38,1531.6,22.37,NORMAL,NONE
2026-08-23T18:37:24.004462,4767.2,78.63,4.22,2.06,61.4,12.61,1513.3,21.41,NORMAL,NONE
2026-08-23T18:37:25.004462,4819.3,79.26,4.23,1.9,64.4,12.72,1508.3,21.95,NORMAL,NONE
2026-08-23T18:37:26.004462,4774.5,77.3,4.19,1.83,66.2,13.08,1496.9,21.98,NORMAL,NONE
2026-08-23T18:37:27.004462,4804.8,78.6,4.18,2.08,62.5,12.17,1491.2,22.25,NORMAL,NONE
2026-08-23T18:37:28.004462,4774.4,77.27,4.22,1.7,63.7,11.8,1490.7,22.93,NORMAL,NONE
2026-08-23T18:37:29.004462,4734.4,79.1,4.15,1.92,63.9,13.08,1491.4,22.03,NORMAL,NONE
2026-08-23T18:37:30.004462,4780.6,77.73,4.26,2.04,65.3,12.3,1502.8,21.89,NORMAL,NONE
2026-08-23T18:37:31.004462,4798.1,78.08,4.16,1.81,66.2,11.96,1513.2,21.71,NORMAL,NONE
2026-08-23T18:37:32.004462,4763.4,79.02,4.15,2.01,62.3,12.62,1504.7,21.87,NORMAL,NONE
2026-08-23T18:37:33.004462,4790.9,76.45,4.29,1.9,64.6,12.35,1503.4,21.88,NORMAL,NONE
2026-08-23T18:37:34.004462,4784.8,77.69,4.22,2.23,61.6,12.8,1501.3,22.22,NORMAL,NONE
2026-08-23T18:37:35.004462,4772.8,78.97,4.26,1.72,59.8,13.0,1491.2,21.88,NORMAL,NONE
2026-08-23T18:37:36.004462,4739.6,77.97,4.2,1.92,68.8,12.43,1512.3,22.01,NORMAL,NONE
2026-08-23T18:37:37.004462,4806.6,77.71,4.15,2.21,68.3,12.84,1490.0,21.79,NORMAL,NONE
2026-08-23T18:37:38.004462,4805.8,77.64,4.25,2.24,63.3,12.37,1477.3,22.61,NORMAL,NONE
2026-08-23T18:37:39.004462,4806.8,78.32,4.15,2.0,64.1,12.3,1507.7,22.64,NORMAL,NONE
2026-08-23T18:37:40.004462,4848.8,77.68,4.44,1.9,65.0,12.11,1495.8,22.15,NORMAL,NONE
2026-08-23T18:37:41.004462,4775.3,77.89,4.12,1.93,61.3,12.36,1468.0,21.58,NORMAL,NONE
2026-08-23T18:37:42.004462,4781.1,77.83,4.3,1.84,62.8,12.74,1486.2,21.81,NORMAL,NONE
2026-08-23T18:37:43.004462,4731.5,74.9,4.37,2.11,71.0,12.46,1478.5,22.17,NORMAL,NONE
2026-08-23T18:37:44.004462,4762.2,78.2,4.23,2.08,62.6,12.53,1505.4,22.66,NORMAL,NONE
2026-08-23T18:37:45.004462,4784.6,79.85,4.25,2.06,63.1,12.6,1509.1,21.5,NORMAL,NONE
2026-08-23T18:37:46.004462,4825.0,78.26,4.18,1.88,64.4,12.7,1525.2,22.07,NORMAL,NONE
2026-08-23T18:37:47.004462,4786.3,78.67,4.27,2.11,64.5,11.77,1502.6,21.96,NORMAL,NONE
2026-08-23T18:37:48.004462,4753.9,78.03,4.12,1.95,68.6,12.32,1464.6,22.5,NORMAL,NONE
2026-08-23T18:37:49.004462,4794.9,77.99,4.06,1.72,63.9,12.34,1502.1,21.89,NORMAL,NONE
2026-08-23T18:37:50.004462,4812.3,77.56,4.23,1.92,66.4,12.68,1477.0,21.98,NORMAL,NONE
2026-08-23T18:37:51.004462,4784.7,77.97,4.34,1.91,64.4,12.56,1467.6,22.69,NORMAL,NONE
2026-08-23T18:37:52.004462,4823.3,77.83,4.27,2.39,62.6,12.89,1525.3,21.6,NORMAL,NONE
2026-08-23T18:37:53.004462,4818.4,76.7,4.22,1.9,66.7,12.38,1518.4,22.6,NORMAL,NONE
2026-08-23T18:37:54.004462,4867.4,77.91,4.18,1.95,63.1,12.47,1485.1,21.87,NORMAL,NONE
2026-08-23T18:37:55.004462,4831.9,78.97,4.23,1.77,69.5,13.04,1512.9,21.8,NORMAL,NONE
2026-08-23T18:37:56.004462,4825.8,77.91,4.08,2.17,67.6,12.65,1510.3,22.02,NORMAL,NONE
2026-08-23T18:37:57.004462,4753.1,79.49,4.17,1.95,66.5,12.02,1496.8,22.29,NORMAL,NONE
2026-08-23T18:37:58.004462,4791.1,75.66,4.21,2.13,61.1,13.18,1502.8,22.03,NORMAL,NONE
2026-08-23T18:37:59.004462,4818.5,79.01,4.22,1.99,66.1,12.15,1529.8,21.18,NORMAL,NONE
2026-08-23T18:38:00.004462,4793.9,77.26,4.21,1.99,68.1,12.48,1496.1,23.03,NORMAL,NONE
2026-08-23T18:38:01.004462,4760.5,78.01,4.17,2.15,65.0,12.86,1489.2,22.15,NORMAL,NONE
2026-08-23T18:38:02.004462,4822.9,78.02,4.22,1.77,66.5,12.42,1528.1,21.53,NORMAL,NONE
2026-08-23T18:38:03.004462,4741.5,80.01,4.35,1.97,59.3,12.29,1504.5,22.22,NORMAL,NONE
2026-08-23T18:38:04.004462,4839.6,79.18,4.25,1.98,69.1,12.97,1505.6,21.82,NORMAL,NONE
2026-08-23T18:38:05.004462,4831.6,78.17,4.2,2.02,68.5,12.95,1515.2,22.22,NORMAL,NONE
2026-08-23T18:38:06.004462,4786.8,76.45,4.18,2.07,62.5,12.63,1488.2,22.13,NORMAL,NONE
2026-08-23T18:38:07.004462,4693.0,78.42,4.26,2.01,67.1,12.21,1501.3,21.8,NORMAL,NONE
2026-08-23T18:38:08.004462,4802.8,78.0,4.21,1.89,63.7,11.97,1496.4,20.76,NORMAL,NONE
2026-08-23T18:38:09.004462,4813.5,79.93,4.16,1.94,65.3,12.63,1511.0,21.74,NORMAL,NONE
2026-08-23T18:38:10.004462,4788.3,78.42,4.23,1.82,66.5,13.01,1474.1,21.8,NORMAL,NONE
2026-08-23T18:38:11.004462,4788.4,76.98,4.1,2.25,65.6,12.63,1514.4,21.41,NORMAL,NONE
2026-08-23T18:38:12.004462,4849.1,77.38,4.29,2.0,69.1,12.67,1499.8,22.5,NORMAL,NONE
2026-08-23T18:38:13.004462,4775.9,78.65,4.09,1.98,70.7,12.77,1485.9,22.67,NORMAL,NONE
2026-08-23T18:38:14.004462,4788.5,78.41,4.17,2.09,63.5,12.92,1495.8,21.71,NORMAL,NONE
2026-08-23T18:38:15.004462,4784.7,76.67,4.26,2.17,69.1,12.65,1498.0,22.66,NORMAL,NONE
2026-08-23T18:38:16.004462,4857.9,77.4,4.1,1.93,65.0,12.84,1516.5,22.2,NORMAL,NONE
2026-08-23T18:38:17.004462,4846.4,77.77,4.19,1.68,63.6,12.44,1517.9,21.96,NORMAL,NONE
2026-08-23T18:38:18.004462,4787.1,78.16,4.17,1.71,63.1,12.46,1497.4,21.69,NORMAL,NONE
2026-08-23T18:38:19.004462,4783.1,78.61,4.09,1.96,63.3,12.44,1501.0,22.35,NORMAL,NONE
2026-08-23T18:38:20.004462,4697.2,77.83,4.11,1.75,65.6,12.54,1489.6,21.9,NORMAL,NONE
2026-08-23T18:38:21.004462,4767.9,79.41,4.34,2.17,61.6,12.71,1505.2,22.05,NORMAL,NONE
2026-08-23T18:38:22.004462,4794.9,77.75,4.15,1.9,62.7,13.21,1508.4,21.68,NORMAL,NONE
2026-08-23T18:38:23.004462,4774.9,78.55,4.34,2.25,62.2,12.11,1490.9,22.16,NORMAL,NONE
2026-08-23T18:38:24.004462,4779.6,77.45,4.36,1.81,67.0,12.46,1491.5,22.95,NORMAL,NONE
2026-08-23T18:38:25.004462,4750.1,78.28,4.19,1.9,63.8,12.53,1538.7,22.25,NORMAL,NONE
2026-08-23T18:38:26.004462,4790.3,76.63,4.22,2.12,73.4,12.04,1478.7,21.12,NORMAL,NONE
2026-08-23T18:38:27.004462,4739.2,79.18,4.19,1.89,65.4,12.48,1498.0,22.58,NORMAL,NONE
2026-08-23T18:38:28.004462,4834.5,77.65,4.3,2.15,64.3,12.37,1494.5,21.54,NORMAL,NONE
2026-08-23T18:38:29.004462,4716.4,79.13,4.31,1.64,64.1,12.22,1494.2,22.2,NORMAL,NONE
2026-08-23T18:38:30.004462,4843.6,78.5,4.26,2.17,65.8,12.84,1513.5,21.67,NORMAL,NONE
2026-08-23T18:38:31.004462,4830.1,77.61,4.28,2.18,60.9,12.68,1485.9,21.75,NORMAL,NONE
2026-08-23T18:38:32.004462,4781.7,78.53,4.25,1.99,58.9,12.65,1517.3,20.7,NORMAL,NONE
2026-08-23T18:38:33.004462,4776.6,77.43,4.22,1.96,68.1,12.38,1486.8,21.04,NORMAL,NONE
2026-08-23T18:38:34.004462,4726.4,77.78,4.25,1.85,66.9,12.38,1513.0,22.65,NORMAL,NONE
2026-08-23T18:38:35.004462,4818.5,77.08,4.28,2.03,65.2,12.61,1510.3,22.58,NORMAL,NONE
2026-08-23T18:38:36.004462,4748.1,79.23,4.22,2.2,64.7,12.74,1514.5,22.67,NORMAL,NONE
2026-08-23T18:38:37.004462,4788.2,79.46,4.16,1.82,62.6,12.11,1521.1,22.49,NORMAL,NONE
2026-08-23T18:38:38.004462,4727.1,77.79,4.22,2.03,63.4,12.3,1512.8,21.96,NORMAL,NONE
2026-08-23T18:38:39.004462,4765.0,78.28,4.15,1.96,67.3,12.44,1538.0,21.3,NORMAL,NONE
2026-08-23T18:38:40.004462,4761.2,79.57,4.22,1.98,67.9,12.45,1485.7,22.76,NORMAL,NONE
2026-08-23T18:38:41.004462,4804.7,78.2,4.21,1.99,62.5,12.2,1475.4,22.45,NORMAL,NONE
2026-08-23T18:38:42.004462,4803.6,77.8,4.08,1.8,63.8,12.6,1497.6,21.96,NORMAL,NONE
2026-08-23T18:38:43.004462,4765.0,78.78,4.22,2.19,66.6,12.2,1490.6,21.91,NORMAL,NONE
2026-08-23T18:38:44.004462,4845.1,78.06,4.2,2.21,67.7,12.69,1473.9,21.91,NORMAL,NONE
2026-08-23T18:38:45.004462,4879.5,78.67,4.3,2.28,67.4,11.92,1505.6,21.91,NORMAL,NONE
2026-08-23T18:38:46.004462,4765.4,79.02,4.14,2.19,66.4,12.35,1487.5,22.92,NORMAL,NONE
2026-08-23T18:38:47.004462,4792.0,78.36,4.2,1.88,64.0,12.44,1474.8,21.64,NORMAL,NONE
2026-08-23T18:38:48.004462,4764.2,78.32,4.21,1.82,63.2,12.53,1487.8,21.15,NORMAL,NONE
2026-08-23T18:38:49.004462,4834.4,78.0,4.17,1.93,66.0,12.37,1500.6,22.55,NORMAL,NONE
2026-08-23T18:38:50.004462,4856.2,79.66,4.12,1.99,61.2,12.18,1479.2,21.8,NORMAL,NONE
2026-08-23T18:38:51.004462,4782.1,77.03,4.19,2.08,63.5,12.25,1511.5,21.88,NORMAL,NONE
2026-08-23T18:38:52.004462,4808.8,76.95,4.24,2.12,61.9,12.18,1493.8,22.29,NORMAL,NONE
2026-08-23T18:38:53.004462,4829.8,79.11,4.13,1.71,62.3,12.52,1506.4,21.32,NORMAL,NONE
2026-08-23T18:38:54.004462,4797.7,77.64,4.24,1.87,64.4,12.4,1503.7,22.0,NORMAL,NONE
2026-08-23T18:38:55.004462,4815.2,78.19,4.26,1.86,75.2,12.91,1479.4,22.32,NORMAL,NONE
2026-08-23T18:38:56.004462,4780.4,77.2,4.3,1.65,62.6,12.65,1475.0,22.44,NORMAL,NONE
2026-08-23T18:38:57.004462,4781.5,77.99,4.32,2.01,68.1,12.91,1491.6,21.8,NORMAL,NONE
2026-08-23T18:38:58.004462,4854.2,78.62,4.32,2.36,62.3,12.48,1506.9,21.35,NORMAL,NONE
2026-08-23T18:38:59.004462,4761.7,76.52,4.18,2.01,70.0,13.28,1497.7,21.92,NORMAL,NONE
2026-08-23T18:39:00.004462,4811.4,78.38,4.2,2.22,68.5,12.33,1466.1,22.01,NORMAL,NONE
2026-08-23T18:39:01.004462,4858.2,79.57,4.16,1.91,65.2,12.32,1486.0,21.7,NORMAL,NONE
2026-08-23T18:39:02.004462,4873.5,79.47,4.23,2.13,63.4,12.32,1510.5,22.24,NORMAL,NONE
2026-08-23T18:39:03.004462,4748.1,79.27,4.03,1.91,68.6,12.93,1542.7,21.87,NORMAL,NONE
2026-08-23T18:39:04.004462,4794.4,78.44,4.21,1.84,64.1,12.4,1514.7,21.89,NORMAL,NONE
2026-08-23T18:39:05.004462,4804.9,77.97,4.18,2.16,63.6,12.65,1518.8,21.92,NORMAL,NONE
2026-08-23T18:39:06.004462,4844.6,77.53,4.23,1.79,68.0,12.85,1499.6,21.21,NORMAL,NONE
2026-08-23T18:39:07.004462,4787.4,78.02,4.3,1.65,65.8,12.54,1477.7,22.34,NORMAL,NONE
2026-08-23T18:39:08.004462,4729.8,78.58,4.28,1.86,61.8,12.21,1493.0,22.24,NORMAL,NONE
2026-08-23T18:39:09.004462,4826.2,77.59,4.24,1.84,64.6,11.97,1521.3,21.36,NORMAL,NONE
2026-08-23T18:39:10.004462,4764.5,79.68,4.28,1.84,67.8,13.32,1504.5,21.53,NORMAL,NONE
2026-08-23T18:39:11.004462,4776.0,79.74,4.16,1.88,72.6,12.0,1487.7,21.15,NORMAL,NONE
2026-08-23T18:39:12.004462,4772.0,77.51,4.24,1.78,67.0,12.31,1521.4,21.71,NORMAL,NONE
2026-08-23T18:39:13.004462,4800.2,76.08,4.05,2.08,71.2,12.0,1495.7,21.9,NORMAL,NONE
2026-08-23T18:39:14.004462,4801.4,78.66,4.25,2.11,57.3,12.03,1532.7,22.62,NORMAL,NONE
2026-08-23T18:39:15.004462,4731.2,77.48,4.24,1.88,63.6,12.03,1483.7,23.0,NORMAL,NONE
2026-08-23T18:39:16.004462,4804.4,77.9,4.25,1.88,66.0,12.47,1509.9,21.5,NORMAL,NONE
2026-08-23T18:39:17.004462,4792.3,79.15,4.24,1.86,59.0,12.67,1505.7,21.7,NORMAL,NONE
2026-08-23T18:39:18.004462,4759.6,77.93,4.22,2.09,66.4,12.62,1489.9,22.18,NORMAL,NONE
2026-08-23T18:39:19.004462,4797.3,77.56,4.21,2.38,63.3,12.42,1501.2,21.92,NORMAL,NONE
2026-08-23T18:39:20.004462,4792.6,78.51,4.12,2.09,68.0,12.32,1530.4,21.25,NORMAL,NONE
2026-08-23T18:39:21.004462,4818.2,78.13,4.22,1.88,60.7,12.6,1473.0,22.44,NORMAL,NONE
2026-08-23T18:39:22.004462,4830.8,78.13,4.26,2.04,65.7,12.49,1489.9,21.9,NORMAL,NONE
2026-08-23T18:39:23.004462,4798.7,77.4,4.2,1.82,66.2,12.47,1467.4,21.84,NORMAL,NONE
2026-08-23T18:39:24.004462,4758.2,77.86,4.33,1.87,65.6,12.2,1494.3,22.36,NORMAL,NONE
2026-08-23T18:39:25.004462,4815.9,77.93,4.27,2.16,71.2,11.94,1476.9,21.37,NORMAL,NONE
2026-08-23T18:39:26.004462,4768.4,78.91,4.21,1.91,64.1,12.2,1513.5,22.13,NORMAL,NONE
2026-08-23T18:39:27.004462,4795.9,76.21,4.15,1.78,63.2,12.69,1487.1,22.32,NORMAL,NONE
2026-08-23T18:39:28.004462,4761.7,79.85,4.19,1.92,67.3,12.75,1485.0,21.42,NORMAL,NONE
2026-08-23T18:39:29.004462,4752.9,78.58,4.15,1.92,65.9,12.24,1505.7,22.21,NORMAL,NONE
2026-08-23T18:39:30.004462,4772.9,77.09,4.29,1.75,65.6,13.02,1492.1,21.41,NORMAL,NONE
2026-08-23T18:39:31.004462,4824.4,77.98,4.13,2.07,64.5,12.91,1510.6,21.55,NORMAL,NONE
2026-08-23T18:39:32.004462,4827.3,78.38,4.18,1.84,67.2,12.56,1487.0,21.92,NORMAL,NONE
2026-08-23T18:39:33.004462,4810.7,78.94,4.33,2.2,63.5,12.8,1483.8,21.93,NORMAL,NONE
2026-08-23T18:39:34.004462,4820.4,77.73,4.15,2.0,69.3,12.67,1487.5,22.71,NORMAL,NONE
2026-08-23T18:39:35.004462,4789.1,78.02,4.22,2.02,62.3,12.36,1496.7,22.41,NORMAL,NONE
2026-08-23T18:39:36.004462,4727.2,78.83,4.32,1.82,65.0,12.35,1480.7,22.67,NORMAL,NONE
2026-08-23T18:39:37.004462,4818.6,79.54,4.31,2.17,64.9,12.73,1507.1,21.95,NORMAL,NONE
2026-08-23T18:39:38.004462,4827.0,77.51,4.19,2.08,67.7,12.6,1487.8,22.15,NORMAL,NONE
2026-08-23T18:39:39.004462,4884.2,78.09,4.26,1.82,66.1,12.63,1490.8,22.03,NORMAL,NONE
2026-08-23T18:39:40.004462,4794.5,78.69,4.21,1.78,66.9,13.2,1478.8,21.46,NORMAL,NONE
2026-08-23T18:39:41.004462,4778.8,77.02,4.12,2.03,71.5,12.8,1497.2,22.14,NORMAL,NONE
2026-08-23T18:39:42.004462,4831.2,78.6,4.18,1.83,61.8,13.07,1510.8,22.16,NORMAL,NONE
2026-08-23T18:39:43.004462,4833.5,77.25,4.17,2.01,61.0,12.22,1503.9,21.79,NORMAL,NONE
2026-08-23T18:39:44.004462,4733.7,77.2,4.23,1.96,69.0,13.01,1488.4,22.35,NORMAL,NONE
2026-08-23T18:39:45.004462,4797.0,77.3,4.26,2.15,59.8,12.03,1517.4,22.43,NORMAL,NONE
2026-08-23T18:39:46.004462,4837.6,78.93,4.15,1.88,62.6,12.69,1512.9,21.13,NORMAL,NONE
2026-08-23T18:39:47.004462,4737.0,78.5,4.12,2.06,62.1,12.21,1483.5,22.15,NORMAL,NONE
2026-08-23T18:39:48.004462,4823.2,77.31,4.17,1.94,65.9,12.49,1501.7,21.7,NORMAL,NONE
2026-08-23T18:39:49.004462,4797.9,77.92,4.19,2.04,61.3,12.7,1518.8,22.07,NORMAL,NONE
2026-08-23T18:39:50.004462,4733.8,79.17,4.19,2.02,65.4,13.11,1485.1,22.04,NORMAL,NONE
2026-08-23T18:39:51.004462,4787.1,78.76,4.27,2.15,66.1,12.63,1506.7,22.29,NORMAL,NONE
2026-08-23T18:39:52.004462,4820.9,77.59,4.39,2.07,57.1,12.55,1504.0,21.45,NORMAL,NONE
2026-08-23T18:39:53.004462,4798.9,78.01,4.15,2.05,60.7,12.91,1473.7,21.19,NORMAL,NONE
2026-08-23T18:39:54.004462,4809.2,76.05,4.27,2.11,67.3,12.03,1506.7,21.52,NORMAL,NONE
2026-08-23T18:39:55.004462,4833.4,78.88,4.08,1.9,60.7,12.97,1517.8,21.42,NORMAL,NONE
2026-08-23T18:39:56.004462,4795.9,74.98,4.26,2.08,62.1,12.61,1492.8,21.52,NORMAL,NONE
2026-08-23T18:39:57.004462,4793.2,78.17,4.29,2.05,64.0,12.7,1506.0,22.02,NORMAL,NONE
2026-08-23T18:39:58.004462,4819.4,79.03,4.21,2.17,64.9,12.38,1482.5,21.39,NORMAL,NONE
2026-08-23T18:39:59.004462,4905.8,76.19,4.21,2.04,62.8,12.2,1516.7,21.62,NORMAL,NONE
2026-08-23T18:40:00.004462,4802.6,77.87,4.15,2.02,65.5,12.61,1514.1,21.83,NORMAL,NONE
2026-08-23T18:40:01.004462,4820.1,76.35,4.22,1.88,65.4,12.17,1520.8,21.7,NORMAL,NONE
2026-08-23T18:40:02.004462,4879.3,76.52,4.15,2.11,70.7,12.51,1493.4,21.8,NORMAL,NONE
2026-08-23T18:40:03.004462,4731.2,76.34,4.42,1.79,63.8,12.69,1508.3,22.01,NORMAL,NONE
2026-08-23T18:40:04.004462,4797.4,79.4,4.38,2.01,61.5,12.02,1496.1,22.59,NORMAL,NONE
2026-08-23T18:40:05.004462,4816.5,77.75,4.24,2.04,65.5,12.68,1508.6,22.06,NORMAL,NONE
2026-08-23T18:40:06.004462,4767.3,78.32,4.11,2.06,64.0,12.12,1535.5,21.78,NORMAL,NONE
2026-08-23T18:40:07.004462,4839.1,77.28,4.2,2.16,61.4,12.52,1520.8,21.72,NORMAL,NONE
2026-08-23T18:40:08.004462,4821.1,77.78,4.16,1.91,65.3,12.5,1493.4,22.23,NORMAL,NONE
2026-08-23T18:40:09.004462,4794.5,78.26,4.26,2.02,64.5,12.16,1494.2,20.9,NORMAL,NONE
2026-08-23T18:40:10.004462,4746.8,78.01,4.22,2.13,64.9,11.97,1506.1,22.26,NORMAL,NONE
2026-08-23T18:40:11.004462,4757.6,78.26,4.08,1.8,65.0,12.63,1511.0,22.23,NORMAL,NONE
2026-08-23T18:40:12.004462,4786.0,78.37,4.24,1.88,65.0,12.75,1515.7,21.53,NORMAL,NONE
2026-08-23T18:40:13.004462,4807.5,77.52,4.24,2.13,63.4,12.54,1502.0,22.19,NORMAL,NONE
2026-08-23T18:40:14.004462,4820.8,78.26,4.2,2.13,56.2,11.84,1484.7,21.75,NORMAL,NONE
2026-08-23T18:40:15.004462,4785.5,78.31,4.15,1.86,63.4,12.25,1503.2,22.44,NORMAL,NONE
2026-08-23T18:40:16.004462,4818.5,78.64,4.25,1.97,59.4,12.1,1489.2,22.25,NORMAL,NONE
2026-08-23T18:40:17.004462,4816.7,78.33,4.28,1.93,64.6,12.58,1498.0,21.74,NORMAL,NONE
2026-08-23T18:40:18.004462,4733.0,78.01,4.25,1.72,64.9,12.67,1509.6,22.3,NORMAL,NONE
2026-08-23T18:40:19.004462,4785.6,78.55,4.26,2.11,63.6,12.58,1502.8,21.81,NORMAL,NONE
2026-08-23T18:40:20.004462,4769.8,78.64,4.11,2.13,60.9,12.46,1499.3,21.78,NORMAL,NONE
2026-08-23T18:40:21.004462,4847.5,77.74,4.2,1.9,59.9,12.59,1492.1,22.58,NORMAL,NONE
2026-08-23T18:40:22.004462,4834.1,77.12,4.08,1.97,67.1,12.39,1524.3,21.87,NORMAL,NONE
2026-08-23T18:40:23.004462,4780.8,78.38,4.2,2.15,64.2,12.21,1505.8,22.07,NORMAL,NONE
2026-08-23T18:40:24.004462,4815.1,77.85,4.35,1.81,61.6,12.22,1517.3,21.24,NORMAL,NONE
2026-08-23T18:40:25.004462,4784.6,76.37,4.25,1.95,60.8,12.77,1493.8,21.54,NORMAL,NONE
2026-08-23T18:40:26.004462,4812.3,77.99,4.22,2.08,61.2,13.1,1525.7,21.95,NORMAL,NONE
2026-08-23T18:40:27.004462,4719.1,79.1,4.15,2.16,64.4,12.23,1491.2,20.93,NORMAL,NONE
2026-08-23T18:40:28.004462,4759.3,79.39,4.36,2.14,62.2,12.56,1506.4,21.94,NORMAL,NONE
2026-08-23T18:40:29.004462,4701.0,77.76,4.16,2.08,60.7,12.62,1496.9,23.2,NORMAL,NONE
2026-08-23T18:40:30.004462,4860.4,77.11,4.12,1.97,65.2,12.78,1486.9,22.1,NORMAL,NONE
2026-08-23T18:40:31.004462,4793.9,77.98,4.25,1.76,65.3,12.37,1498.5,22.35,NORMAL,NONE
2026-08-23T18:40:32.004462,4705.9,76.98,4.1,2.22,69.3,12.61,1489.3,22.3,NORMAL,NONE
2026-08-23T18:40:33.004462,4759.4,76.36,4.27,1.94,61.7,12.48,1518.1,22.21,NORMAL,NONE
2026-08-23T18:40:34.004462,4795.8,75.76,4.22,2.19,65.6,12.31,1497.2,22.51,NORMAL,NONE
2026-08-23T18:40:35.004462,4767.1,76.24,4.17,2.2,72.2,12.32,1507.1,21.54,NORMAL,NONE
2026-08-23T18:40:36.004462,4785.9,76.91,4.12,1.99,70.0,12.48,1496.4,21.97,NORMAL,NONE
2026-08-23T18:40:37.004462,4764.8,79.78,4.34,2.17,63.8,12.55,1473.8,22.16,NORMAL,NONE
2026-08-23T18:40:38.004462,4844.4,78.36,4.17,1.85,63.9,12.89,1492.7,21.93,NORMAL,NONE
2026-08-23T18:40:39.004462,4861.3,76.77,4.02,1.93,64.4,12.45,1520.8,21.73,NORMAL,NONE
2026-08-23T18:40:40.004462,4804.9,78.17,4.2,1.85,68.0,12.83,1473.6,21.68,NORMAL,NONE
2026-08-23T18:40:41.004462,4764.9,77.34,4.08,2.41,66.0,12.47,1525.3,21.95,NORMAL,NONE
2026-08-23T18:40:42.004462,4799.0,79.75,4.13,1.83,66.8,12.32,1507.9,21.41,NORMAL,NONE
2026-08-23T18:40:43.004462,4722.9,79.86,4.29,2.09,65.6,12.41,1511.7,21.53,NORMAL,NONE
2026-08-23T18:40:44.004462,4767.4,77.72,4.2,1.92,62.1,12.53,1490.3,21.9,NORMAL,NONE
2026-08-23T18:40:45.004462,4793.5,77.96,4.12,1.86,66.6,12.71,1473.4,22.34,NORMAL,NONE
2026-08-23T18:40:46.004462,4853.5,77.93,4.22,1.86,71.0,12.09,1520.8,21.97,NORMAL,NONE
2026-08-23T18:40:47.004462,4824.1,78.35,4.22,2.2,63.2,12.76,1500.6,21.78,NORMAL,NONE
2026-08-23T18:40:48.004462,4828.7,78.13,4.16,1.91,68.3,12.34,1482.9,21.82,NORMAL,NONE
2026-08-23T18:40:49.004462,4852.8,78.54,4.09,1.88,61.8,13.04,1477.2,22.39,NORMAL,NONE
2026-08-23T18:40:50.004462,4852.8,78.01,4.25,1.96,65.6,12.5,1481.4,22.69,NORMAL,NONE
2026-08-23T18:40:51.004462,4811.6,79.44,4.22,1.89,68.1,12.25,1487.4,22.25,NORMAL,NONE
2026-08-23T18:40:52.004462,4836.1,79.67,4.22,1.91,66.6,12.56,1488.9,22.29,NORMAL,NONE
2026-08-23T18:40:53.004462,4862.7,77.34,4.28,2.28,72.4,12.32,1478.4,22.0,NORMAL,NONE
2026-08-23T18:40:54.004462,4821.2,77.65,4.27,2.0,63.7,12.68,1493.2,21.22,NORMAL,NONE
2026-08-23T18:40:55.004462,4803.7,78.69,4.34,1.99,64.4,13.05,1495.4,21.49,NORMAL,NONE
2026-08-23T18:40:56.004462,4860.9,77.41,4.17,2.32,61.7,12.9,1484.6,22.03,NORMAL,NONE
2026-08-23T18:40:57.004462,4814.3,79.15,4.13,1.98,65.4,12.87,1483.3,22.29,NORMAL,NONE
2026-08-23T18:40:58.004462,4806.6,75.7,4.09,1.98,66.7,12.61,1485.4,22.4,NORMAL,NONE
2026-08-23T18:40:59.004462,4811.8,79.18,4.2,1.76,67.5,12.18,1500.3,21.29,NORMAL,NONE
2026-08-23T18:41:00.004462,4844.9,78.87,4.17,1.89,65.8,12.22,1518.9,21.19,NORMAL,NONE
2026-08-23T18:41:01.004462,4737.2,78.84,4.2,2.1,65.8,12.4,1489.8,21.25,NORMAL,NONE
2026-08-23T18:41:02.004462,4769.3,78.04,4.28,2.03,62.3,12.69,1503.5,22.39,NORMAL,NONE
2026-08-23T18:41:03.004462,4802.5,78.55,4.12,2.26,67.6,12.23,1490.9,21.38,NORMAL,NONE
2026-08-23T18:41:04.004462,4761.9,77.46,4.16,1.87,64.2,12.7,1480.5,22.51,NORMAL,NONE
2026-08-23T18:41:05.004462,4867.4,78.41,4.24,1.78,64.1,12.36,1495.0,22.22,NORMAL,NONE
2026-08-23T18:41:06.004462,4756.5,78.0,4.02,2.26,59.8,12.8,1495.7,22.31,NORMAL,NONE
2026-08-23T18:41:07.004462,4769.5,78.66,4.17,2.0,59.9,11.9,1520.9,22.59,NORMAL,NONE
2026-08-23T18:41:08.004462,4785.8,78.33,4.23,1.61,64.2,11.97,1515.5,21.23,NORMAL,NONE
2026-08-23T18:41:09.004462,4755.1,78.24,4.32,2.12,71.2,12.09,1515.8,21.82,NORMAL,NONE
2026-08-23T18:41:10.004462,4801.3,77.02,4.23,1.92,66.8,12.57,1498.2,22.31,NORMAL,NONE
2026-08-23T18:41:11.004462,4734.1,78.03,4.03,1.94,65.2,12.54,1491.8,22.72,NORMAL,NONE
2026-08-23T18:41:12.004462,4803.5,78.2,4.16,2.31,64.6,12.68,1494.6,22.57,NORMAL,NONE
2026-08-23T18:41:13.004462,4816.5,76.57,4.26,1.88,65.5,12.69,1519.4,22.22,NORMAL,NONE
2026-08-23T18:41:14.004462,4782.4,78.83,4.18,2.03,63.6,12.61,1518.1,22.88,NORMAL,NONE
2026-08-23T18:41:15.004462,4825.9,79.39,4.13,2.03,68.5,12.43,1509.3,21.83,NORMAL,NONE
2026-08-23T18:41:16.004462,4771.4,77.8,4.21,1.95,65.5,13.22,1483.7,21.88,NORMAL,NONE
2026-08-23T18:41:17.004462,4744.4,80.37,4.29,1.97,63.4,12.51,1491.4,22.15,NORMAL,NONE
2026-08-23T18:41:18.004462,4763.8,77.64,4.28,1.84,66.5,12.06,1500.7,22.57,NORMAL,NONE
2026-08-23T18:41:19.004462,4776.7,78.92,4.34,2.14,72.0,12.35,1502.7,22.14,NORMAL,NONE
2026-08-23T18:41:20.004462,4722.7,78.34,4.11,1.86,65.8,12.52,1515.7,21.77,NORMAL,NONE
2026-08-23T18:41:21.004462,4756.6,78.29,4.13,2.07,67.0,12.65,1500.9,22.23,NORMAL,NONE
2026-08-23T18:41:22.004462,4746.6,78.63,4.31,1.86,65.7,12.25,1494.4,21.8,NORMAL,NONE
2026-08-23T18:41:23.004462,4786.7,78.8,4.0,1.77,66.9,12.54,1476.5,22.18,NORMAL,NONE
2026-08-23T18:41:24.004462,4815.3,77.4,4.39,2.01,67.4,12.7,1499.9,22.27,NORMAL,NONE
2026-08-23T18:41:25.004462,4785.3,76.87,4.15,2.1,70.0,12.17,1527.2,22.31,NORMAL,NONE
2026-08-23T18:41:26.004462,4814.9,78.62,4.09,2.03,63.6,12.46,1525.2,21.89,NORMAL,NONE
2026-08-23T18:41:27.004462,4718.4,76.25,4.31,2.0,61.1,12.67,1499.8,21.87,NORMAL,NONE
2026-08-23T18:41:28.004462,4785.7,76.92,4.17,1.95,68.6,12.6,1491.3,22.86,NORMAL,NONE
2026-08-23T18:41:29.004462,4851.2,77.75,4.25,1.95,63.4,12.72,1497.4,22.1,NORMAL,NONE
2026-08-23T18:41:30.004462,4758.0,78.52,4.28,1.98,64.9,13.27,1500.2,21.82,NORMAL,NONE
2026-08-23T18:41:31.004462,4798.0,78.83,4.21,1.88,69.2,12.28,1519.5,21.28,NORMAL,NONE
2026-08-23T18:41:32.004462,4777.1,76.91,4.24,1.95,61.7,12.34,1495.7,22.62,NORMAL,NONE
2026-08-23T18:41:33.004462,4808.8,79.44,4.28,2.19,59.8,11.94,1484.2,21.42,NORMAL,NONE
2026-08-23T18:41:34.004462,4745.4,76.93,4.1,1.66,68.8,12.16,1505.7,22.06,NORMAL,NONE
2026-08-23T18:41:35.004462,4818.3,75.9,4.26,2.26,68.2,12.51,1500.8,23.08,NORMAL,NONE
2026-08-23T18:41:36.004462,4829.4,78.63,4.26,1.83,67.2,12.21,1510.9,22.24,NORMAL,NONE
2026-08-23T18:41:37.004462,4769.7,77.17,4.3,1.99,61.3,12.67,1490.2,22.32,NORMAL,NONE
2026-08-23T18:41:38.004462,4789.2,78.97,4.27,1.96,66.7,12.24,1469.5,22.49,NORMAL,NONE
2026-08-23T18:41:39.004462,4787.0,77.17,4.31,2.26,63.0,12.98,1510.9,21.68,NORMAL,NONE
2026-08-23T18:41:40.004462,4789.4,78.31,4.2,1.92,64.5,12.44,1515.4,22.63,NORMAL,NONE
2026-08-23T18:41:41.004462,4799.0,78.29,4.24,2.08,67.1,12.48,1505.5,22.28,NORMAL,NONE
2026-08-23T18:41:42.004462,4776.0,78.62,4.13,1.91,60.6,12.28,1497.3,21.91,NORMAL,NONE
2026-08-23T18:41:43.004462,4837.2,79.14,4.14,1.99,68.3,12.26,1482.2,21.91,NORMAL,NONE
2026-08-23T18:41:44.004462,4854.1,77.2,4.19,1.77,61.9,12.38,1471.5,21.48,NORMAL,NONE
2026-08-23T18:41:45.004462,4782.6,77.81,4.16,2.25,65.2,12.7,1510.8,22.75,NORMAL,NONE
2026-08-23T18:41:46.004462,4801.8,75.9,4.1,1.79,65.5,12.93,1477.1,22.06,NORMAL,NONE
2026-08-23T18:41:47.004462,4819.2,77.68,4.31,1.96,67.4,12.72,1482.2,20.9,NORMAL,NONE
2026-08-23T18:41:48.004462,4819.5,76.66,4.21,1.89,66.5,12.39,1495.6,21.88,NORMAL,NONE
2026-08-23T18:41:49.004462,4810.7,77.67,4.26,1.8,62.5,12.47,1491.3,21.44,NORMAL,NONE
2026-08-23T18:41:50.004462,4777.5,77.34,4.26,2.14,64.4,12.32,1503.3,21.32,NORMAL,NONE
2026-08-23T18:41:51.004462,4815.1,78.0,4.03,1.92,70.7,12.68,1488.9,21.51,NORMAL,NONE
2026-08-23T18:41:52.004462,4749.9,78.32,4.21,2.0,64.2,12.6,1508.6,22.12,NORMAL,NONE
2026-08-23T18:41:53.004462,4753.0,77.42,4.24,2.21,68.3,12.38,1482.9,22.81,NORMAL,NONE
2026-08-23T18:41:54.004462,4839.3,77.38,4.33,2.18,63.2,12.45,1505.8,21.88,NORMAL,NONE
2026-08-23T18:41:55.004462,4773.4,80.04,4.12,1.87,61.2,12.41,1485.9,21.74,NORMAL,NONE
2026-08-23T18:41:56.004462,4801.9,76.93,4.22,1.82,62.8,12.36,1496.5,22.95,NORMAL,NONE
2026-08-23T18:41:57.004462,4855.9,75.37,4.36,2.06,64.3,12.16,1526.1,21.68,NORMAL,NONE
2026-08-23T18:41:58.004462,4792.1,76.42,4.1,1.68,62.2,12.35,1500.7,22.62,NORMAL,NONE
2026-08-23T18:41:59.004462,4853.7,78.66,4.2,2.23,65.3,12.23,1512.8,21.76,NORMAL,NONE
2026-08-23T18:42:00.004462,4872.3,79.96,4.16,2.14,68.5,12.69,1515.8,21.92,NORMAL,NONE
2026-08-23T18:42:01.004462,4759.1,78.8,4.21,1.79,65.1,12.34,1528.8,20.63,NORMAL,NONE
2026-08-23T18:42:02.004462,4857.0,78.16,4.28,2.05,61.9,12.96,1487.5,22.8,NORMAL,NONE
2026-08-23T18:42:03.004462,4767.6,75.59,4.18,1.79,65.4,12.7,1480.2,22.55,NORMAL,NONE
2026-08-23T18:42:04.004462,4791.7,77.22,4.26,2.19,65.4,12.09,1518.8,22.3,NORMAL,NONE
2026-08-23T18:42:05.004462,4754.7,77.46,4.2,2.18,61.4,12.62,1530.2,22.86,NORMAL,NONE
2026-08-23T18:42:06.004462,4771.3,79.41,4.16,2.07,67.7,12.69,1519.5,22.55,NORMAL,NONE
2026-08-23T18:42:07.004462,4830.4,77.96,4.13,1.99,69.1,12.55,1493.8,21.55,NORMAL,NONE
2026-08-23T18:42:08.004462,4757.1,78.49,4.11,2.05,64.8,12.99,1504.5,21.36,NORMAL,NONE
2026-08-23T18:42:09.004462,4818.6,78.21,4.17,2.05,64.4,13.08,1511.5,22.25,NORMAL,NONE
2026-08-23T18:42:10.004462,4753.3,78.94,4.32,1.9,62.4,12.16,1490.5,22.23,NORMAL,NONE
2026-08-23T18:42:11.004462,4782.2,77.12,4.32,2.02,63.9,12.47,1494.1,22.13,NORMAL,NONE
2026-08-23T18:42:12.004462,4811.9,75.82,4.29,1.95,62.5,12.67,1512.0,22.07,NORMAL,NONE
2026-08-23T18:42:13.004462,4807.6,76.86,4.08,2.13,65.9,12.67,1491.3,22.29,NORMAL,NONE
2026-08-23T18:42:14.004462,4889.8,76.96,4.12,1.95,70.2,13.18,1493.7,22.69,NORMAL,NONE
2026-08-23T18:42:15.004462,4791.3,77.87,4.13,1.98,58.0,12.56,1498.4,21.13,NORMAL,NONE
2026-08-23T18:42:16.004462,4800.6,77.02,4.17,1.83,67.1,12.02,1489.0,22.2,NORMAL,NONE
2026-08-23T18:42:17.004462,4827.1,77.37,4.17,2.09,70.4,12.3,1507.2,22.16,NORMAL,NONE
2026-08-23T18:42:18.004462,4778.4,79.23,4.29,2.0,62.2,12.75,1501.8,22.61,NORMAL,NONE
2026-08-23T18:42:19.004462,4715.2,77.31,4.13,2.07,65.4,12.49,1512.0,21.49,NORMAL,NONE
2026-08-23T18:42:20.004462,4767.8,77.67,4.25,1.7,67.9,12.2,1503.2,22.53,NORMAL,NONE
2026-08-23T18:42:21.004462,4823.0,79.16,4.19,1.88,67.7,12.29,1502.2,21.39,NORMAL,NONE
2026-08-23T18:42:22.004462,4859.0,76.67,4.16,1.91,70.3,12.75,1490.0,22.65,NORMAL,NONE
2026-08-23T18:42:23.004462,4778.3,77.55,4.21,1.91,65.5,12.41,1481.3,22.79,NORMAL,NONE
2026-08-23T18:42:24.004462,4774.9,77.42,4.28,2.04,69.9,12.45,1508.9,22.57,NORMAL,NONE
2026-08-23T18:42:25.004462,4821.9,76.59,4.07,2.0,64.4,12.67,1490.9,21.47,NORMAL,NONE
2026-08-23T18:42:26.004462,4790.2,76.16,4.2,1.84,65.4,13.33,1477.0,22.89,NORMAL,NONE
2026-08-23T18:42:27.004462,4762.1,79.26,4.12,2.17,62.6,12.11,1518.8,22.17,NORMAL,NONE
2026-08-23T18:42:28.004462,4842.6,77.43,4.17,2.04,65.2,12.5,1503.1,22.22,NORMAL,NONE
2026-08-23T18:42:29.004462,4766.5,78.86,4.13,2.09,62.2,12.28,1497.6,22.57,NORMAL,NONE
2026-08-23T18:42:30.004462,4824.2,79.33,4.32,1.99,71.2,12.83,1505.7,22.3,NORMAL,NONE
2026-08-23T18:42:31.004462,4781.9,79.9,4.22,1.97,64.7,12.48,1499.2,21.93,NORMAL,NONE
2026-08-23T18:42:32.004462,4836.8,77.43,4.23,2.14,66.6,12.72,1494.7,21.84,NORMAL,NONE
2026-08-23T18:42:33.004462,4820.9,76.72,4.16,2.13,64.7,12.32,1483.1,22.0,NORMAL,NONE
2026-08-23T18:42:34.004462,4812.2,77.72,4.22,2.2,66.4,12.67,1502.0,22.99,NORMAL,NONE
2026-08-23T18:42:35.004462,4768.8,78.93,4.15,1.96,66.3,12.53,1474.8,22.53,NORMAL,NONE
2026-08-23T18:42:36.004462,4818.1,76.9,4.2,2.05,67.6,12.96,1491.9,21.54,NORMAL,NONE
2026-08-23T18:42:37.004462,4769.3,77.81,4.2,1.68,65.9,12.14,1496.9,22.35,NORMAL,NONE
2026-08-23T18:42:38.004462,4765.7,77.75,4.08,1.91,61.8,12.7,1473.3,21.36,NORMAL,NONE
2026-08-23T18:42:39.004462,4808.5,76.78,4.29,2.03,65.4,12.63,1480.3,22.26,NORMAL,NONE
2026-08-23T18:42:40.004462,4842.5,77.51,4.07,1.92,60.7,12.65,1508.9,22.78,NORMAL,NONE
2026-08-23T18:42:41.004462,4767.1,76.84,4.07,1.81,70.5,12.53,1492.7,21.57,NORMAL,NONE
2026-08-23T18:42:42.004462,4816.0,76.88,4.18,2.19,65.4,12.12,1486.0,22.14,NORMAL,NONE
2026-08-23T18:42:43.004462,4789.4,78.21,4.27,2.05,64.5,12.17,1495.9,22.03,NORMAL,NONE
2026-08-23T18:42:44.004462,4825.7,77.89,4.12,2.3,62.8,13.17,1498.7,21.62,NORMAL,NONE
2026-08-23T18:42:45.004462,4793.0,77.44,4.28,1.87,62.6,11.94,1495.0,22.17,NORMAL,NONE
2026-08-23T18:42:46.004462,4784.5,77.02,4.07,2.13,65.3,12.68,1482.8,21.61,NORMAL,NONE
2026-08-23T18:42:47.004462,4781.8,78.1,4.07,2.18,65.0,12.3,1491.7,21.41,NORMAL,NONE
2026-08-23T18:42:48.004462,4835.1,77.66,4.12,1.89,66.5,12.13,1501.2,22.49,NORMAL,NONE
2026-08-23T18:42:49.004462,4776.2,77.48,4.31,2.32,65.4,12.3,1494.7,22.26,NORMAL,NONE
2026-08-23T18:42:50.004462,4833.1,77.98,4.31,2.19,64.7,12.46,1498.0,22.27,NORMAL,NONE
2026-08-23T18:42:51.004462,4752.0,77.34,4.16,1.98,63.9,12.33,1481.0,21.37,NORMAL,NONE
2026-08-23T18:42:52.004462,4788.8,76.67,4.25,2.2,67.7,13.2,1505.6,21.85,NORMAL,NONE
2026-08-23T18:42:53.004462,4723.2,76.91,4.2,2.01,61.9,12.14,1509.1,21.7,NORMAL,NONE
2026-08-23T18:42:54.004462,4760.5,77.75,4.18,2.07,68.0,12.22,1509.0,22.47,NORMAL,NONE
2026-08-23T18:42:55.004462,4786.8,78.3,4.16,2.03,67.8,13.16,1517.6,21.3,NORMAL,NONE
2026-08-23T18:42:56.004462,4798.5,77.16,4.12,2.18,62.2,11.99,1500.4,21.38,NORMAL,NONE
2026-08-23T18:42:57.004462,4753.8,76.54,4.14,2.05,58.6,12.36,1492.5,21.73,NORMAL,NONE
2026-08-23T18:42:58.004462,4763.3,76.46,4.13,1.78,69.8,12.66,1527.9,21.65,NORMAL,NONE
2026-08-23T18:42:59.004462,4796.1,77.67,4.19,1.96,65.8,12.5,1482.1,22.78,NORMAL,NONE
2026-08-23T18:43:00.004462,4812.3,78.55,4.26,2.25,64.5,12.43,1484.3,21.55,NORMAL,NONE
2026-08-23T18:43:01.004462,4743.2,76.53,4.16,1.84,62.4,12.23,1502.6,23.33,NORMAL,NONE
2026-08-23T18:43:02.004462,4801.1,78.48,4.18,2.08,68.0,12.3,1489.4,22.31,NORMAL,NONE
2026-08-23T18:43:03.004462,4831.6,77.54,4.12,2.06,64.7,12.32,1521.7,22.29,NORMAL,NONE
2026-08-23T18:43:04.004462,4775.4,79.14,4.25,2.02,66.9,13.03,1487.0,21.64,NORMAL,NONE
2026-08-23T18:43:05.004462,4802.1,78.35,4.16,1.94,61.2,12.61,1500.5,21.99,NORMAL,NONE
2026-08-23T18:43:06.004462,4853.3,78.4,4.31,2.1,59.8,12.86,1506.1,21.26,NORMAL,NONE
2026-08-23T18:43:07.004462,4815.6,77.18,4.26,2.09,63.3,12.87,1512.3,23.31,NORMAL,NONE
2026-08-23T18:43:08.004462,4861.8,77.93,4.13,1.84,64.1,12.73,1491.1,21.99,NORMAL,NONE
2026-08-23T18:43:09.004462,4843.0,79.92,4.09,1.91,63.6,12.14,1475.5,22.35,NORMAL,NONE
2026-08-23T18:43:10.004462,4817.4,77.89,4.11,2.07,61.7,12.47,1498.5,21.26,NORMAL,NONE
2026-08-23T18:43:11.004462,4818.1,76.78,4.28,2.4,63.5,11.92,1485.1,23.11,NORMAL,NONE
2026-08-23T18:43:12.004462,4814.8,78.34,4.3,2.06,61.1,13.0,1525.1,22.65,NORMAL,NONE
2026-08-23T18:43:13.004462,4833.3,78.32,4.06,2.11,63.5,12.54,1492.8,21.95,NORMAL,NONE
2026-08-23T18:43:14.004462,4722.9,76.72,4.27,2.08,63.7,12.49,1477.6,22.95,NORMAL,NONE
2026-08-23T18:43:15.004462,4825.7,79.14,4.08,2.0,66.8,12.19,1503.1,20.86,NORMAL,NONE
2026-08-23T18:43:16.004462,4800.4,76.88,4.24,2.25,65.4,12.6,1499.6,22.08,NORMAL,NONE
2026-08-23T18:43:17.004462,4759.2,78.39,4.17,1.91,66.9,12.33,1524.0,22.47,NORMAL,NONE
2026-08-23T18:43:18.004462,4742.4,77.72,4.22,2.08,65.7,12.81,1499.5,22.86,NORMAL,NONE
2026-08-23T18:43:19.004462,4829.1,79.05,4.27,1.95,65.6,11.81,1503.8,21.18,NORMAL,NONE
2026-08-23T18:43:20.004462,4806.8,79.4,4.25,2.04,63.6,12.22,1503.9,22.0,NORMAL,NONE
2026-08-23T18:43:21.004462,4778.7,76.75,4.23,1.85,64.3,11.81,1508.6,22.38,NORMAL,NONE
2026-08-23T18:43:22.004462,4841.1,76.67,4.06,1.89,68.8,12.45,1496.8,22.58,NORMAL,NONE
2026-08-23T18:43:23.004462,4792.1,78.81,4.17,1.99,67.7,12.6,1513.4,22.39,NORMAL,NONE
2026-08-23T18:43:24.004462,4790.3,79.55,4.41,2.15,63.5,12.74,1504.6,20.64,NORMAL,NONE
2026-08-23T18:43:25.004462,4732.5,78.1,4.27,2.06,59.5,12.61,1486.3,22.28,NORMAL,NONE
2026-08-23T18:43:26.004462,4753.8,78.32,4.28,2.09,63.5,12.64,1497.0,21.91,NORMAL,NONE
2026-08-23T18:43:27.004462,4872.4,80.28,4.11,2.22,70.8,12.39,1501.9,21.79,NORMAL,NONE
2026-08-23T18:43:28.004462,4818.0,77.41,4.22,2.0,63.5,12.22,1498.7,22.45,NORMAL,NONE
2026-08-23T18:43:29.004462,4796.7,77.59,4.2,1.88,58.5,12.83,1528.1,21.99,NORMAL,NONE
2026-08-23T18:43:30.004462,4819.1,77.16,4.1,1.83,65.4,12.97,1510.1,22.66,NORMAL,NONE
2026-08-23T18:43:31.004462,4896.6,77.36,4.23,1.92,63.5,12.34,1479.1,22.42,NORMAL,NONE
2026-08-23T18:43:32.004462,4837.0,79.18,4.05,2.06,60.2,12.16,1525.4,21.7,NORMAL,NONE
2026-08-23T18:43:33.004462,4795.6,77.55,4.21,2.05,63.1,12.41,1493.8,22.45,NORMAL,NONE
2026-08-23T18:43:34.004462,4815.7,78.73,4.17,2.3,65.2,12.65,1507.9,21.91,NORMAL,NONE
2026-08-23T18:43:35.004462,4833.7,77.6,4.11,1.89,68.0,12.29,1513.5,22.29,NORMAL,NONE
2026-08-23T18:43:36.004462,4774.1,79.04,3.99,1.9,62.6,12.47,1486.8,21.95,NORMAL,NONE
2026-08-23T18:43:37.004462,4810.9,78.37,4.18,1.93,65.4,12.75,1471.2,22.51,NORMAL,NONE
2026-08-23T18:43:38.004462,4795.2,79.4,4.09,1.79,60.6,11.97,1495.2,22.06,NORMAL,NONE
2026-08-23T18:43:39.004462,4799.2,77.99,4.26,1.96,60.7,12.5,1510.8,22.31,NORMAL,NONE
2026-08-23T18:43:40.004462,4733.7,79.84,4.29,2.22,62.7,12.08,1506.2,21.46,NORMAL,NONE
2026-08-23T18:43:41.004462,4848.8,77.68,4.18,2.04,67.6,12.74,1497.4,21.8,NORMAL,NONE
2026-08-23T18:43:42.004462,4860.2,78.61,4.21,2.01,58.1,12.03,1471.1,21.16,NORMAL,NONE
2026-08-23T18:43:43.004462,4807.6,79.58,4.12,1.95,61.0,12.27,1512.4,22.62,NORMAL,NONE
2026-08-23T18:43:44.004462,4807.5,77.72,4.38,2.06,63.3,12.22,1522.9,22.17,NORMAL,NONE
2026-08-23T18:43:45.004462,4811.2,77.06,4.12,1.8,68.6,12.59,1508.3,22.63,NORMAL,NONE
2026-08-23T18:43:46.004462,4796.0,78.49,4.15,1.96,62.1,12.31,1500.8,21.62,NORMAL,NONE
2026-08-23T18:43:47.004462,4835.9,77.1,4.25,1.79,66.5,12.66,1491.7,22.46,NORMAL,NONE
2026-08-23T18:43:48.004462,4760.5,79.39,4.2,1.98,69.3,12.27,1474.0,21.59,NORMAL,NONE
2026-08-23T18:43:49.004462,4850.1,78.11,4.2,1.68,63.0,13.21,1468.9,20.96,NORMAL,NONE
2026-08-23T18:43:50.004462,4718.0,77.32,4.12,1.92,68.0,12.15,1483.3,21.81,NORMAL,NONE
2026-08-23T18:43:51.004462,4763.8,78.16,4.1,2.12,69.5,12.82,1503.6,21.68,NORMAL,NONE
2026-08-23T18:43:52.004462,4783.9,76.7,4.18,1.97,67.1,12.49,1531.6,20.94,NORMAL,NONE
2026-08-23T18:43:53.004462,4809.7,77.06,4.22,2.02,65.5,11.89,1518.4,21.44,NORMAL,NONE
2026-08-23T18:43:54.004462,4785.9,80.01,4.09,1.89,69.7,12.85,1490.3,22.46,NORMAL,NONE
2026-08-23T18:43:55.004462,4794.6,76.97,4.15,1.69,65.6,12.47,1499.8,20.59,NORMAL,NONE
2026-08-23T18:43:56.004462,4839.3,76.89,4.21,2.06,60.9,12.21,1497.4,21.93,NORMAL,NONE
2026-08-23T18:43:57.004462,4828.5,79.83,4.27,2.06,64.6,12.81,1527.6,21.5,NORMAL,NONE
2026-08-23T18:43:58.004462,4785.5,78.11,4.21,2.04,60.1,12.8,1491.3,22.12,NORMAL,NONE
2026-08-23T18:43:59.004462,4806.3,78.41,4.17,1.87,69.0,12.29,1481.2,21.88,NORMAL,NONE
2026-08-23T18:44:00.004462,4832.3,78.04,4.19,2.03,68.2,12.48,1484.7,22.55,NORMAL,NONE
2026-08-23T18:44:01.004462,4819.0,76.99,4.17,1.76,68.8,12.81,1502.4,20.98,NORMAL,NONE
2026-08-23T18:44:02.004462,4809.2,78.89,4.09,2.1,65.2,12.4,1510.8,22.24,NORMAL,NONE
2026-08-23T18:44:03.004462,4868.8,77.43,4.18,2.05,63.9,12.8,1510.1,22.56,NORMAL,NONE
2026-08-23T18:44:04.004462,4774.0,77.86,4.27,1.97,61.8,12.27,1458.3,22.88,NORMAL,NONE
2026-08-23T18:44:05.004462,4778.3,77.19,4.13,1.94,64.4,12.78,1504.2,21.76,NORMAL,NONE
2026-08-23T18:44:06.004462,4767.3,77.8,4.22,1.95,62.2,12.52,1477.9,22.56,NORMAL,NONE
2026-08-23T18:44:07.004462,4791.0,77.64,4.38,1.94,66.6,12.56,1466.4,21.38,NORMAL,NONE
2026-08-23T18:44:08.004462,4806.1,78.35,4.16,2.06,62.8,12.68,1492.1,21.84,NORMAL,NONE
2026-08-23T18:44:09.004462,4722.5,79.28,4.21,2.25,62.1,12.79,1526.8,22.05,NORMAL,NONE
2026-08-23T18:44:10.004462,4789.0,77.22,4.21,1.88,66.8,12.4,1500.3,21.86,NORMAL,NONE
2026-08-23T18:44:11.004462,4802.6,77.51,4.19,1.96,62.9,12.22,1479.3,22.06,NORMAL,NONE
2026-08-23T18:44:12.004462,4809.1,79.49,4.18,2.03,72.1,12.41,1517.0,22.16,NORMAL,NONE
2026-08-23T18:44:13.004462,4785.1,77.47,4.17,1.94,65.1,12.56,1470.2,20.96,NORMAL,NONE
2026-08-23T18:44:14.004462,4768.3,78.54,4.18,2.07,63.0,12.91,1491.0,21.68,NORMAL,NONE
2026-08-23T18:44:15.004462,4723.2,78.58,4.29,2.29,64.5,12.16,1526.7,21.57,NORMAL,NONE
2026-08-23T18:44:16.004462,4821.1,79.29,4.07,2.15,67.8,12.73,1524.1,22.23,NORMAL,NONE
2026-08-23T18:44:17.004462,4810.6,79.24,4.15,1.74,62.6,12.63,1528.0,21.41,NORMAL,NONE
2026-08-23T18:44:18.004462,4731.1,79.23,4.25,1.94,65.3,12.46,1495.3,22.05,NORMAL,NONE
2026-08-23T18:44:19.004462,4735.1,77.28,4.17,1.82,66.8,12.54,1521.1,21.78,NORMAL,NONE
2026-08-23T18:44:20.004462,4794.1,78.04,4.05,1.91,65.6,12.87,1478.5,21.95,NORMAL,NONE
2026-08-23T18:44:21.004462,4737.1,76.97,4.32,1.96,64.2,12.16,1487.9,22.69,NORMAL,NONE
2026-08-23T18:44:22.004462,4807.0,78.73,4.11,1.74,66.3,12.72,1509.0,22.16,NORMAL,NONE
2026-08-23T18:44:23.004462,4814.5,77.84,4.2,1.74,64.9,12.78,1512.6,22.51,NORMAL,NONE
2026-08-23T18:44:24.004462,4801.1,78.39,4.15,1.98,68.5,12.64,1549.3,22.46,NORMAL,NONE
2026-08-23T18:44:25.004462,4750.2,77.54,4.12,2.02,63.8,12.42,1492.8,21.04,NORMAL,NONE
2026-08-23T18:44:26.004462,4733.8,77.96,4.2,1.78,64.7,12.99,1494.2,22.88,NORMAL,NONE
2026-08-23T18:44:27.004462,4786.1,79.14,4.09,1.99,65.8,12.57,1510.6,21.75,NORMAL,NONE
2026-08-23T18:44:28.004462,4857.0,77.85,4.13,2.14,61.9,11.42,1521.6,21.22,NORMAL,NONE
2026-08-23T18:44:29.004462,4866.1,77.99,4.14,2.0,66.6,12.33,1481.2,22.37,NORMAL,NONE
2026-08-23T18:44:30.004462,4809.1,78.43,4.18,1.84,64.2,12.0,1513.8,21.95,NORMAL,NONE
2026-08-23T18:44:31.004462,4825.4,78.59,4.25,1.98,64.7,12.17,1508.7,21.05,NORMAL,NONE
2026-08-23T18:44:32.004462,4748.5,78.01,4.18,2.06,66.8,12.63,1501.7,23.23,NORMAL,NONE
2026-08-23T18:44:33.004462,4873.4,78.53,4.42,2.17,64.0,12.27,1482.4,21.43,NORMAL,NONE
2026-08-23T18:44:34.004462,4810.8,77.51,4.32,1.88,66.0,12.44,1524.0,21.66,NORMAL,NONE
2026-08-23T18:44:35.004462,4830.5,79.53,4.18,1.84,64.0,12.29,1508.1,22.43,NORMAL,NONE
2026-08-23T18:44:36.004462,4815.4,77.49,4.21,2.17,59.9,12.05,1490.6,21.74,NORMAL,NONE
2026-08-23T18:44:37.004462,4773.0,79.34,4.37,1.84,62.8,12.39,1505.6,21.73,NORMAL,NONE
2026-08-23T18:44:38.004462,4826.0,77.51,4.21,2.03,62.4,12.61,1494.0,21.03,NORMAL,NONE
2026-08-23T18:44:39.004462,4715.6,79.03,4.28,2.0,65.5,12.6,1499.0,22.45,NORMAL,NONE
2026-08-23T18:44:40.004462,4834.1,77.95,4.31,2.3,61.5,12.24,1506.2,21.48,NORMAL,NONE
2026-08-23T18:44:41.004462,4809.4,76.64,4.21,2.01,65.1,12.45,1502.1,21.53,NORMAL,NONE
2026-08-23T18:44:42.004462,4810.3,77.85,4.37,2.1,66.6,12.99,1506.9,22.61,NORMAL,NONE
2026-08-23T18:44:43.004462,4815.7,79.17,4.19,1.81,66.7,12.3,1479.8,21.8,NORMAL,NONE
2026-08-23T18:44:44.004462,4852.0,77.31,4.29,2.02,67.6,12.52,1511.6,21.73,NORMAL,NONE
2026-08-23T18:44:45.004462,4723.0,79.2,4.19,1.93,69.4,12.46,1520.1,21.35,NORMAL,NONE
2026-08-23T18:44:46.004462,4824.1,77.98,4.21,2.01,64.9,12.5,1500.3,21.73,NORMAL,NONE
2026-08-23T18:44:47.004462,4808.7,77.18,4.17,2.01,65.1,12.51,1496.6,21.92,NORMAL,NONE
2026-08-23T18:44:48.004462,4829.5,78.66,4.3,1.96,62.8,12.37,1503.2,22.0,NORMAL,NONE
2026-08-23T18:44:49.004462,4688.3,77.45,4.16,1.91,60.0,13.07,1507.4,23.05,NORMAL,NONE
2026-08-23T18:44:50.004462,4742.3,78.69,4.17,2.0,68.8,12.9,1484.7,21.49,NORMAL,NONE
2026-08-23T18:44:51.004462,4872.1,77.25,4.05,2.22,60.9,12.51,1513.7,22.63,NORMAL,NONE
2026-08-23T18:44:52.004462,4800.0,78.35,4.17,1.99,72.6,12.18,1500.1,21.71,NORMAL,NONE
2026-08-23T18:44:53.004462,4761.4,78.08,4.3,1.84,63.3,13.07,1506.0,22.37,NORMAL,NONE
2026-08-23T18:44:54.004462,4829.4,78.14,4.2,1.94,63.5,13.03,1528.7,22.68,NORMAL,NONE
2026-08-23T18:44:55.004462,4812.4,79.67,4.14,2.13,63.3,12.84,1484.9,22.18,NORMAL,NONE
2026-08-23T18:44:56.004462,4780.8,77.92,4.15,1.93,62.1,12.56,1511.1,22.26,NORMAL,NONE
2026-08-23T18:44:57.004462,4795.9,77.9,4.28,2.3,64.3,12.53,1497.4,21.24,NORMAL,NONE
2026-08-23T18:44:58.004462,4790.7,77.84,4.22,2.0,63.1,12.23,1510.1,21.49,NORMAL,NONE
2026-08-23T18:44:59.004462,4739.5,78.47,4.31,2.11,67.7,12.33,1484.1,22.03,NORMAL,NONE
2026-08-23T18:45:00.004462,4756.4,78.88,4.08,1.9,64.1,12.39,1501.9,21.37,NORMAL,NONE
2026-08-23T18:45:01.004462,4852.6,79.93,4.23,2.24,62.3,12.9,1495.5,21.82,NORMAL,NONE
2026-08-23T18:45:02.004462,4752.4,77.18,4.01,2.02,69.3,12.6,1514.3,22.34,NORMAL,NONE
2026-08-23T18:45:03.004462,4843.8,79.66,4.16,2.11,66.6,12.87,1504.7,22.68,NORMAL,NONE
2026-08-23T18:45:04.004462,4781.4,77.88,4.22,2.06,69.4,12.63,1479.0,21.91,NORMAL,NONE
2026-08-23T18:45:05.004462,4735.0,77.07,4.12,1.68,62.8,12.06,1493.0,21.91,NORMAL,NONE
2026-08-23T18:45:06.004462,4771.9,77.73,4.11,2.1,66.3,12.73,1508.7,21.05,NORMAL,NONE
2026-08-23T18:45:07.004462,4800.8,77.39,4.09,2.22,67.7,12.15,1526.3,21.38,NORMAL,NONE
2026-08-23T18:45:08.004462,4823.4,75.79,4.06,2.15,67.2,12.83,1487.9,21.59,NORMAL,NONE
2026-08-23T18:45:09.004462,4792.9,79.42,4.1,1.99,65.1,12.15,1475.1,22.09,NORMAL,NONE
2026-08-23T18:45:10.004462,4846.4,76.79,4.27,1.8,67.3,12.47,1505.9,22.23,NORMAL,NONE
2026-08-23T18:45:11.004462,4794.2,77.58,4.36,2.11,64.1,12.46,1483.2,22.01,NORMAL,NONE
2026-08-23T18:45:12.004462,4846.0,78.18,4.17,2.24,59.3,12.58,1492.1,22.66,NORMAL,NONE
2026-08-23T18:45:13.004462,4858.0,76.08,4.22,2.47,72.1,12.83,1497.6,21.6,NORMAL,NONE
2026-08-23T18:45:14.004462,4805.2,77.56,4.2,1.92,63.9,12.64,1498.0,20.64,NORMAL,NONE
2026-08-23T18:45:15.004462,4908.9,80.11,4.22,2.1,64.4,12.44,1484.8,22.89,NORMAL,NONE
2026-08-23T18:45:16.004462,4772.6,78.66,4.1,1.85,65.1,12.16,1494.5,21.59,NORMAL,NONE
2026-08-23T18:45:17.004462,4801.4,77.81,4.16,1.99,70.6,12.57,1500.3,22.83,NORMAL,NONE
2026-08-23T18:45:18.004462,4860.3,77.84,4.16,1.49,60.0,11.9,1477.2,22.75,NORMAL,NONE
2026-08-23T18:45:19.004462,4685.0,77.55,4.22,2.1,63.0,12.98,1495.7,21.11,NORMAL,NONE
2026-08-23T18:45:20.004462,4796.9,78.99,4.14,2.26,66.4,12.93,1491.5,22.07,NORMAL,NONE
2026-08-23T18:45:21.004462,4775.1,78.61,4.21,2.17,63.9,11.7,1513.5,21.89,NORMAL,NONE
2026-08-23T18:45:22.004462,4841.1,76.13,4.15,2.14,62.9,12.09,1491.9,21.49,NORMAL,NONE
2026-08-23T18:45:23.004462,4794.6,77.67,4.17,2.02,71.6,12.17,1505.4,22.29,NORMAL,NONE
2026-08-23T18:45:24.004462,4817.7,78.72,4.05,2.22,66.5,12.88,1521.2,22.06,NORMAL,NONE
2026-08-23T18:45:25.004462,4798.4,77.22,4.17,1.98,67.5,12.33,1462.8,21.42,NORMAL,NONE
2026-08-23T18:45:26.004462,4825.7,78.16,3.98,2.07,65.6,12.76,1482.1,22.05,NORMAL,NONE
2026-08-23T18:45:27.004462,4792.2,77.24,4.24,2.13,69.1,12.06,1504.1,21.67,NORMAL,NONE
2026-08-23T18:45:28.004462,4763.8,78.6,4.18,1.86,66.9,12.5,1495.8,22.19,NORMAL,NONE
2026-08-23T18:45:29.004462,4843.9,78.26,4.24,2.21,63.2,12.91,1489.8,21.99,NORMAL,NONE
2026-08-23T18:45:30.004462,4828.0,75.97,4.1,1.97,64.7,13.24,1501.5,22.07,NORMAL,NONE
2026-08-23T18:45:31.004462,4803.4,76.23,4.15,1.94,65.7,12.65,1507.2,22.45,NORMAL,NONE
2026-08-23T18:45:32.004462,4798.3,77.98,4.07,1.86,67.7,11.87,1500.7,21.65,NORMAL,NONE
2026-08-23T18:45:33.004462,4857.5,78.79,4.03,2.07,68.3,13.11,1502.9,21.98,NORMAL,NONE
2026-08-23T18:45:34.004462,4733.7,78.99,4.11,1.9,65.6,12.62,1475.3,21.59,NORMAL,NONE
2026-08-23T18:45:35.004462,4793.0,77.35,4.19,2.0,68.1,11.86,1501.0,21.38,NORMAL,NONE
2026-08-23T18:45:36.004462,4814.9,79.11,4.11,2.12,63.8,11.74,1488.4,22.4,NORMAL,NONE
2026-08-23T18:45:37.004462,4786.1,78.05,4.14,2.2,65.0,12.66,1491.4,22.22,NORMAL,NONE
2026-08-23T18:45:38.004462,4788.2,78.91,4.25,1.92,64.7,12.33,1480.1,21.83,NORMAL,NONE
2026-08-23T18:45:39.004462,4759.2,78.15,4.2,1.98,63.2,12.32,1515.3,22.17,NORMAL,NONE
2026-08-23T18:45:40.004462,4791.9,78.1,4.19,2.11,67.8,12.87,1485.2,22.38,NORMAL,NONE
2026-08-23T18:45:41.004462,4780.5,76.39,4.21,1.86,60.9,12.53,1493.9,22.12,NORMAL,NONE
2026-08-23T18:45:42.004462,4821.4,78.3,4.4,2.03,68.2,12.68,1491.3,21.86,NORMAL,NONE
2026-08-23T18:45:43.004462,4749.8,77.78,4.24,1.95,66.2,12.48,1500.8,22.02,NORMAL,NONE
2026-08-23T18:45:44.004462,4805.1,77.06,4.19,1.8,66.4,12.67,1482.5,23.12,NORMAL,NONE
2026-08-23T18:45:45.004462,4840.0,77.28,4.13,1.86,68.0,12.38,1470.5,21.46,NORMAL,NONE
2026-08-23T18:45:46.004462,4807.7,78.27,4.25,1.96,57.9,12.54,1504.9,22.48,NORMAL,NONE
2026-08-23T18:45:47.004462,4773.3,78.98,4.31,1.8,65.4,12.69,1498.1,21.94,NORMAL,NONE
2026-08-23T18:45:48.004462,4826.1,78.97,4.18,1.83,64.8,12.65,1512.5,22.2,NORMAL,NONE
2026-08-23T18:45:49.004462,4813.3,79.0,4.15,2.06,58.3,12.42,1497.2,22.09,NORMAL,NONE
2026-08-23T18:45:50.004462,4799.9,77.35,4.09,2.14,64.2,12.96,1510.4,22.69,NORMAL,NONE
2026-08-23T18:45:51.004462,4764.8,79.22,4.3,1.98,62.8,12.73,1494.8,22.19,NORMAL,NONE
2026-08-23T18:45:52.004462,4826.1,78.23,4.14,1.91,61.3,12.36,1511.3,21.84,NORMAL,NONE
2026-08-23T18:45:53.004462,4761.0,77.62,4.25,1.9,66.3,12.37,1505.8,22.43,NORMAL,NONE
2026-08-23T18:45:54.004462,4783.2,76.95,4.11,1.84,65.9,12.75,1513.8,21.32,NORMAL,NONE
2026-08-23T18:45:55.004462,4723.0,78.93,4.12,2.06,66.8,12.6,1503.2,22.09,NORMAL,NONE
2026-08-23T18:45:56.004462,4802.5,77.92,4.23,1.68,65.3,12.91,1495.1,21.7,NORMAL,NONE
2026-08-23T18:45:57.004462,4804.7,77.79,4.21,1.79,64.5,12.35,1461.2,22.42,NORMAL,NONE
2026-08-23T18:45:58.004462,4765.7,79.58,4.21,1.95,63.9,12.82,1510.6,22.55,NORMAL,NONE
2026-08-23T18:45:59.004462,4808.3,78.81,4.11,1.9,64.4,12.74,1465.0,21.61,NORMAL,NONE
2026-08-23T18:46:00.004462,4818.3,77.62,4.09,1.97,74.1,12.24,1495.2,22.48,NORMAL,NONE
2026-08-23T18:46:01.004462,4802.7,78.6,4.31,2.4,62.8,12.44,1501.7,22.28,NORMAL,NONE
2026-08-23T18:46:02.004462,4795.5,77.62,4.25,1.79,66.9,12.67,1515.3,22.03,NORMAL,NONE
2026-08-23T18:46:03.004462,4877.8,77.7,4.3,2.07,67.0,12.72,1507.8,21.74,NORMAL,NONE
2026-08-23T18:46:04.004462,4744.0,78.26,4.23,2.4,61.9,12.45,1481.3,22.16,NORMAL,NONE
2026-08-23T18:46:05.004462,4788.8,79.4,4.05,1.98,66.3,12.41,1480.5,21.87,NORMAL,NONE
2026-08-23T18:46:06.004462,4750.1,77.85,4.21,2.04,67.6,12.23,1462.5,20.94,NORMAL,NONE
2026-08-23T18:46:07.004462,4761.9,79.86,4.12,1.82,66.8,12.5,1505.7,21.45,NORMAL,NONE
2026-08-23T18:46:08.004462,4829.9,77.9,4.22,2.17,66.1,12.22,1494.1,21.04,NORMAL,NONE
2026-08-23T18:46:09.004462,4805.0,78.27,4.29,2.04,66.9,12.68,1512.7,21.47,NORMAL,NONE
2026-08-23T18:46:10.004462,4811.0,77.12,4.24,2.32,66.3,12.71,1516.5,21.39,NORMAL,NONE
2026-08-23T18:46:11.004462,4792.9,78.21,4.21,2.09,63.7,12.34,1515.0,22.04,NORMAL,NONE
2026-08-23T18:46:12.004462,4858.5,77.57,4.32,1.81,61.5,12.24,1500.0,21.09,NORMAL,NONE
2026-08-23T18:46:13.004462,4808.1,77.72,4.04,2.2,65.9,12.21,1496.7,22.31,NORMAL,NONE
2026-08-23T18:46:14.004462,4741.1,76.72,4.22,2.01,62.1,12.58,1472.7,21.73,NORMAL,NONE
2026-08-23T18:46:15.004462,4817.4,76.17,4.09,1.86,68.9,12.27,1516.4,22.65,NORMAL,NONE
2026-08-23T18:46:16.004462,4779.1,76.33,4.15,1.9,64.6,12.54,1462.3,22.26,NORMAL,NONE
2026-08-23T18:46:17.004462,4875.5,78.19,4.26,1.96,60.3,12.82,1493.2,21.82,NORMAL,NONE
2026-08-23T18:46:18.004462,4823.1,78.3,4.25,1.83,69.2,12.3,1508.4,21.61,NORMAL,NONE
2026-08-23T18:46:19.004462,4795.0,77.31,4.29,2.11,71.3,11.69,1480.5,22.93,NORMAL,NONE
2026-08-23T18:46:20.004462,4842.0,77.99,4.1,2.12,69.9,12.75,1485.5,21.48,NORMAL,NONE
2026-08-23T18:46:21.004462,4836.9,77.01,4.18,2.09,67.8,12.44,1493.5,21.57,NORMAL,NONE
2026-08-23T18:46:22.004462,4835.6,80.59,4.16,2.17,71.3,12.13,1508.2,22.17,NORMAL,NONE
2026-08-23T18:46:23.004462,4750.2,78.42,4.22,2.13,59.8,12.71,1494.5,22.57,NORMAL,NONE
2026-08-23T18:46:24.004462,4845.9,78.55,4.25,2.1,60.0,12.93,1495.9,21.75,NORMAL,NONE
2026-08-23T18:46:25.004462,4798.7,78.75,4.18,1.86,61.3,12.17,1494.4,22.56,NORMAL,NONE
2026-08-23T18:46:26.004462,4820.6,77.24,4.25,1.99,59.5,12.51,1514.6,22.1,NORMAL,NONE
2026-08-23T18:46:27.004462,4784.9,77.0,4.23,1.95,66.8,12.24,1507.6,21.53,NORMAL,NONE
2026-08-23T18:46:28.004462,4789.2,78.24,4.25,2.21,65.4,12.69,1497.0,21.13,NORMAL,NONE
2026-08-23T18:46:29.004462,4807.4,78.97,4.17,1.87,63.6,12.4,1481.7,20.97,NORMAL,NONE
2026-08-23T18:46:30.004462,4809.9,77.27,4.2,2.27,65.8,12.41,1510.0,21.95,NORMAL,NONE
2026-08-23T18:46:31.004462,4737.5,78.65,4.25,1.9,68.0,12.39,1508.2,22.16,NORMAL,NONE
2026-08-23T18:46:32.004462,4828.4,77.82,4.11,2.22,58.1,12.16,1503.4,21.72,NORMAL,NONE
2026-08-23T18:46:33.004462,4734.1,78.5,4.2,1.58,67.3,12.54,1497.6,22.22,NORMAL,NONE
2026-08-23T18:46:34.004462,4821.5,77.59,4.14,2.02,70.1,12.59,1508.8,21.52,NORMAL,NONE
2026-08-23T18:46:35.004462,4745.4,78.43,4.13,2.06,66.2,12.46,1516.2,21.5,NORMAL,NONE
2026-08-23T18:46:36.004462,4785.0,78.28,4.28,1.79,63.2,12.74,1465.3,22.09,NORMAL,NONE
2026-08-23T18:46:37.004462,4753.8,76.54,4.23,2.08,65.0,12.45,1523.9,21.98,NORMAL,NONE
2026-08-23T18:46:38.004462,4839.7,77.41,4.11,2.26,66.7,12.61,1493.1,21.34,NORMAL,NONE
2026-08-23T18:46:39.004462,4730.3,77.45,4.2,2.24,69.3,12.8,1515.1,21.88,NORMAL,NONE
2026-08-23T18:46:40.004462,4828.9,76.95,4.25,2.14,65.4,12.76,1476.7,21.73,NORMAL,NONE
2026-08-23T18:46:41.004462,4834.7,78.9,4.1,2.15,69.2,11.64,1502.5,21.89,NORMAL,NONE
2026-08-23T18:46:42.004462,4797.5,77.74,4.27,1.95,68.2,12.59,1497.4,21.46,NORMAL,NONE
2026-08-23T18:46:43.004462,4749.9,77.97,4.09,2.14,65.0,12.62,1524.4,21.68,NORMAL,NONE
2026-08-23T18:46:44.004462,4776.5,79.34,4.31,2.07,64.1,12.69,1490.1,22.16,NORMAL,NONE
2026-08-23T18:46:45.004462,4799.2,78.1,4.22,2.15,64.0,12.79,1479.9,22.05,NORMAL,NONE
2026-08-23T18:46:46.004462,4801.1,77.82,4.03,2.11,60.2,12.74,1502.9,22.47,NORMAL,NONE
2026-08-23T18:46:47.004462,4709.7,78.94,4.12,1.77,61.0,12.36,1510.3,22.05,NORMAL,NONE
2026-08-23T18:46:48.004462,4799.4,77.03,4.32,2.06,68.9,12.67,1528.6,22.61,NORMAL,NONE
2026-08-23T18:46:49.004462,4802.3,78.43,4.25,2.1,64.6,12.86,1497.8,21.96,NORMAL,NONE
2026-08-23T18:46:50.004462,4802.7,77.19,4.29,2.15,63.9,13.06,1514.8,21.7,NORMAL,NONE
2026-08-23T18:46:51.004462,4747.2,77.69,4.24,2.23,66.9,12.84,1536.2,21.93,NORMAL,NONE
2026-08-23T18:46:52.004462,4869.2,78.81,4.17,2.31,66.8,12.41,1480.7,22.57,NORMAL,NONE
2026-08-23T18:46:53.004462,4743.6,79.52,4.13,2.14,68.4,12.86,1511.9,22.62,NORMAL,NONE
2026-08-23T18:46:54.004462,4821.9,78.01,4.23,2.18,69.8,12.66,1511.6,22.41,NORMAL,NONE
2026-08-23T18:46:55.004462,4832.7,78.56,4.1,2.17,63.7,12.4,1487.4,21.98,NORMAL,NONE
2026-08-23T18:46:56.004462,4742.3,77.27,4.12,2.27,64.1,12.12,1522.0,22.44,NORMAL,NONE
2026-08-23T18:46:57.004462,4748.4,76.21,4.25,2.24,68.0,12.38,1502.7,21.98,NORMAL,NONE
2026-08-23T18:46:58.004462,4826.6,76.36,4.34,1.88,68.4,12.76,1533.6,22.15,NORMAL,NONE
2026-08-23T18:46:59.004462,4730.0,77.42,4.15,1.93,69.8,12.22,1509.6,22.05,NORMAL,NONE
2026-08-23T18:47:00.004462,4841.7,79.98,4.25,2.1,62.7,12.12,1492.7,22.63,NORMAL,NONE
2026-08-23T18:47:01.004462,4802.7,78.31,4.21,2.16,65.2,12.66,1516.8,22.02,NORMAL,NONE
2026-08-23T18:47:02.004462,4702.6,78.12,4.3,2.25,59.9,12.62,1493.2,21.37,NORMAL,NONE
2026-08-23T18:47:03.004462,4753.8,77.08,4.07,2.14,69.1,12.22,1488.0,22.41,NORMAL,NONE
2026-08-23T18:47:04.004462,4835.9,78.04,4.26,2.08,70.6,12.66,1507.6,21.8,NORMAL,NONE
2026-08-23T18:47:05.004462,4787.4,77.32,4.19,1.92,69.0,12.49,1518.9,22.16,NORMAL,NONE
2026-08-23T18:47:06.004462,4782.3,79.06,4.14,1.79,64.3,12.72,1497.0,22.58,NORMAL,NONE
2026-08-23T18:47:07.004462,4778.6,78.52,4.24,1.89,63.6,12.86,1489.6,21.82,NORMAL,NONE
2026-08-23T18:47:08.004462,4786.4,77.76,4.01,2.01,70.0,12.4,1486.8,22.45,NORMAL,NONE
2026-08-23T18:47:09.004462,4755.6,77.43,4.05,1.8,58.2,12.6,1488.5,22.84,NORMAL,NONE
2026-08-23T18:47:10.004462,4771.8,77.92,4.35,1.82,62.7,12.8,1490.8,21.98,NORMAL,NONE
2026-08-23T18:47:11.004462,4844.5,77.12,4.21,1.8,65.2,12.57,1493.6,21.76,NORMAL,NONE
2026-08-23T18:47:12.004462,4765.3,78.23,4.24,1.89,65.9,12.7,1484.9,22.28,NORMAL,NONE
2026-08-23T18:47:13.004462,4779.4,77.97,4.19,1.99,59.0,12.63,1492.1,21.92,NORMAL,NONE
2026-08-23T18:47:14.004462,4840.8,78.08,4.22,1.89,61.4,13.03,1480.2,22.27,NORMAL,NONE
2026-08-23T18:47:15.004462,4755.5,78.08,4.09,2.01,63.7,12.44,1491.1,22.47,NORMAL,NONE
2026-08-23T18:47:16.004462,4783.8,77.1,4.18,2.03,67.8,12.83,1509.4,22.04,NORMAL,NONE
2026-08-23T18:47:17.004462,4741.7,76.65,4.27,1.93,64.4,12.23,1485.1,21.91,NORMAL,NONE
2026-08-23T18:47:18.004462,4841.4,78.92,4.19,2.02,66.2,12.99,1517.2,22.31,NORMAL,NONE
2026-08-23T18:47:19.004462,4787.9,78.39,4.16,1.94,66.8,13.19,1483.6,21.9,NORMAL,NONE
2026-08-23T18:47:20.004462,4760.3,78.1,4.24,2.01,66.0,12.69,1484.7,23.11,NORMAL,NONE
2026-08-23T18:47:21.004462,4825.1,77.17,4.27,2.16,64.6,12.78,1503.4,22.44,NORMAL,NONE
2026-08-23T18:47:22.004462,4832.6,77.95,4.2,2.03,62.7,12.77,1501.3,21.32,NORMAL,NONE
2026-08-23T18:47:23.004462,4813.3,80.97,4.11,1.93,66.5,12.81,1490.7,21.9,NORMAL,NONE
2026-08-23T18:47:24.004462,4820.6,79.19,4.16,2.16,64.8,12.0,1509.6,22.9,NORMAL,NONE
2026-08-23T18:47:25.004462,4836.4,76.19,4.22,2.21,65.2,12.98,1470.4,21.52,NORMAL,NONE
2026-08-23T18:47:26.004462,4768.7,77.3,4.26,1.84,61.8,12.81,1495.3,21.17,NORMAL,NONE
2026-08-23T18:47:27.004462,4822.0,77.71,4.17,2.06,66.3,12.43,1481.6,21.89,NORMAL,NONE
2026-08-23T18:47:28.004462,4787.5,77.48,4.2,2.06,64.5,12.59,1505.9,22.2,NORMAL,NONE
2026-08-23T18:47:29.004462,4841.9,76.65,4.14,2.09,73.6,12.11,1506.7,21.8,NORMAL,NONE
2026-08-23T18:47:30.004462,4817.4,79.21,4.19,2.15,68.3,12.59,1506.0,21.96,NORMAL,NONE
2026-08-23T18:47:31.004462,4804.2,75.92,4.24,1.92,64.9,12.49,1499.9,21.63,NORMAL,NONE
2026-08-23T18:47:32.004462,4794.5,77.34,4.14,2.02,67.7,12.92,1497.6,22.49,NORMAL,NONE
2026-08-23T18:47:33.004462,4872.3,77.89,4.18,2.04,61.9,12.41,1507.6,22.0,NORMAL,NONE
2026-08-23T18:47:34.004462,4806.8,78.48,4.13,1.82,63.7,12.38,1521.5,22.04,NORMAL,NONE
2026-08-23T18:47:35.004462,4791.3,78.21,4.13,1.86,67.4,12.85,1463.0,22.16,NORMAL,NONE
2026-08-23T18:47:36.004462,4840.0,77.97,4.39,2.26,62.9,12.57,1492.8,21.81,NORMAL,NONE
2026-08-23T18:47:37.004462,4839.9,77.57,4.31,1.96,67.2,13.08,1485.4,22.23,NORMAL,NONE
2026-08-23T18:47:38.004462,4852.5,78.67,4.29,2.24,63.2,12.58,1494.7,22.14,NORMAL,NONE
2026-08-23T18:47:39.004462,4735.6,78.68,4.29,1.64,65.2,12.11,1497.9,22.32,NORMAL,NONE
2026-08-23T18:47:40.004462,4864.7,78.46,4.2,2.18,69.8,12.79,1502.0,21.73,NORMAL,NONE
2026-08-23T18:47:41.004462,4822.0,78.32,4.12,2.01,71.1,12.66,1513.9,21.66,NORMAL,NONE
2026-08-23T18:47:42.004462,4807.1,78.58,4.23,2.29,61.5,12.8,1493.5,21.35,NORMAL,NONE
2026-08-23T18:47:43.004462,4742.6,79.03,4.17,1.71,68.8,12.25,1511.1,22.13,NORMAL,NONE
2026-08-23T18:47:44.004462,4825.9,78.24,4.22,2.2,65.3,12.58,1491.1,22.78,NORMAL,NONE
2026-08-23T18:47:45.004462,4764.7,77.14,4.22,1.99,64.3,12.35,1511.8,22.6,NORMAL,NONE
2026-08-23T18:47:46.004462,4875.8,78.57,4.2,2.1,67.2,12.54,1501.1,22.28,NORMAL,NONE
2026-08-23T18:47:47.004462,4847.3,78.44,4.18,2.02,69.2,12.23,1503.6,22.64,NORMAL,NONE
2026-08-23T18:47:48.004462,4860.4,77.75,4.16,2.34,63.3,12.68,1520.8,22.55,NORMAL,NONE
2026-08-23T18:47:49.004462,4760.0,77.85,4.1,1.93,67.7,12.18,1518.3,22.51,NORMAL,NONE
2026-08-23T18:47:50.004462,4782.0,80.51,4.34,2.08,66.5,12.9,1480.7,21.32,NORMAL,NONE
2026-08-23T18:47:51.004462,4876.6,77.58,4.32,2.07,71.7,12.37,1491.2,22.09,NORMAL,NONE
2026-08-23T18:47:52.004462,4865.3,76.15,4.22,2.07,67.2,12.48,1508.1,22.27,NORMAL,NONE
2026-08-23T18:47:53.004462,4824.9,78.0,4.36,2.11,64.7,12.41,1501.0,22.04,NORMAL,NONE
2026-08-23T18:47:54.004462,4751.5,76.02,4.21,2.0,65.4,12.58,1516.4,22.16,NORMAL,NONE
2026-08-23T18:47:55.004462,4841.6,77.66,4.19,2.17,68.6,11.96,1504.9,21.38,NORMAL,NONE
2026-08-23T18:47:56.004462,4778.4,77.54,4.21,1.85,70.1,12.57,1496.5,21.48,NORMAL,NONE
2026-08-23T18:47:57.004462,4793.5,77.01,4.23,2.08,66.2,12.73,1504.6,22.75,NORMAL,NONE
2026-08-23T18:47:58.004462,4853.6,78.95,4.22,1.98,67.3,12.37,1486.8,21.23,NORMAL,NONE
2026-08-23T18:47:59.004462,4838.0,79.01,4.12,2.2,66.1,12.36,1486.1,22.28,NORMAL,NONE
2026-08-23T18:48:00.004462,4818.4,78.83,4.21,1.88,72.6,12.34,1491.5,22.37,NORMAL,NONE
2026-08-23T18:48:01.004462,4787.1,77.49,4.14,1.94,66.7,12.83,1499.2,22.37,NORMAL,NONE
2026-08-23T18:48:02.004462,4781.7,77.5,4.14,1.8,62.5,12.13,1496.4,22.28,NORMAL,NONE
2026-08-23T18:48:03.004462,4797.6,78.06,4.31,2.02,65.3,11.64,1488.8,20.86,NORMAL,NONE
2026-08-23T18:48:04.004462,4886.8,77.86,4.1,1.6,68.4,12.7,1506.0,22.12,NORMAL,NONE
2026-08-23T18:48:05.004462,4816.1,78.86,4.24,1.93,62.9,12.73,1484.6,21.84,NORMAL,NONE
2026-08-23T18:48:06.004462,4839.7,76.47,4.29,1.91,69.2,12.29,1500.3,21.45,NORMAL,NONE
2026-08-23T18:48:07.004462,4764.6,77.56,4.09,2.25,67.6,12.7,1519.4,22.58,NORMAL,NONE
2026-08-23T18:48:08.004462,4810.5,76.88,4.15,2.02,66.3,12.24,1499.7,21.5,NORMAL,NONE
2026-08-23T18:48:09.004462,4790.0,77.97,4.17,1.99,60.2,12.04,1517.2,22.05,NORMAL,NONE
2026-08-23T18:48:10.004462,4771.0,79.72,4.23,1.93,63.9,12.7,1512.3,22.08,NORMAL,NONE
2026-08-23T18:48:11.004462,4808.2,77.91,4.32,1.99,61.0,12.64,1494.8,22.41,NORMAL,NONE
2026-08-23T18:48:12.004462,4849.3,79.33,4.33,1.93,61.1,12.35,1508.9,21.68,NORMAL,NONE
2026-08-23T18:48:13.004462,4784.7,77.51,4.22,2.0,65.2,12.45,1458.2,21.51,NORMAL,NONE
2026-08-23T18:48:14.004462,4838.2,79.13,4.3,1.99,62.8,12.57,1496.4,22.2,NORMAL,NONE
2026-08-23T18:48:15.004462,4750.0,78.69,4.18,2.02,59.0,11.95,1513.2,21.56,NORMAL,NONE
2026-08-23T18:48:16.004462,4819.7,78.02,4.02,2.28,64.3,12.26,1487.0,22.19,NORMAL,NONE
2026-08-23T18:48:17.004462,4760.1,78.39,4.29,2.1,64.3,12.74,1520.5,22.3,NORMAL,NONE
2026-08-23T18:48:18.004462,4848.3,78.9,4.19,1.82,65.4,11.98,1501.5,21.69,NORMAL,NONE
2026-08-23T18:48:19.004462,4860.3,76.07,4.19,2.0,67.0,11.7,1483.4,21.75,NORMAL,NONE
2026-08-23T18:48:20.004462,4837.1,78.6,4.22,2.14,66.7,12.64,1538.6,21.42,NORMAL,NONE
2026-08-23T18:48:21.004462,4853.3,80.27,4.22,2.11,68.7,12.32,1499.7,22.15,NORMAL,NONE
2026-08-23T18:48:22.004462,4778.5,79.01,4.18,2.02,62.2,12.56,1494.5,22.27,NORMAL,NONE
2026-08-23T18:48:23.004462,4808.9,77.47,4.34,1.84,66.8,12.25,1498.0,22.75,NORMAL,NONE
2026-08-23T18:48:24.004462,4789.8,77.56,4.22,2.24,63.4,12.53,1483.2,21.78,NORMAL,NONE
2026-08-23T18:48:25.004462,4780.3,78.65,4.2,1.91,61.4,12.9,1501.0,22.15,NORMAL,NONE
2026-08-23T18:48:26.004462,4797.8,78.9,4.23,2.11,62.7,12.32,1506.8,22.74,NORMAL,NONE
2026-08-23T18:48:27.004462,4761.7,79.2,4.13,2.01,66.7,12.35,1479.5,22.25,NORMAL,NONE
2026-08-23T18:48:28.004462,4804.2,77.33,4.09,2.18,63.6,12.45,1480.5,22.55,NORMAL,NONE
2026-08-23T18:48:29.004462,4802.3,78.37,4.31,2.05,61.9,12.13,1504.6,21.24,NORMAL,NONE
2026-08-23T18:48:30.004462,4874.3,77.7,4.16,2.24,64.8,12.94,1487.7,21.72,NORMAL,NONE
2026-08-23T18:48:31.004462,4878.1,78.43,4.35,1.95,64.9,12.58,1501.8,21.64,NORMAL,NONE
2026-08-23T18:48:32.004462,4846.5,76.88,4.17,1.88,55.9,12.77,1500.2,21.51,NORMAL,NONE
2026-08-23T18:48:33.004462,4841.3,78.71,4.31,1.92,65.3,11.97,1530.9,21.56,NORMAL,NONE
2026-08-23T18:48:34.004462,4793.2,78.06,4.18,2.02,67.6,12.44,1510.3,22.84,NORMAL,NONE
2026-08-23T18:48:35.004462,4804.1,76.87,4.08,2.03,62.0,12.08,1497.9,21.7,NORMAL,NONE
2026-08-23T18:48:36.004462,4749.1,77.21,4.11,2.24,64.0,12.68,1505.4,22.17,NORMAL,NONE
2026-08-23T18:48:37.004462,4747.8,77.51,4.25,2.11,68.0,12.08,1486.1,22.13,NORMAL,NONE
2026-08-23T18:48:38.004462,4746.3,77.59,4.14,1.78,67.9,12.42,1505.8,21.93,NORMAL,NONE
2026-08-23T18:48:39.004462,4765.1,77.66,4.26,2.13,62.6,12.64,1512.9,22.17,NORMAL,NONE
2026-08-23T18:48:40.004462,4803.6,78.31,4.16,1.9,62.0,12.45,1504.2,21.95,NORMAL,NONE
2026-08-23T18:48:41.004462,4877.4,78.58,4.21,1.71,64.1,12.11,1484.2,22.45,NORMAL,NONE
2026-08-23T18:48:42.004462,4775.0,78.9,4.1,2.2,69.3,12.92,1502.1,21.83,NORMAL,NONE
2026-08-23T18:48:43.004462,4808.7,78.08,4.37,2.22,59.7,12.85,1490.4,21.81,NORMAL,NONE
2026-08-23T18:48:44.004462,4771.1,77.88,4.29,1.99,64.5,12.52,1503.5,21.13,NORMAL,NONE
2026-08-23T18:48:45.004462,4817.2,79.47,4.25,1.9,64.9,13.08,1477.6,20.78,NORMAL,NONE
2026-08-23T18:48:46.004462,4795.8,77.62,4.06,1.93,66.7,12.77,1510.6,21.97,NORMAL,NONE
2026-08-23T18:48:47.004462,4839.0,78.07,4.28,2.07,64.1,12.38,1482.9,22.01,NORMAL,NONE
2026-08-23T18:48:48.004462,4820.1,77.64,4.05,1.88,64.8,12.76,1519.1,21.59,NORMAL,NONE
2026-08-23T18:48:49.004462,4815.0,80.53,4.04,1.79,64.1,12.95,1484.7,22.36,NORMAL,NONE
2026-08-23T18:48:50.004462,4727.3,78.39,4.15,1.97,70.3,11.94,1504.6,21.71,NORMAL,NONE
2026-08-23T18:48:51.004462,4774.4,79.64,4.23,2.02,64.8,12.71,1480.7,22.73,NORMAL,NONE
2026-08-23T18:48:52.004462,4738.4,75.9,4.17,2.01,63.3,12.39,1491.8,22.04,NORMAL,NONE
2026-08-23T18:48:53.004462,4811.2,77.81,4.22,1.9,68.7,12.05,1505.7,22.71,NORMAL,NONE
2026-08-23T18:48:54.004462,4801.3,77.47,4.22,1.84,66.9,12.15,1490.4,22.09,NORMAL,NONE
2026-08-23T18:48:55.004462,4786.7,78.28,4.12,2.18,63.4,12.8,1499.0,22.56,NORMAL,NONE
2026-08-23T18:48:56.004462,4827.6,77.36,4.21,2.06,69.2,12.0,1515.3,21.32,NORMAL,NONE
2026-08-23T18:48:57.004462,4801.2,76.97,4.17,2.33,65.8,12.88,1497.7,22.46,NORMAL,NONE
2026-08-23T18:48:58.004462,4857.2,78.08,4.12,2.31,64.1,12.13,1506.4,22.11,NORMAL,NONE
2026-08-23T18:48:59.004462,4718.2,79.26,4.23,1.99,68.6,11.91,1531.6,22.36,NORMAL,NONE
2026-08-23T18:49:00.004462,4778.1,78.94,4.29,2.01,63.9,12.16,1484.4,21.34,NORMAL,NONE
2026-08-23T18:49:01.004462,4741.1,79.02,4.13,1.81,70.4,12.48,1522.0,22.52,NORMAL,NONE
2026-08-23T18:49:02.004462,4740.6,79.34,4.25,2.12,66.8,12.27,1483.4,21.5,NORMAL,NONE
2026-08-23T18:49:03.004462,4750.4,77.23,4.19,1.83,66.6,12.41,1484.4,21.45,NORMAL,NONE
2026-08-23T18:49:04.004462,4802.8,78.35,4.11,2.18,61.3,12.27,1519.6,21.85,NORMAL,NONE
2026-08-23T18:49:05.004462,4838.9,78.36,4.06,2.05,63.8,11.87,1498.4,22.3,NORMAL,NONE
2026-08-23T18:49:06.004462,4732.0,76.61,4.05,2.07,66.3,12.63,1499.7,21.69,NORMAL,NONE
2026-08-23T18:49:07.004462,4852.4,76.05,4.18,1.82,62.3,12.06,1505.6,21.53,NORMAL,NONE
2026-08-23T18:49:08.004462,4815.8,77.92,4.14,2.12,62.0,12.41,1524.5,22.63,NORMAL,NONE
2026-08-23T18:49:09.004462,4798.0,77.86,4.18,1.82,60.2,12.71,1495.8,22.1,NORMAL,NONE
2026-08-23T18:49:10.004462,4775.2,77.15,4.3,2.07,58.3,12.5,1478.1,22.35,NORMAL,NONE
2026-08-23T18:49:11.004462,4792.1,77.43,4.17,1.97,71.2,12.17,1513.2,22.24,NORMAL,NONE
2026-08-23T18:49:12.004462,4823.8,77.53,4.11,1.85,67.4,12.28,1495.7,21.71,NORMAL,NONE
2026-08-23T18:49:13.004462,4805.0,78.47,4.06,2.14,63.3,12.31,1507.6,21.95,NORMAL,NONE
2026-08-23T18:49:14.004462,4784.4,80.06,4.21,1.99,64.6,12.42,1518.8,21.6,NORMAL,NONE
2026-08-23T18:49:15.004462,4782.2,77.94,4.3,1.85,62.5,12.57,1498.9,22.67,NORMAL,NONE
2026-08-23T18:49:16.004462,4814.3,80.32,4.11,1.75,67.8,12.98,1507.4,21.67,NORMAL,NONE
2026-08-23T18:49:17.004462,4846.8,80.21,4.08,2.04,68.8,12.27,1513.7,22.03,NORMAL,NONE
2026-08-23T18:49:18.004462,4863.2,78.49,4.16,2.16,61.4,12.51,1532.4,22.46,NORMAL,NONE
2026-08-23T18:49:19.004462,4821.3,77.85,4.37,2.11,61.4,12.88,1500.6,22.38,NORMAL,NONE
2026-08-23T18:49:20.004462,4795.6,77.06,4.04,2.02,62.3,12.5,1506.0,21.52,NORMAL,NONE
2026-08-23T18:49:21.004462,4793.1,79.0,4.17,1.98,65.6,12.78,1508.2,22.16,NORMAL,NONE
2026-08-23T18:49:22.004462,4753.4,78.08,4.15,1.88,61.8,12.88,1501.4,22.6,NORMAL,NONE
2026-08-23T18:49:23.004462,4835.4,79.75,4.1,2.04,65.8,12.46,1497.3,21.89,NORMAL,NONE
2026-08-23T18:49:24.004462,4805.0,78.52,4.15,1.95,64.3,12.35,1480.7,22.53,NORMAL,NONE
2026-08-23T18:49:25.004462,4707.6,78.89,4.27,1.89,61.3,12.4,1489.0,20.29,NORMAL,NONE
2026-08-23T18:49:26.004462,4808.5,77.25,4.24,1.84,67.2,11.86,1517.8,21.87,NORMAL,NONE
2026-08-23T18:49:27.004462,4818.3,78.59,4.22,2.14,61.6,12.25,1488.7,22.69,NORMAL,NONE
2026-08-23T18:49:28.004462,4782.5,75.5,4.16,1.99,63.6,12.69,1468.7,22.75,NORMAL,NONE
2026-08-23T18:49:29.004462,4753.8,78.3,4.14,2.05,62.0,11.96,1504.1,21.55,NORMAL,NONE
2026-08-23T18:49:30.004462,4826.0,77.7,4.33,2.07,69.3,12.63,1492.9,21.69,NORMAL,NONE
2026-08-23T18:49:31.004462,4831.1,77.46,4.17,1.97,63.1,12.43,1506.0,21.53,NORMAL,NONE
2026-08-23T18:49:32.004462,4818.2,79.89,4.21,2.06,65.0,13.09,1511.7,21.75,NORMAL,NONE
2026-08-23T18:49:33.004462,4782.6,78.44,4.15,2.02,64.4,12.72,1480.3,22.14,NORMAL,NONE
2026-08-23T18:49:34.004462,4809.3,79.69,4.24,1.96,68.5,12.32,1503.7,21.31,NORMAL,NONE
2026-08-23T18:49:35.004462,4747.2,78.44,4.2,1.93,65.5,12.09,1506.3,22.07,NORMAL,NONE
2026-08-23T18:49:36.004462,4809.3,79.07,4.18,1.84,65.4,12.6,1492.7,21.86,NORMAL,NONE
2026-08-23T18:49:37.004462,4763.8,79.14,4.2,1.87,67.6,12.47,1512.2,21.8,NORMAL,NONE
2026-08-23T18:49:38.004462,4828.5,79.85,4.46,2.02,64.1,12.54,1518.3,21.24,NORMAL,NONE
2026-08-23T18:49:39.004462,4793.3,78.8,4.27,1.88,64.5,12.79,1510.1,23.34,NORMAL,NONE
2026-08-23T18:49:40.004462,4790.6,76.11,4.22,2.02,64.2,12.69,1497.5,21.36,NORMAL,NONE
2026-08-23T18:49:41.004462,4855.1,78.56,4.27,1.96,69.0,12.85,1478.3,21.55,NORMAL,NONE
2026-08-23T18:49:42.004462,4822.3,76.03,4.15,2.1,65.0,12.42,1477.9,22.34,NORMAL,NONE
2026-08-23T18:49:43.004462,4785.3,80.46,4.2,2.0,62.1,12.38,1490.1,22.9,NORMAL,NONE
2026-08-23T18:49:44.004462,4736.6,78.67,4.16,1.78,71.5,13.14,1505.2,22.05,NORMAL,NONE
2026-08-23T18:49:45.004462,4725.5,77.8,4.24,1.91,62.2,12.24,1467.5,22.16,NORMAL,NONE
2026-08-23T18:49:46.004462,4834.3,78.0,4.2,2.05,64.5,12.14,1486.4,22.57,NORMAL,NONE
2026-08-23T18:49:47.004462,4851.7,78.54,4.19,1.99,63.9,12.63,1529.7,22.17,NORMAL,NONE
2026-08-23T18:49:48.004462,4738.3,78.77,4.28,2.01,65.4,12.52,1512.2,21.17,NORMAL,NONE
2026-08-23T18:49:49.004462,4766.8,77.92,4.23,2.1,60.9,12.63,1510.9,21.22,NORMAL,NONE
2026-08-23T18:49:50.004462,4777.0,77.99,4.22,1.95,64.8,12.61,1510.6,22.26,NORMAL,NONE
2026-08-23T18:49:51.004462,4909.4,77.59,4.19,1.98,66.4,11.94,1503.9,22.26,NORMAL,NONE
2026-08-23T18:49:52.004462,4718.3,77.37,4.26,1.92,67.4,12.92,1506.7,22.34,NORMAL,NONE
2026-08-23T18:49:53.004462,4731.9,77.71,4.2,1.79,64.6,12.74,1517.1,21.39,NORMAL,NONE
2026-08-23T18:49:54.004462,4798.7,78.08,4.22,1.88,65.8,12.21,1485.6,22.32,NORMAL,NONE
2026-08-23T18:49:55.004462,4866.9,78.55,4.29,1.99,66.4,12.56,1472.9,22.19,NORMAL,NONE
2026-08-23T18:49:56.004462,4747.2,78.58,4.13,2.17,68.1,12.29,1489.3,22.62,NORMAL,NONE
2026-08-23T18:49:57.004462,4758.2,78.79,4.24,2.02,60.1,12.22,1535.9,22.22,NORMAL,NONE
2026-08-23T18:49:58.004462,4804.9,77.62,4.14,1.85,61.3,12.83,1494.0,20.44,NORMAL,NONE
2026-08-23T18:49:59.004462,4811.3,78.14,4.18,1.99,64.7,12.61,1515.8,21.4,NORMAL,NONE
2026-08-23T18:50:00.004462,4805.5,77.62,4.19,1.98,64.6,12.91,1514.4,20.7,NORMAL,NONE
2026-08-23T18:50:01.004462,4715.1,77.69,4.15,2.17,69.0,12.56,1479.4,22.4,NORMAL,NONE
2026-08-23T18:50:02.004462,4816.3,77.45,4.25,2.15,70.1,12.81,1500.4,22.09,NORMAL,NONE
2026-08-23T18:50:03.004462,4774.3,77.75,4.27,1.9,63.2,12.19,1509.4,22.47,NORMAL,NONE
2026-08-23T18:50:04.004462,4758.8,77.59,4.2,1.86,64.0,12.67,1493.9,21.89,NORMAL,NONE
2026-08-23T18:50:05.004462,4774.9,76.81,4.21,1.86,64.2,12.76,1500.6,22.87,NORMAL,NONE
2026-08-23T18:50:06.004462,4822.4,78.36,4.16,1.87,66.9,12.11,1508.3,22.25,NORMAL,NONE
2026-08-23T18:50:07.004462,4756.7,78.21,4.25,1.85,64.2,12.41,1517.4,22.45,NORMAL,NONE
2026-08-23T18:50:08.004462,4780.9,77.08,4.21,1.96,61.7,12.48,1508.6,21.92,NORMAL,NONE
2026-08-23T18:50:09.004462,4826.8,78.52,4.12,1.67,61.8,11.97,1513.5,21.9,NORMAL,NONE
2026-08-23T18:50:10.004462,4718.4,76.82,4.28,1.76,65.7,12.59,1485.5,22.53,NORMAL,NONE
2026-08-23T18:50:11.004462,4707.3,77.55,4.06,2.06,65.2,12.37,1476.0,22.23,NORMAL,NONE
2026-08-23T18:50:12.004462,4836.3,77.62,4.2,1.87,63.0,12.89,1499.7,21.91,NORMAL,NONE
2026-08-23T18:50:13.004462,4766.3,78.66,4.04,2.11,62.1,12.76,1523.3,22.48,NORMAL,NONE
2026-08-23T18:50:14.004462,4804.8,80.58,4.19,2.06,72.2,12.33,1519.6,22.84,NORMAL,NONE
2026-08-23T18:50:15.004462,4826.9,78.01,4.2,1.95,65.5,12.38,1494.0,22.35,NORMAL,NONE
2026-08-23T18:50:16.004462,4755.8,76.69,4.29,1.92,66.2,12.81,1476.1,21.76,NORMAL,NONE
2026-08-23T18:50:17.004462,4780.3,77.16,4.17,1.98,64.1,12.38,1531.2,21.92,NORMAL,NONE
2026-08-23T18:50:18.004462,4856.1,79.95,4.08,1.91,61.2,12.75,1501.0,22.33,NORMAL,NONE
2026-08-23T18:50:19.004462,4729.3,78.5,4.24,1.86,64.8,12.56,1523.3,22.46,NORMAL,NONE
2026-08-23T18:50:20.004462,4726.8,77.09,4.24,1.9,62.2,12.03,1494.0,22.22,NORMAL,NONE
2026-08-23T18:50:21.004462,4797.7,78.52,4.13,1.76,62.7,12.78,1484.7,21.24,NORMAL,NONE
2026-08-23T18:50:22.004462,4851.7,79.08,4.26,1.98,60.2,12.0,1506.9,22.89,NORMAL,NONE
2026-08-23T18:50:23.004462,4782.6,77.96,4.11,2.11,60.8,12.35,1514.1,22.91,NORMAL,NONE
2026-08-23T18:50:24.004462,4772.1,77.66,4.26,1.96,63.0,12.29,1499.2,22.04,NORMAL,NONE
2026-08-23T18:50:25.004462,4776.9,79.25,4.12,2.05,65.3,12.3,1474.8,22.36,NORMAL,NONE
2026-08-23T18:50:26.004462,4766.2,79.12,4.22,2.03,62.8,11.95,1489.4,22.33,NORMAL,NONE
2026-08-23T18:50:27.004462,4777.1,77.72,4.28,2.08,63.3,12.95,1515.2,21.89,NORMAL,NONE
2026-08-23T18:50:28.004462,4746.3,77.27,4.31,1.95,62.1,12.43,1507.1,22.26,NORMAL,NONE
2026-08-23T18:50:29.004462,4823.5,78.06,4.26,1.96,68.2,12.2,1522.2,22.24,NORMAL,NONE
2026-08-23T18:50:30.004462,4774.2,77.97,4.26,1.99,69.7,12.3,1481.0,22.63,NORMAL,NONE
2026-08-23T18:50:31.004462,4793.2,78.68,4.39,1.94,64.0,11.98,1482.8,21.75,NORMAL,NONE
2026-08-23T18:50:32.004462,4831.4,77.91,4.24,2.24,69.2,12.21,1515.2,22.05,NORMAL,NONE
2026-08-23T18:50:33.004462,4863.8,78.96,4.27,1.86,73.8,12.6,1504.3,20.89,NORMAL,NONE
2026-08-23T18:50:34.004462,4803.7,79.18,4.29,2.02,68.2,12.49,1494.4,20.72,NORMAL,NONE
2026-08-23T18:50:35.004462,4820.7,78.11,4.11,2.02,62.1,12.18,1496.2,21.96,NORMAL,NONE
2026-08-23T18:50:36.004462,4774.8,78.2,4.28,1.99,65.1,12.48,1511.2,22.14,NORMAL,NONE
2026-08-23T18:50:37.004462,4802.8,78.03,4.3,2.21,72.1,12.47,1505.3,22.54,NORMAL,NONE
2026-08-23T18:50:38.004462,4826.7,76.68,4.05,1.73,63.3,12.46,1484.2,22.41,NORMAL,NONE
2026-08-23T18:50:39.004462,4783.8,79.29,4.11,1.72,64.9,12.82,1503.7,22.28,NORMAL,NONE
2026-08-23T18:50:40.004462,4733.8,78.02,4.27,2.22,64.1,13.46,1521.6,21.93,NORMAL,NONE
2026-08-23T18:50:41.004462,4795.4,77.82,4.12,2.11,63.9,12.35,1485.0,22.66,NORMAL,NONE
2026-08-23T18:50:42.004462,4788.2,77.93,4.28,1.83,66.1,12.52,1488.0,21.48,NORMAL,NONE
2026-08-23T18:50:43.004462,4849.7,78.06,4.1,2.09,66.1,12.65,1524.1,22.05,NORMAL,NONE
2026-08-23T18:50:44.004462,4737.6,77.05,4.22,2.03,68.4,12.95,1510.6,21.85,NORMAL,NONE
2026-08-23T18:50:45.004462,4753.5,77.44,4.26,2.3,63.5,12.73,1517.4,21.95,NORMAL,NONE
2026-08-23T18:50:46.004462,4768.4,77.96,4.08,1.92,65.8,12.22,1507.4,22.18,NORMAL,NONE
2026-08-23T18:50:47.004462,4784.6,77.22,4.33,1.88,65.5,12.45,1506.7,22.36,NORMAL,NONE
2026-08-23T18:50:48.004462,4793.5,78.05,4.26,1.79,63.1,12.44,1498.4,22.29,NORMAL,NONE
2026-08-23T18:50:49.004462,4818.6,79.19,4.19,2.05,67.2,12.22,1506.1,23.41,NORMAL,NONE
2026-08-23T18:50:50.004462,4786.8,76.0,4.15,2.17,68.8,11.93,1479.8,23.09,NORMAL,NONE
2026-08-23T18:50:51.004462,4788.4,78.53,4.27,2.1,65.0,12.51,1506.3,21.84,NORMAL,NONE
2026-08-23T18:50:52.004462,4774.4,77.77,4.31,1.75,65.9,12.0,1502.5,22.5,NORMAL,NONE
2026-08-23T18:50:53.004462,4789.9,78.36,4.22,2.24,67.0,12.64,1491.0,21.9,NORMAL,NONE
2026-08-23T18:50:54.004462,4786.6,77.18,4.13,2.13,59.7,12.87,1495.0,22.09,NORMAL,NONE
2026-08-23T18:50:55.004462,4757.5,77.77,4.17,2.13,65.6,12.47,1505.0,22.18,NORMAL,NONE
2026-08-23T18:50:56.004462,4773.6,79.34,4.2,2.2,66.0,12.37,1475.5,21.4,NORMAL,NONE
2026-08-23T18:50:57.004462,4822.8,77.79,4.2,2.35,70.4,12.25,1521.3,21.65,NORMAL,NONE
2026-08-23T18:50:58.004462,4851.9,78.5,4.18,2.13,66.5,12.27,1499.3,21.18,NORMAL,NONE
2026-08-23T18:50:59.004462,4872.2,78.5,4.33,1.88,68.2,12.73,1503.4,22.09,NORMAL,NONE
2026-08-23T18:51:00.004462,4929.4,79.1,4.13,1.89,69.9,12.16,1499.7,21.84,NORMAL,NONE
2026-08-23T18:51:01.004462,4742.5,80.01,4.16,2.08,62.0,13.12,1520.7,22.15,NORMAL,NONE
2026-08-23T18:51:02.004462,4834.7,78.96,4.13,1.8,65.7,12.46,1505.1,22.44,NORMAL,NONE
2026-08-23T18:51:03.004462,4814.7,76.28,4.23,2.08,65.8,12.31,1494.2,21.7,NORMAL,NONE
2026-08-23T18:51:04.004462,4729.4,78.95,4.12,1.96,62.6,12.86,1525.2,22.93,NORMAL,NONE
2026-08-23T18:51:05.004462,4768.5,78.24,4.13,2.09,66.4,12.47,1508.4,21.35,NORMAL,NONE
2026-08-23T18:51:06.004462,4852.6,77.77,4.17,1.86,62.5,12.55,1482.8,22.07,NORMAL,NONE
2026-08-23T18:51:07.004462,4819.4,77.91,4.32,1.87,62.5,13.05,1520.5,22.9,NORMAL,NONE
2026-08-23T18:51:08.004462,4776.9,76.5,4.28,1.85,61.6,12.74,1531.0,21.86,NORMAL,NONE
2026-08-23T18:51:09.004462,4756.7,77.18,4.19,1.79,64.8,12.01,1485.5,22.04,NORMAL,NONE
2026-08-23T18:51:10.004462,4793.1,77.16,4.28,2.03,62.5,12.28,1488.7,22.57,NORMAL,NONE
2026-08-23T18:51:11.004462,4850.1,79.2,4.17,2.03,62.4,12.56,1517.8,21.67,NORMAL,NONE
2026-08-23T18:51:12.004462,4816.5,77.79,4.48,1.95,65.0,12.13,1488.8,22.22,NORMAL,NONE
2026-08-23T18:51:13.004462,4782.3,77.51,4.19,1.74,68.1,12.6,1510.2,22.65,NORMAL,NONE
2026-08-23T18:51:14.004462,4842.8,78.28,4.15,2.04,65.5,12.41,1527.2,21.9,NORMAL,NONE
2026-08-23T18:51:15.004462,4832.5,77.5,4.21,1.85,65.1,12.62,1499.0,22.67,NORMAL,NONE
2026-08-23T18:51:16.004462,4779.3,77.78,4.11,1.99,64.0,12.69,1511.4,22.28,NORMAL,NONE
2026-08-23T18:51:17.004462,4776.3,78.01,4.24,1.87,68.8,12.82,1512.0,21.65,NORMAL,NONE
2026-08-23T18:51:18.004462,4891.1,76.18,4.15,2.08,66.5,12.65,1491.5,22.56,NORMAL,NONE
2026-08-23T18:51:19.004462,4855.3,77.71,4.17,2.14,68.4,12.48,1497.9,21.76,NORMAL,NONE
2026-08-23T18:51:20.004462,4773.0,77.11,4.21,2.22,67.1,12.37,1491.6,22.27,NORMAL,NONE
2026-08-23T18:51:21.004462,4734.0,77.52,4.26,1.8,64.6,12.4,1533.1,21.76,NORMAL,NONE
2026-08-23T18:51:22.004462,4764.1,76.83,4.11,1.93,65.7,12.56,1521.5,22.4,NORMAL,NONE
2026-08-23T18:51:23.004462,4739.7,78.99,4.24,2.03,65.6,12.66,1490.8,22.09,NORMAL,NONE
2026-08-23T18:51:24.004462,4827.7,77.94,4.27,2.21,61.7,12.88,1504.5,22.02,NORMAL,NONE
2026-08-23T18:51:25.004462,4821.8,77.92,4.24,1.73,65.5,13.1,1513.3,22.57,NORMAL,NONE
2026-08-23T18:51:26.004462,4920.8,79.02,4.15,2.09,65.7,12.83,1504.0,22.08,NORMAL,NONE
2026-08-23T18:51:27.004462,4823.7,78.36,4.19,1.98,68.3,12.23,1503.1,21.15,NORMAL,NONE
2026-08-23T18:51:28.004462,4805.5,78.12,4.26,2.0,66.8,12.64,1507.6,22.41,NORMAL,NONE
2026-08-23T18:51:29.004462,4829.5,78.54,4.26,2.16,67.0,12.63,1478.1,21.4,NORMAL,NONE
2026-08-23T18:51:30.004462,4810.7,78.19,4.23,2.02,70.4,12.63,1489.0,22.22,NORMAL,NONE
2026-08-23T18:51:31.004462,4732.0,77.66,4.22,2.21,60.9,12.43,1474.2,21.93,NORMAL,NONE
2026-08-23T18:51:32.004462,4806.2,76.63,4.12,2.07,66.6,12.26,1499.3,21.25,NORMAL,NONE
2026-08-23T18:51:33.004462,4753.5,76.94,4.15,2.0,65.2,12.53,1514.6,22.04,NORMAL,NONE
2026-08-23T18:51:34.004462,4754.8,77.9,4.15,1.93,65.0,12.48,1494.3,20.53,NORMAL,NONE
2026-08-23T18:51:35.004462,4800.9,79.15,4.21,2.06,64.7,12.69,1498.5,20.97,NORMAL,NONE
2026-08-23T18:51:36.004462,4814.7,78.42,4.33,2.25,68.7,12.79,1489.4,22.05,NORMAL,NONE
2026-08-23T18:51:37.004462,4813.6,76.95,4.05,1.91,63.8,12.18,1478.6,21.63,NORMAL,NONE
2026-08-23T18:51:38.004462,4809.9,78.92,4.2,2.03,59.3,11.97,1523.2,21.72,NORMAL,NONE
2026-08-23T18:51:39.004462,4832.1,79.5,4.09,1.91,62.5,11.81,1492.9,21.51,NORMAL,NONE
2026-08-23T18:51:40.004462,4850.8,77.58,4.27,2.02,62.4,12.67,1491.6,22.13,NORMAL,NONE
2026-08-23T18:51:41.004462,4723.4,77.55,4.21,2.06,60.6,12.6,1490.2,21.84,NORMAL,NONE
2026-08-23T18:51:42.004462,4790.5,77.04,4.23,2.03,59.8,12.94,1485.5,21.59,NORMAL,NONE
2026-08-23T18:51:43.004462,4728.0,79.43,4.25,1.95,67.0,12.64,1484.7,21.2,NORMAL,NONE
2026-08-23T18:51:44.004462,4831.6,77.06,4.2,2.13,65.6,13.04,1494.0,21.68,NORMAL,NONE
2026-08-23T18:51:45.004462,4713.8,77.93,4.27,2.12,63.7,12.27,1498.7,22.13,NORMAL,NONE
2026-08-23T18:51:46.004462,4760.6,77.74,4.17,1.97,65.1,12.49,1514.7,21.32,NORMAL,NONE
2026-08-23T18:51:47.004462,4802.7,78.48,4.11,2.15,63.4,12.68,1504.5,22.7,NORMAL,NONE
2026-08-23T18:51:48.004462,4858.5,76.84,4.27,1.93,67.6,12.44,1513.3,22.08,NORMAL,NONE
2026-08-23T18:51:49.004462,4740.1,78.46,4.09,1.8,66.3,12.6,1522.3,22.0,NORMAL,NONE
2026-08-23T18:51:50.004462,4839.0,77.53,4.37,2.01,68.8,12.56,1519.7,22.21,NORMAL,NONE
2026-08-23T18:51:51.004462,4769.3,77.13,4.19,1.86,72.4,12.58,1525.0,22.17,NORMAL,NONE
2026-08-23T18:51:52.004462,4776.8,77.65,4.2,2.02,62.3,13.09,1505.0,21.8,NORMAL,NONE
2026-08-23T18:51:53.004462,4754.6,78.96,4.38,1.97,64.7,13.08,1492.8,21.67,NORMAL,NONE
2026-08-23T18:51:54.004462,4804.3,78.59,4.15,2.12,66.1,12.42,1482.3,22.85,NORMAL,NONE
2026-08-23T18:51:55.004462,4833.4,77.4,4.32,1.87,66.2,13.27,1509.3,21.08,NORMAL,NONE
2026-08-23T18:51:56.004462,4800.0,77.3,4.31,2.25,69.7,12.04,1497.9,21.89,NORMAL,NONE
2026-08-23T18:51:57.004462,4821.9,79.49,4.21,2.43,60.4,12.46,1531.0,22.08,NORMAL,NONE
2026-08-23T18:51:58.004462,4908.0,78.65,4.36,1.94,63.0,12.27,1475.1,21.51,NORMAL,NONE
2026-08-23T18:51:59.004462,4775.5,78.62,4.22,1.64,64.9,12.67,1555.3,21.4,NORMAL,NONE
2026-08-23T18:52:00.004462,4802.8,75.92,4.24,1.99,68.0,12.85,1513.0,23.33,NORMAL,NONE
2026-08-23T18:52:01.004462,4840.4,77.76,4.11,1.92,62.5,12.6,1481.9,21.72,NORMAL,NONE
2026-08-23T18:52:02.004462,4768.5,78.78,4.16,1.95,63.6,12.6,1492.2,21.07,NORMAL,NONE
2026-08-23T18:52:03.004462,4776.4,77.67,4.25,1.89,72.1,12.51,1506.3,21.64,NORMAL,NONE
2026-08-23T18:52:04.004462,4795.0,76.49,4.22,2.13,64.7,12.99,1516.9,22.18,NORMAL,NONE
2026-08-23T18:52:05.004462,4803.1,79.31,4.18,1.82,59.9,12.29,1478.6,21.87,NORMAL,NONE
2026-08-23T18:52:06.004462,4803.0,79.19,4.14,2.05,64.9,12.47,1480.9,21.74,NORMAL,NONE
2026-08-23T18:52:07.004462,4766.0,79.36,4.23,2.09,62.0,12.5,1518.3,22.17,NORMAL,NONE
2026-08-23T18:52:08.004462,4822.3,78.05,4.18,1.79,68.5,12.5,1508.1,21.95,NORMAL,NONE
2026-08-23T18:52:09.004462,4793.0,77.15,3.99,2.02,67.5,12.62,1503.1,21.83,NORMAL,NONE
2026-08-23T18:52:10.004462,4740.7,76.52,4.32,2.22,70.1,11.82,1509.9,22.37,NORMAL,NONE
2026-08-23T18:52:11.004462,4758.5,78.48,4.12,1.85,55.8,12.94,1510.1,21.33,NORMAL,NONE
2026-08-23T18:52:12.004462,4836.5,78.15,4.19,2.15,64.3,12.67,1501.9,22.67,NORMAL,NONE
2026-08-23T18:52:13.004462,4816.4,78.41,4.24,2.08,70.0,11.91,1500.8,20.5,NORMAL,NONE
2026-08-23T18:52:14.004462,4762.9,79.5,4.11,2.18,67.1,12.44,1485.8,22.29,NORMAL,NONE
2026-08-23T18:52:15.004462,4806.7,80.24,4.24,1.96,67.3,12.82,1510.8,22.37,NORMAL,NONE
2026-08-23T18:52:16.004462,4768.7,77.19,4.2,1.99,65.5,12.15,1474.2,21.62,NORMAL,NONE
2026-08-23T18:52:17.004462,4763.9,77.06,4.17,2.01,65.1,12.04,1507.8,21.83,NORMAL,NONE
2026-08-23T18:52:18.004462,4768.3,78.32,4.19,2.03,62.2,12.55,1493.4,22.02,NORMAL,NONE
2026-08-23T18:52:19.004462,4749.0,78.15,4.12,2.04,64.2,12.01,1488.6,22.7,NORMAL,NONE
2026-08-23T18:52:20.004462,4820.4,78.59,4.12,2.26,68.2,12.69,1496.4,21.47,NORMAL,NONE
2026-08-23T18:52:21.004462,4751.7,79.76,3.99,2.04,63.9,12.59,1499.0,21.9,NORMAL,NONE
2026-08-23T18:52:22.004462,4816.7,77.34,4.33,2.06,64.0,12.19,1488.9,22.23,NORMAL,NONE
2026-08-23T18:52:23.004462,4772.1,77.98,4.11,1.88,65.6,12.48,1488.2,21.55,NORMAL,NONE
2026-08-23T18:52:24.004462,4786.2,77.36,4.21,2.08,66.4,12.86,1506.0,22.05,NORMAL,NONE
2026-08-23T18:52:25.004462,4803.9,77.97,4.19,2.04,59.5,12.73,1514.2,21.66,NORMAL,NONE
2026-08-23T18:52:26.004462,4781.0,76.9,4.12,1.9,70.2,12.18,1506.9,21.64,NORMAL,NONE
2026-08-23T18:52:27.004462,4803.4,76.65,4.32,1.79,67.2,12.65,1508.9,21.57,NORMAL,NONE
2026-08-23T18:52:28.004462,4803.3,78.59,4.22,1.7,61.8,12.41,1505.8,21.69,NORMAL,NONE
2026-08-23T18:52:29.004462,4837.9,76.99,4.28,1.99,61.9,11.95,1515.0,21.81,NORMAL,NONE
2026-08-23T18:52:30.004462,4799.3,79.38,4.14,2.32,66.5,12.05,1493.7,21.89,NORMAL,NONE
2026-08-23T18:52:31.004462,4817.2,77.84,4.28,2.23,63.1,12.19,1498.0,21.69,NORMAL,NONE
2026-08-23T18:52:32.004462,4841.3,77.64,4.04,2.2,68.0,12.72,1483.4,21.35,NORMAL,NONE
2026-08-23T18:52:33.004462,4764.2,77.69,4.17,2.16,64.7,12.17,1498.0,22.84,NORMAL,NONE
2026-08-23T18:52:34.004462,4758.5,79.9,4.1,1.97,64.5,12.64,1514.2,22.14,NORMAL,NONE
2026-08-23T18:52:35.004462,4829.8,77.15,4.22,1.93,67.7,12.45,1489.2,22.32,NORMAL,NONE
2026-08-23T18:52:36.004462,4785.2,78.02,3.98,2.13,65.5,12.06,1518.9,21.03,NORMAL,NONE
2026-08-23T18:52:37.004462,4801.2,76.21,4.28,1.8,57.3,12.68,1510.6,21.79,NORMAL,NONE
2026-08-23T18:52:38.004462,4812.1,77.62,4.21,2.04,66.3,12.52,1497.4,21.78,NORMAL,NONE
2026-08-23T18:52:39.004462,4853.0,76.82,4.2,2.03,61.0,12.11,1487.6,22.0,NORMAL,NONE
2026-08-23T18:52:40.004462,4855.5,77.15,4.15,2.02,64.7,12.08,1513.2,23.4,NORMAL,NONE
2026-08-23T18:52:41.004462,4765.1,78.67,4.32,1.99,66.4,12.57,1534.8,21.34,NORMAL,NONE
2026-08-23T18:52:42.004462,4825.4,78.13,4.16,1.94,63.4,12.43,1516.0,22.81,NORMAL,NONE
2026-08-23T18:52:43.004462,4791.9,77.47,4.25,1.95,63.9,12.93,1492.7,21.81,NORMAL,NONE
2026-08-23T18:52:44.004462,4744.6,78.5,4.14,1.99,61.8,12.39,1515.0,22.38,NORMAL,NONE
2026-08-23T18:52:45.004462,4824.0,78.49,4.22,1.99,61.2,12.38,1505.9,21.28,NORMAL,NONE
2026-08-23T18:52:46.004462,4781.3,80.17,4.18,2.0,64.9,12.53,1478.2,22.19,NORMAL,NONE
2026-08-23T18:52:47.004462,4777.8,77.58,4.42,2.02,66.4,12.93,1478.4,22.06,NORMAL,NONE
2026-08-23T18:52:48.004462,4772.7,78.77,4.33,1.94,67.0,12.81,1526.4,21.64,NORMAL,NONE
2026-08-23T18:52:49.004462,4739.1,78.35,4.28,2.13,64.6,12.45,1499.2,22.47,NORMAL,NONE
2026-08-23T18:52:50.004462,4789.1,77.67,4.14,2.07,59.0,12.6,1499.1,22.92,NORMAL,NONE
2026-08-23T18:52:51.004462,4771.7,77.11,4.03,2.02,68.7,12.33,1476.3,21.54,NORMAL,NONE
2026-08-23T18:52:52.004462,4880.5,77.21,4.27,2.0,63.0,12.28,1506.7,21.98,NORMAL,NONE
2026-08-23T18:52:53.004462,4726.9,78.01,4.27,2.02,59.6,11.57,1496.6,21.3,NORMAL,NONE
2026-08-23T18:52:54.004462,4803.2,78.94,4.3,1.94,63.9,12.25,1495.5,22.08,NORMAL,NONE
2026-08-23T18:52:55.004462,4768.8,76.98,4.21,2.2,64.6,12.53,1507.5,21.72,NORMAL,NONE
2026-08-23T18:52:56.004462,4749.6,77.87,4.25,1.85,64.0,12.38,1486.5,21.83,NORMAL,NONE
2026-08-23T18:52:57.004462,4820.4,77.84,4.16,2.03,61.9,12.59,1514.3,22.01,NORMAL,NONE
2026-08-23T18:52:58.004462,4792.8,78.86,4.24,2.11,66.9,12.07,1518.2,21.95,NORMAL,NONE
2026-08-23T18:52:59.004462,4895.0,76.09,4.25,1.73,60.0,12.64,1506.8,22.3,NORMAL,NONE
2026-08-23T18:53:00.004462,4814.3,76.38,4.26,2.08,65.5,12.65,1520.8,21.68,NORMAL,NONE
2026-08-23T18:53:01.004462,4791.3,79.39,4.28,2.05,67.1,12.38,1484.1,22.31,NORMAL,NONE
2026-08-23T18:53:02.004462,4831.8,78.1,4.23,1.98,65.0,12.29,1497.2,21.88,NORMAL,NONE
2026-08-23T18:53:03.004462,4793.1,78.03,4.21,1.99,68.3,12.44,1516.9,21.91,NORMAL,NONE
2026-08-23T18:53:04.004462,4807.7,76.4,4.25,2.11,67.6,12.58,1517.7,21.43,NORMAL,NONE
2026-08-23T18:53:05.004462,4823.3,78.56,4.31,1.96,68.3,12.12,1515.6,22.18,NORMAL,NONE
2026-08-23T18:53:06.004462,4882.5,77.19,4.21,2.02,66.7,12.77,1497.2,21.75,NORMAL,NONE
2026-08-23T18:53:07.004462,4824.3,77.19,4.24,1.65,66.4,11.95,1496.6,22.4,NORMAL,NONE
2026-08-23T18:53:08.004462,4788.9,78.29,4.22,2.43,66.2,12.5,1497.8,22.47,NORMAL,NONE
2026-08-23T18:53:09.004462,4777.8,77.47,4.23,2.18,66.9,12.55,1485.6,21.65,NORMAL,NONE
2026-08-23T18:53:10.004462,4734.5,78.76,4.14,1.97,64.8,12.36,1501.0,22.25,NORMAL,NONE
2026-08-23T18:53:11.004462,4751.5,78.67,4.1,1.95,65.0,12.26,1501.3,22.48,NORMAL,NONE
2026-08-23T18:53:12.004462,4739.8,76.58,4.21,1.91,65.8,12.65,1493.2,22.25,NORMAL,NONE
2026-08-23T18:53:13.004462,4870.4,76.82,4.16,1.7,70.5,12.93,1514.0,23.3,NORMAL,NONE
2026-08-23T18:53:14.004462,4833.1,77.47,4.25,2.19,65.0,12.9,1509.7,21.85,NORMAL,NONE
2026-08-23T18:53:15.004462,4736.4,78.75,4.13,2.07,57.9,12.21,1494.6,21.96,NORMAL,NONE
2026-08-23T18:53:16.004462,4798.8,77.64,4.25,1.99,64.5,12.87,1512.1,22.5,NORMAL,NONE
2026-08-23T18:53:17.004462,4763.5,79.42,4.19,2.23,68.9,13.04,1494.0,22.29,NORMAL,NONE
2026-08-23T18:53:18.004462,4828.5,78.29,4.23,2.07,68.7,12.53,1463.8,22.41,NORMAL,NONE
2026-08-23T18:53:19.004462,4848.2,78.34,4.17,2.09,69.5,12.1,1491.0,22.5,NORMAL,NONE
2026-08-23T18:53:20.004462,4776.6,78.34,4.17,2.0,65.4,12.78,1496.7,21.64,NORMAL,NONE
2026-08-23T18:53:21.004462,4836.6,77.83,4.22,2.03,68.1,12.17,1492.9,23.04,NORMAL,NONE
2026-08-23T18:53:22.004462,4739.8,78.15,4.16,1.72,60.4,11.87,1476.3,21.77,NORMAL,NONE
2026-08-23T18:53:23.004462,4831.7,78.23,4.12,1.96,70.4,12.52,1466.9,21.42,NORMAL,NONE
2026-08-23T18:53:24.004462,4832.7,76.97,4.16,2.25,61.3,12.95,1490.5,21.37,NORMAL,NONE
2026-08-23T18:53:25.004462,4860.7,76.02,4.18,2.18,70.4,12.74,1502.4,21.16,NORMAL,NONE
2026-08-23T18:53:26.004462,4803.8,78.1,4.24,1.83,63.9,12.86,1528.9,21.71,NORMAL,NONE
2026-08-23T18:53:27.004462,4841.9,78.65,4.2,1.81,62.0,12.36,1504.8,22.26,NORMAL,NONE
2026-08-23T18:53:28.004462,4789.9,78.65,4.1,1.86,65.1,12.39,1497.2,22.76,NORMAL,NONE
2026-08-23T18:53:29.004462,4830.1,78.48,4.21,1.88,63.9,12.67,1489.9,21.95,NORMAL,NONE
2026-08-23T18:53:30.004462,4821.5,77.08,4.28,1.87,68.1,12.05,1486.4,21.99,NORMAL,NONE
2026-08-23T18:53:31.004462,4862.9,77.39,4.21,1.78,74.2,11.98,1510.0,21.06,NORMAL,NONE
2026-08-23T18:53:32.004462,4792.8,78.62,4.43,1.97,70.0,12.21,1504.5,21.96,NORMAL,NONE
2026-08-23T18:53:33.004462,4802.5,77.27,4.36,1.92,68.2,12.43,1497.7,21.71,NORMAL,NONE
2026-08-23T18:53:34.004462,4754.3,76.63,4.17,1.96,68.7,13.03,1484.0,21.2,NORMAL,NONE
2026-08-23T18:53:35.004462,4876.5,78.24,4.08,2.1,59.0,12.72,1475.6,22.16,NORMAL,NONE
2026-08-23T18:53:36.004462,4817.1,78.89,4.19,1.99,62.7,11.96,1505.9,21.94,NORMAL,NONE
2026-08-23T18:53:37.004462,4754.0,76.71,4.18,1.68,67.5,12.79,1494.5,21.77,NORMAL,NONE
2026-08-23T18:53:38.004462,4815.7,78.8,4.21,1.97,70.8,12.29,1510.9,22.22,NORMAL,NONE
2026-08-23T18:53:39.004462,4823.6,78.66,4.11,2.17,66.0,12.73,1510.4,21.74,NORMAL,NONE
2026-08-23T18:53:40.004462,4857.4,78.99,4.26,1.86,68.4,12.5,1500.4,21.63,NORMAL,NONE
2026-08-23T18:53:41.004462,4787.4,77.29,4.26,1.93,60.5,12.52,1471.1,21.91,NORMAL,NONE
2026-08-23T18:53:42.004462,4765.0,79.41,4.21,1.76,65.6,12.82,1510.6,22.61,NORMAL,NONE
2026-08-23T18:53:43.004462,4731.4,77.92,4.2,2.29,63.9,12.5,1475.0,21.18,NORMAL,NONE
2026-08-23T18:53:44.004462,4750.5,79.6,4.25,1.8,66.0,12.31,1495.1,22.5,NORMAL,NONE
2026-08-23T18:53:45.004462,4778.5,79.05,4.25,1.94,67.3,12.19,1495.3,22.23,NORMAL,NONE
2026-08-23T18:53:46.004462,4795.4,79.19,3.92,2.04,68.0,12.24,1493.5,22.95,NORMAL,NONE
2026-08-23T18:53:47.004462,4830.6,75.56,4.08,1.73,61.5,12.71,1493.8,21.8,NORMAL,NONE
2026-08-23T18:53:48.004462,4723.1,77.81,4.09,1.9,66.8,12.78,1485.9,22.26,NORMAL,NONE
2026-08-23T18:53:49.004462,4831.7,77.98,4.29,1.96,67.7,12.57,1511.3,22.27,NORMAL,NONE
2026-08-23T18:53:50.004462,4850.1,78.34,4.12,1.8,65.4,11.96,1498.5,21.92,NORMAL,NONE
2026-08-23T18:53:51.004462,4819.6,76.85,4.09,2.06,64.8,12.63,1519.5,21.84,NORMAL,NONE
2026-08-23T18:53:52.004462,4772.4,77.73,4.22,2.16,62.3,12.55,1515.0,22.18,NORMAL,NONE
2026-08-23T18:53:53.004462,4818.3,77.92,4.13,2.28,61.3,12.82,1504.2,21.98,NORMAL,NONE
2026-08-23T18:53:54.004462,4864.9,77.37,4.24,2.06,67.3,12.14,1490.1,21.96,NORMAL,NONE
2026-08-23T18:53:55.004462,4838.9,78.44,4.14,1.67,66.1,12.19,1521.4,21.94,NORMAL,NONE
2026-08-23T18:53:56.004462,4875.9,78.35,4.24,1.77,69.6,12.75,1488.3,22.12,NORMAL,NONE
2026-08-23T18:53:57.004462,4769.8,77.62,4.19,2.17,62.6,12.47,1478.0,21.9,NORMAL,NONE
2026-08-23T18:53:58.004462,4772.3,79.49,4.18,1.96,65.8,12.51,1510.9,22.4,NORMAL,NONE
2026-08-23T18:53:59.004462,4826.3,76.1,4.34,2.19,67.7,12.84,1494.6,22.31,NORMAL,NONE
2026-08-23T18:54:00.004462,4786.3,77.06,4.17,2.02,66.4,12.45,1523.3,23.13,NORMAL,NONE
2026-08-23T18:54:01.004462,4799.5,79.04,4.24,1.82,66.4,12.14,1485.8,21.95,NORMAL,NONE
2026-08-23T18:54:02.004462,4775.8,78.19,4.06,2.21,64.0,13.07,1490.5,21.54,NORMAL,NONE
2026-08-23T18:54:03.004462,4789.7,77.1,4.17,1.86,66.5,12.45,1499.2,21.93,NORMAL,NONE
2026-08-23T18:54:04.004462,4859.4,77.35,4.33,1.94,66.7,12.1,1532.0,21.93,NORMAL,NONE
2026-08-23T18:54:05.004462,4760.8,77.5,4.37,1.85,64.6,12.74,1500.1,21.46,NORMAL,NONE
2026-08-23T18:54:06.004462,4797.6,79.13,4.24,2.05,65.3,12.93,1503.7,22.14,NORMAL,NONE
2026-08-23T18:54:07.004462,4778.3,77.98,4.23,1.93,68.9,12.11,1514.9,22.56,NORMAL,NONE
2026-08-23T18:54:08.004462,4835.9,76.44,4.22,2.16,62.1,12.31,1478.0,21.59,NORMAL,NONE
2026-08-23T18:54:09.004462,4820.2,77.44,4.05,2.06,62.2,11.91,1496.4,21.11,NORMAL,NONE
2026-08-23T18:54:10.004462,4875.3,76.94,4.29,2.07,62.6,12.7,1500.3,21.98,NORMAL,NONE
2026-08-23T18:54:11.004462,4755.2,77.25,4.09,1.94,64.8,12.61,1509.2,23.06,NORMAL,NONE
2026-08-23T18:54:12.004462,4777.2,78.48,4.2,2.03,64.2,12.69,1509.0,22.46,NORMAL,NONE
2026-08-23T18:54:13.004462,4776.4,79.85,4.12,2.06,62.1,12.25,1494.1,21.86,NORMAL,NONE
2026-08-23T18:54:14.004462,4767.8,77.46,4.0,2.09,65.4,12.42,1486.9,21.99,NORMAL,NONE
2026-08-23T18:54:15.004462,4809.3,77.14,4.23,1.76,63.1,12.44,1523.4,21.92,NORMAL,NONE
2026-08-23T18:54:16.004462,4833.6,78.94,4.25,1.96,60.0,12.61,1489.9,22.49,NORMAL,NONE
2026-08-23T18:54:17.004462,4778.0,79.12,4.16,1.91,70.9,13.1,1513.1,20.94,NORMAL,NONE
2026-08-23T18:54:18.004462,4857.4,76.55,4.17,2.12,64.9,12.62,1494.9,22.0,NORMAL,NONE
2026-08-23T18:54:19.004462,4838.6,78.34,4.15,2.08,67.4,12.56,1488.1,22.2,NORMAL,NONE
2026-08-23T18:54:20.004462,4753.3,77.96,4.25,2.07,68.2,12.66,1502.9,21.63,NORMAL,NONE
2026-08-23T18:54:21.004462,4812.5,77.56,4.2,2.21,63.5,12.0,1499.7,23.03,NORMAL,NONE
2026-08-23T18:54:22.004462,4718.5,78.11,4.21,1.86,67.8,12.47,1497.0,21.71,NORMAL,NONE
2026-08-23T18:54:23.004462,4791.3,78.02,4.17,2.12,63.7,12.24,1512.6,23.24,NORMAL,NONE
2026-08-23T18:54:24.004462,4787.0,76.93,4.12,2.01,68.7,12.28,1511.9,21.22,NORMAL,NONE
2026-08-23T18:54:25.004462,4747.0,77.91,4.22,2.1,67.0,13.07,1509.5,22.11,NORMAL,NONE
2026-08-23T18:54:26.004462,4792.5,78.6,4.18,2.21,66.1,12.37,1521.3,21.77,NORMAL,NONE
2026-08-23T18:54:27.004462,4800.6,79.24,4.29,2.11,69.5,12.37,1501.5,22.27,NORMAL,NONE
2026-08-23T18:54:28.004462,4795.2,76.39,4.23,2.05,65.6,12.53,1494.1,21.97,NORMAL,NONE
2026-08-23T18:54:29.004462,4767.2,77.25,4.1,1.88,68.0,12.75,1497.9,22.6,NORMAL,NONE
2026-08-23T18:54:30.004462,4779.5,79.15,4.4,2.1,63.0,12.53,1487.0,21.79,NORMAL,NONE
2026-08-23T18:54:31.004462,4810.1,77.07,4.02,1.93,66.5,12.13,1507.7,22.57,NORMAL,NONE
2026-08-23T18:54:32.004462,4766.5,77.99,4.26,2.01,63.5,12.48,1489.9,22.15,NORMAL,NONE
2026-08-23T18:54:33.004462,4810.2,78.82,4.26,2.15,61.4,11.98,1484.2,22.19,NORMAL,NONE
2026-08-23T18:54:34.004462,4775.0,77.17,4.02,1.99,62.0,12.93,1494.0,21.54,NORMAL,NONE
2026-08-23T18:54:35.004462,4758.1,77.38,4.21,2.19,68.5,12.37,1531.2,22.65,NORMAL,NONE
2026-08-23T18:54:36.004462,4851.8,78.19,4.22,1.8,62.5,12.22,1480.0,22.95,NORMAL,NONE
2026-08-23T18:54:37.004462,4815.2,76.37,4.07,1.95,66.4,12.59,1494.0,21.6,NORMAL,NONE
2026-08-23T18:54:38.004462,4777.4,76.92,4.17,2.32,65.9,11.81,1478.5,20.77,NORMAL,NONE
2026-08-23T18:54:39.004462,4857.2,77.57,4.22,1.9,70.0,12.51,1482.4,21.46,NORMAL,NONE
2026-08-23T18:54:40.004462,4748.6,78.6,4.09,2.3,63.3,12.7,1507.7,22.16,NORMAL,NONE
2026-08-23T18:54:41.004462,4741.9,79.41,4.14,2.06,66.5,11.55,1492.5,22.28,NORMAL,NONE
2026-08-23T18:54:42.004462,4810.4,78.25,4.25,1.92,66.4,11.35,1528.7,20.72,NORMAL,NONE
2026-08-23T18:54:43.004462,4809.3,78.57,4.14,1.88,65.7,12.15,1495.6,21.87,NORMAL,NONE
2026-08-23T18:54:44.004462,4739.6,79.18,4.29,2.15,72.5,12.62,1489.4,21.68,NORMAL,NONE
2026-08-23T18:54:45.004462,4782.6,78.31,4.09,1.94,69.7,12.69,1511.8,21.04,NORMAL,NONE
2026-08-23T18:54:46.004462,4753.1,79.7,4.21,2.06,65.0,12.4,1514.9,22.51,NORMAL,NONE
2026-08-23T18:54:47.004462,4814.4,78.58,4.29,2.18,62.2,12.4,1482.2,22.45,NORMAL,NONE
2026-08-23T18:54:48.004462,4751.4,78.54,4.32,1.97,66.7,12.48,1498.9,21.75,NORMAL,NONE
2026-08-23T18:54:49.004462,4848.7,77.28,4.28,1.97,65.6,12.02,1490.6,21.98,NORMAL,NONE
2026-08-23T18:54:50.004462,4796.5,78.73,4.18,1.83,66.4,12.39,1512.2,22.53,NORMAL,NONE
2026-08-23T18:54:51.004462,4794.3,79.11,4.34,2.39,63.5,13.03,1516.1,22.36,NORMAL,NONE
2026-08-23T18:54:52.004462,4788.8,77.5,4.09,1.78,67.0,12.36,1503.6,21.61,NORMAL,NONE
2026-08-23T18:54:53.004462,4797.4,76.83,4.16,2.14,69.8,12.61,1520.7,22.19,NORMAL,NONE
2026-08-23T18:54:54.004462,4821.7,78.63,4.26,2.11,61.4,11.79,1475.0,22.05,NORMAL,NONE
2026-08-23T18:54:55.004462,4858.2,77.56,4.12,1.93,69.5,12.35,1501.5,22.69,NORMAL,NONE
2026-08-23T18:54:56.004462,4829.1,76.5,4.19,2.08,67.4,12.04,1479.2,22.18,NORMAL,NONE
2026-08-23T18:54:57.004462,4784.0,76.99,4.09,2.1,67.0,12.37,1517.3,21.51,NORMAL,NONE
2026-08-23T18:54:58.004462,4880.3,79.85,4.15,2.01,63.0,12.67,1500.2,22.28,NORMAL,NONE
2026-08-23T18:54:59.004462,4822.0,78.88,4.13,2.13,70.9,12.47,1476.3,22.46,NORMAL,NONE
2026-08-23T18:55:00.004462,4894.7,77.23,4.24,1.95,64.5,12.55,1494.1,21.86,NORMAL,NONE
2026-08-23T18:55:01.004462,4803.0,78.97,4.2,1.98,67.1,12.36,1497.2,21.33,NORMAL,NONE
2026-08-23T18:55:02.004462,4818.0,78.46,4.22,1.83,67.4,12.72,1520.4,21.16,NORMAL,NONE
2026-08-23T18:55:03.004462,4759.9,76.72,4.17,2.01,61.2,12.2,1523.1,21.78,NORMAL,NONE
2026-08-23T18:55:04.004462,4726.4,77.42,4.16,2.08,59.5,12.51,1486.4,22.01,NORMAL,NONE
2026-08-23T18:55:05.004462,4803.8,77.9,4.1,1.55,63.9,12.09,1488.2,20.93,NORMAL,NONE
2026-08-23T18:55:06.004462,4787.8,79.73,4.12,2.11,62.1,13.32,1474.8,21.86,NORMAL,NONE
2026-08-23T18:55:07.004462,4809.7,78.29,4.1,2.21,64.8,12.37,1519.7,22.2,NORMAL,NONE
2026-08-23T18:55:08.004462,4780.6,77.15,4.2,2.25,60.2,12.43,1492.1,21.84,NORMAL,NONE
2026-08-23T18:55:09.004462,4745.2,79.32,4.16,1.98,65.5,12.36,1529.5,23.01,NORMAL,NONE
2026-08-23T18:55:10.004462,4862.5,78.54,4.26,2.14,67.2,12.64,1510.9,21.28,NORMAL,NONE
2026-08-23T18:55:11.004462,4750.3,78.49,4.17,2.0,62.3,12.5,1492.1,21.72,NORMAL,NONE
2026-08-23T18:55:12.004462,4765.1,78.29,4.16,1.9,61.1,12.46,1481.5,22.98,NORMAL,NONE
2026-08-23T18:55:13.004462,4770.6,78.25,4.12,2.2,67.7,12.88,1464.2,21.37,NORMAL,NONE
2026-08-23T18:55:14.004462,4779.1,78.04,4.25,1.78,61.1,12.39,1490.8,21.97,NORMAL,NONE
2026-08-23T18:55:15.004462,4786.3,79.15,4.13,1.75,62.2,12.65,1486.6,22.7,NORMAL,NONE
2026-08-23T18:55:16.004462,4781.5,80.08,4.26,1.95,60.5,12.46,1527.4,22.35,NORMAL,NONE
2026-08-23T18:55:17.004462,4821.7,76.95,4.13,2.01,63.2,12.51,1509.9,22.44,NORMAL,NONE
2026-08-23T18:55:18.004462,4779.3,77.92,4.18,1.93,64.3,12.45,1518.6,21.52,NORMAL,NONE
2026-08-23T18:55:19.004462,4801.5,77.96,4.1,1.9,68.6,12.62,1505.0,22.3,NORMAL,NONE
2026-08-23T18:55:20.004462,4795.4,76.56,4.15,1.89,66.3,12.68,1484.8,22.22,NORMAL,NONE
2026-08-23T18:55:21.004462,4848.4,76.4,4.26,2.04,65.5,12.67,1492.9,21.4,NORMAL,NONE
2026-08-23T18:55:22.004462,4838.3,78.94,4.14,2.08,68.8,12.16,1522.5,22.77,NORMAL,NONE
2026-08-23T18:55:23.004462,4824.1,77.24,4.25,1.93,67.1,12.19,1485.1,23.0,NORMAL,NONE
2026-08-23T18:55:24.004462,4839.9,79.15,4.17,1.84,66.6,12.66,1492.0,22.21,NORMAL,NONE
2026-08-23T18:55:25.004462,4817.9,77.7,4.09,1.75,64.7,12.5,1502.1,22.21,NORMAL,NONE
2026-08-23T18:55:26.004462,4783.2,79.27,4.11,1.75,58.9,12.34,1508.2,21.53,NORMAL,NONE
2026-08-23T18:55:27.004462,4806.5,76.67,4.09,1.96,62.1,12.71,1510.8,22.52,NORMAL,NONE
2026-08-23T18:55:28.004462,4825.2,77.38,4.13,1.79,63.0,12.95,1526.3,21.68,NORMAL,NONE
2026-08-23T18:55:29.004462,4730.4,79.19,4.27,1.88,60.0,12.52,1505.9,21.69,NORMAL,NONE
2026-08-23T18:55:30.004462,4802.4,78.21,4.23,2.15,64.3,13.01,1523.8,21.83,NORMAL,NONE
2026-08-23T18:55:31.004462,4775.6,76.76,4.16,1.96,65.0,12.57,1487.5,22.01,NORMAL,NONE
2026-08-23T18:55:32.004462,4793.6,79.51,4.19,1.86,64.8,12.97,1501.5,22.34,NORMAL,NONE
2026-08-23T18:55:33.004462,4870.8,77.87,4.19,2.25,64.1,12.31,1524.8,21.87,NORMAL,NONE
2026-08-23T18:55:34.004462,4779.4,79.02,4.25,1.68,67.9,12.36,1499.0,22.63,NORMAL,NONE
2026-08-23T18:55:35.004462,4823.1,79.17,4.25,2.2,66.6,12.39,1508.7,22.16,NORMAL,NONE
2026-08-23T18:55:36.004462,4896.8,77.74,4.09,2.25,65.7,12.95,1514.2,22.0,NORMAL,NONE
2026-08-23T18:55:37.004462,4790.0,77.88,4.1,1.99,68.8,12.08,1503.2,22.71,NORMAL,NONE
2026-08-23T18:55:38.004462,4820.1,78.31,4.18,1.85,67.2,12.66,1521.2,22.07,NORMAL,NONE
2026-08-23T18:55:39.004462,4832.2,78.32,4.18,1.81,65.0,13.03,1506.8,21.82,NORMAL,NONE
2026-08-23T18:55:40.004462,4780.7,78.41,4.17,2.06,61.7,12.42,1484.7,21.36,NORMAL,NONE
2026-08-23T18:55:41.004462,4749.4,79.02,4.22,1.88,62.4,12.57,1490.3,21.2,NORMAL,NONE
2026-08-23T18:55:42.004462,4763.0,78.98,4.34,2.04,65.5,12.94,1494.4,22.91,NORMAL,NONE
2026-08-23T18:55:43.004462,4798.6,77.84,4.23,2.0,64.0,12.54,1511.4,22.49,NORMAL,NONE
2026-08-23T18:55:44.004462,4846.3,78.94,4.18,1.69,69.0,12.34,1505.4,22.16,NORMAL,NONE
2026-08-23T18:55:45.004462,4828.0,78.99,4.21,1.99,58.0,12.51,1493.7,20.97,NORMAL,NONE
2026-08-23T18:55:46.004462,4787.5,78.45,4.22,2.0,61.1,12.51,1485.8,21.65,NORMAL,NONE
2026-08-23T18:55:47.004462,4865.8,76.71,4.21,1.87,63.4,12.27,1499.6,22.0,NORMAL,NONE
2026-08-23T18:55:48.004462,4725.5,78.25,4.33,1.83,65.7,12.14,1508.1,21.44,NORMAL,NONE
2026-08-23T18:55:49.004462,4834.7,77.94,4.18,2.14,73.3,12.39,1517.8,22.96,NORMAL,NONE
2026-08-23T18:55:50.004462,4737.3,76.9,4.13,1.91,66.7,12.99,1486.3,22.66,NORMAL,NONE
2026-08-23T18:55:51.004462,4769.6,77.24,4.25,1.87,63.6,12.85,1497.3,22.6,NORMAL,NONE
2026-08-23T18:55:52.004462,4811.9,79.05,4.23,2.44,62.0,12.6,1490.1,23.12,NORMAL,NONE
2026-08-23T18:55:53.004462,4797.3,78.35,4.22,2.12,73.6,12.0,1487.4,22.15,NORMAL,NONE
2026-08-23T18:55:54.004462,4759.4,78.66,4.25,2.0,66.2,12.5,1486.1,21.33,NORMAL,NONE
2026-08-23T18:55:55.004462,4783.8,77.76,4.18,2.21,64.4,12.62,1494.4,21.78,NORMAL,NONE
2026-08-23T18:55:56.004462,4788.0,78.35,4.3,1.92,59.5,11.99,1477.4,21.05,NORMAL,NONE
2026-08-23T18:55:57.004462,4738.3,76.84,4.25,1.96,69.5,11.99,1505.3,22.18,NORMAL,NONE
2026-08-23T18:55:58.004462,4829.1,78.88,4.14,2.09,65.6,12.38,1499.9,21.98,NORMAL,NONE
2026-08-23T18:55:59.004462,4786.0,76.25,4.2,2.09,69.8,12.25,1496.8,22.02,NORMAL,NONE
2026-08-23T18:56:00.004462,4824.4,78.81,4.19,1.88,69.0,12.33,1545.3,22.59,NORMAL,NONE
2026-08-23T18:56:01.004462,4777.5,79.95,4.21,1.76,62.1,13.13,1512.2,22.62,NORMAL,NONE
2026-08-23T18:56:02.004462,4883.9,77.64,4.22,2.07,67.4,11.99,1483.9,22.74,NORMAL,NONE
2026-08-23T18:56:03.004462,4733.9,76.08,4.13,1.74,60.3,12.29,1476.4,22.7,NORMAL,NONE
2026-08-23T18:56:04.004462,4768.2,79.72,4.18,2.04,67.6,12.24,1497.9,22.62,NORMAL,NONE
2026-08-23T18:56:05.004462,4831.9,78.45,4.21,2.21,64.0,12.1,1489.0,21.91,NORMAL,NONE
2026-08-23T18:56:06.004462,4719.3,78.35,4.11,2.17,66.8,12.36,1486.5,21.74,NORMAL,NONE
2026-08-23T18:56:07.004462,4793.3,77.75,4.26,2.02,66.4,12.25,1474.3,22.55,NORMAL,NONE
2026-08-23T18:56:08.004462,4754.9,77.98,4.26,1.82,64.1,12.05,1501.8,21.79,NORMAL,NONE
2026-08-23T18:56:09.004462,4761.7,77.03,4.18,2.05,64.3,12.77,1499.2,21.91,NORMAL,NONE
2026-08-23T18:56:10.004462,4805.7,77.84,4.3,2.0,64.0,12.46,1478.2,21.8,NORMAL,NONE
2026-08-23T18:56:11.004462,4800.7,79.63,4.18,1.96,61.5,12.4,1495.6,21.34,NORMAL,NONE
2026-08-23T18:56:12.004462,4861.5,77.52,4.28,2.02,61.5,12.78,1501.5,21.85,NORMAL,NONE
2026-08-23T18:56:13.004462,4820.2,76.57,4.28,1.94,63.3,12.4,1498.1,22.02,NORMAL,NONE
2026-08-23T18:56:14.004462,4840.7,79.06,4.12,1.91,65.5,12.53,1505.5,21.86,NORMAL,NONE
2026-08-23T18:56:15.004462,4822.3,78.11,4.11,1.93,67.3,12.0,1512.4,22.26,NORMAL,NONE
2026-08-23T18:56:16.004462,4767.2,77.07,4.18,1.88,63.4,12.75,1494.4,21.37,NORMAL,NONE
2026-08-23T18:56:17.004462,4840.1,76.24,4.23,1.99,65.0,12.25,1492.1,22.24,NORMAL,NONE
2026-08-23T18:56:18.004462,4800.7,80.14,4.22,2.24,62.6,12.74,1490.1,22.03,NORMAL,NONE
2026-08-23T18:56:19.004462,4878.9,79.09,4.21,1.81,67.0,12.52,1547.6,22.55,NORMAL,NONE
2026-08-23T18:56:20.004462,4784.0,77.41,4.27,1.78,63.8,11.75,1497.2,22.32,NORMAL,NONE
2026-08-23T18:56:21.004462,4894.4,78.43,4.13,1.94,60.3,12.51,1504.0,22.1,NORMAL,NONE
2026-08-23T18:56:22.004462,4745.8,78.88,4.23,2.14,61.7,12.41,1507.6,22.23,NORMAL,NONE
2026-08-23T18:56:23.004462,4816.1,78.19,4.07,1.86,69.5,12.64,1503.8,21.8,NORMAL,NONE
2026-08-23T18:56:24.004462,4825.4,77.84,4.17,2.23,66.1,12.87,1490.9,21.31,NORMAL,NONE
2026-08-23T18:56:25.004462,4824.3,77.51,4.23,2.11,64.0,12.61,1500.3,21.19,NORMAL,NONE
2026-08-23T18:56:26.004462,4809.6,78.57,4.18,2.18,62.7,12.09,1488.7,22.4,NORMAL,NONE
2026-08-23T18:56:27.004462,4776.5,75.81,4.35,1.64,64.1,12.09,1485.8,21.08,NORMAL,NONE
2026-08-23T18:56:28.004462,4812.5,77.19,4.31,2.03,63.6,12.6,1487.0,21.87,NORMAL,NONE
2026-08-23T18:56:29.004462,4800.3,77.96,4.25,1.83,61.3,12.73,1500.3,21.95,NORMAL,NONE
2026-08-23T18:56:30.004462,4817.2,77.85,4.24,2.06,57.8,12.94,1499.4,22.75,NORMAL,NONE
2026-08-23T18:56:31.004462,4798.0,78.64,4.26,1.82,66.4,12.17,1509.4,22.48,NORMAL,NONE
2026-08-23T18:56:32.004462,4769.9,79.23,4.23,2.02,63.5,12.26,1496.8,22.4,NORMAL,NONE
2026-08-23T18:56:33.004462,4803.0,78.36,4.17,1.94,62.6,12.53,1494.1,22.93,NORMAL,NONE
2026-08-23T18:56:34.004462,4751.8,77.31,4.15,1.99,63.5,12.96,1528.8,22.09,NORMAL,NONE
2026-08-23T18:56:35.004462,4770.6,78.55,4.17,2.05,62.5,12.71,1498.1,21.61,NORMAL,NONE
2026-08-23T18:56:36.004462,4850.4,78.32,4.23,2.16,62.9,12.45,1509.8,21.45,NORMAL,NONE
2026-08-23T18:56:37.004462,4885.7,77.62,4.31,1.82,66.1,12.4,1502.5,22.1,NORMAL,NONE
2026-08-23T18:56:38.004462,4724.4,77.91,4.25,1.76,60.8,12.44,1492.0,21.78,NORMAL,NONE
2026-08-23T18:56:39.004462,4838.8,76.22,4.26,2.09,63.6,12.57,1506.0,22.11,NORMAL,NONE
2026-08-23T18:56:40.004462,4729.1,78.61,4.21,1.82,58.8,12.45,1517.1,22.46,NORMAL,NONE
2026-08-23T18:56:41.004462,4833.2,79.59,4.19,2.21,62.4,12.32,1496.0,21.6,NORMAL,NONE
2026-08-23T18:56:42.004462,4885.0,76.75,4.3,1.99,63.5,12.67,1508.1,21.19,NORMAL,NONE
2026-08-23T18:56:43.004462,4763.7,79.24,4.39,2.04,62.8,12.76,1468.1,22.89,NORMAL,NONE
2026-08-23T18:56:44.004462,4861.1,77.4,4.17,1.85,68.2,12.72,1514.4,21.76,NORMAL,NONE
2026-08-23T18:56:45.004462,4840.5,79.06,4.28,2.39,68.6,12.65,1519.3,22.25,NORMAL,NONE
2026-08-23T18:56:46.004462,4799.6,78.2,4.13,2.23,64.4,12.6,1476.4,21.58,NORMAL,NONE
2026-08-23T18:56:47.004462,4792.0,79.28,4.13,2.28,68.5,12.66,1525.2,21.42,NORMAL,NONE
2026-08-23T18:56:48.004462,4768.7,79.02,4.24,2.21,64.5,12.32,1490.2,22.09,NORMAL,NONE
2026-08-23T18:56:49.004462,4824.8,76.61,4.1,1.79,63.2,12.37,1492.4,21.17,NORMAL,NONE
2026-08-23T18:56:50.004462,4832.7,79.03,4.18,1.7,64.9,12.55,1480.8,21.8,NORMAL,NONE
2026-08-23T18:56:51.004462,4754.4,79.5,4.16,1.64,66.2,12.51,1503.0,22.21,NORMAL,NONE
2026-08-23T18:56:52.004462,4811.8,78.78,4.24,1.9,65.8,12.45,1513.9,21.76,NORMAL,NONE
2026-08-23T18:56:53.004462,4746.6,78.3,4.18,2.23,65.5,12.55,1523.5,21.68,NORMAL,NONE
2026-08-23T18:56:54.004462,4758.0,78.21,4.2,2.1,65.1,12.37,1502.3,22.18,NORMAL,NONE
2026-08-23T18:56:55.004462,4824.0,78.56,4.32,2.2,66.9,12.49,1497.0,21.41,NORMAL,NONE
2026-08-23T18:56:56.004462,4775.7,78.54,4.08,2.04,62.3,12.3,1481.5,22.12,NORMAL,NONE
2026-08-23T18:56:57.004462,4845.0,78.99,4.15,2.03,65.6,12.89,1470.7,20.89,NORMAL,NONE
2026-08-23T18:56:58.004462,4783.1,78.75,4.24,1.86,67.9,13.01,1504.6,21.47,NORMAL,NONE
2026-08-23T18:56:59.004462,4823.9,77.54,4.28,2.02,69.4,12.3,1504.0,22.23,NORMAL,NONE
2026-08-23T18:57:00.004462,4749.2,78.43,4.26,1.79,65.5,12.26,1474.7,22.3,NORMAL,NONE
2026-08-23T18:57:01.004462,4810.6,78.61,4.2,1.65,65.3,12.14,1501.3,21.81,NORMAL,NONE
2026-08-23T18:57:02.004462,4824.8,75.99,4.2,2.03,63.5,12.99,1486.3,21.55,NORMAL,NONE
2026-08-23T18:57:03.004462,4812.5,78.16,4.25,1.8,57.2,12.9,1489.5,21.57,NORMAL,NONE
2026-08-23T18:57:04.004462,4776.0,78.84,4.3,2.09,62.5,12.96,1496.6,21.61,NORMAL,NONE
2026-08-23T18:57:05.004462,4794.5,77.44,4.11,1.99,61.3,12.15,1511.0,21.36,NORMAL,NONE
2026-08-23T18:57:06.004462,4806.2,78.56,4.23,2.04,64.9,13.05,1503.8,22.53,NORMAL,NONE
2026-08-23T18:57:07.004462,4763.2,78.51,4.16,2.31,62.1,12.57,1502.3,21.38,NORMAL,NONE
2026-08-23T18:57:08.004462,4781.4,77.79,4.33,1.83,65.2,12.71,1468.6,23.02,NORMAL,NONE
2026-08-23T18:57:09.004462,4860.5,79.13,4.22,2.09,70.2,12.72,1514.7,22.14,NORMAL,NONE
2026-08-23T18:57:10.004462,4845.3,77.15,4.29,1.94,71.5,12.3,1504.9,22.24,NORMAL,NONE
2026-08-23T18:57:11.004462,4754.9,76.95,4.1,2.05,65.5,12.42,1489.2,22.34,NORMAL,NONE
2026-08-23T18:57:12.004462,4758.8,79.0,4.23,1.97,64.8,12.42,1498.0,21.77,NORMAL,NONE
2026-08-23T18:57:13.004462,4788.9,79.55,4.35,2.05,56.9,12.61,1500.6,21.22,NORMAL,NONE
2026-08-23T18:57:14.004462,4848.7,78.24,3.98,2.02,61.7,12.52,1479.9,22.75,NORMAL,NONE
2026-08-23T18:57:15.004462,4860.2,76.64,4.08,2.16,62.7,12.42,1452.6,22.13,NORMAL,NONE
2026-08-23T18:57:16.004462,4803.0,78.3,4.27,1.94,64.0,12.14,1512.4,22.47,NORMAL,NONE
2026-08-23T18:57:17.004462,4777.8,77.93,4.08,2.25,68.8,12.5,1465.6,22.6,NORMAL,NONE
2026-08-23T18:57:18.004462,4751.9,78.37,4.02,2.15,69.7,12.77,1510.7,22.03,NORMAL,NONE
2026-08-23T18:57:19.004462,4832.7,77.65,4.06,1.9,59.3,12.47,1522.9,21.69,NORMAL,NONE
2026-08-23T18:57:20.004462,4798.8,77.42,4.17,1.99,68.4,12.65,1486.1,21.96,NORMAL,NONE
2026-08-23T18:57:21.004462,4818.3,79.72,4.3,2.25,59.8,12.62,1524.3,22.02,NORMAL,NONE
2026-08-23T18:57:22.004462,4753.1,79.07,4.27,2.08,64.2,12.55,1492.2,21.8,NORMAL,NONE
2026-08-23T18:57:23.004462,4782.1,76.67,4.18,2.02,66.5,12.56,1496.7,21.5,NORMAL,NONE
2026-08-23T18:57:24.004462,4840.3,77.7,4.12,2.04,61.6,12.32,1492.2,22.13,NORMAL,NONE
2026-08-23T18:57:25.004462,4792.3,78.76,4.24,1.97,62.8,12.62,1509.8,21.68,NORMAL,NONE
2026-08-23T18:57:26.004462,4864.6,77.68,4.29,2.05,61.1,12.76,1510.9,21.56,NORMAL,NONE
2026-08-23T18:57:27.004462,4855.7,76.58,4.23,1.87,63.8,12.27,1487.4,22.53,NORMAL,NONE
2026-08-23T18:57:28.004462,4794.7,79.92,4.12,2.03,64.4,12.71,1483.6,21.59,NORMAL,NONE
2026-08-23T18:57:29.004462,4820.6,77.42,4.28,2.21,65.1,12.99,1473.3,21.85,NORMAL,NONE
2026-08-23T18:57:30.004462,4761.5,78.08,4.22,2.03,65.3,12.49,1491.8,22.4,NORMAL,NONE
2026-08-23T18:57:31.004462,4748.1,76.53,4.33,2.07,62.6,13.26,1520.4,22.48,NORMAL,NONE
2026-08-23T18:57:32.004462,4746.7,79.19,4.2,2.14,62.5,12.22,1493.6,22.31,NORMAL,NONE
2026-08-23T18:57:33.004462,4779.1,77.57,4.11,1.85,67.2,12.1,1506.2,22.02,NORMAL,NONE
2026-08-23T18:57:34.004462,4801.0,78.1,4.2,2.27,62.8,12.56,1507.7,22.12,NORMAL,NONE
2026-08-23T18:57:35.004462,4778.2,77.74,4.19,1.88,61.6,12.69,1499.6,22.36,NORMAL,NONE
2026-08-23T18:57:36.004462,4797.0,77.57,4.2,2.05,65.8,12.95,1499.5,21.63,NORMAL,NONE
2026-08-23T18:57:37.004462,4782.5,78.03,4.11,2.06,60.7,12.68,1492.2,22.09,NORMAL,NONE
2026-08-23T18:57:38.004462,4777.1,76.6,4.2,1.93,68.4,12.84,1493.7,21.26,NORMAL,NONE
2026-08-23T18:57:39.004462,4778.5,79.95,4.13,2.07,60.5,12.05,1509.1,21.95,NORMAL,NONE
2026-08-23T18:57:40.004462,4815.4,78.14,4.17,2.03,66.1,12.02,1522.1,22.17,NORMAL,NONE
2026-08-23T18:57:41.004462,4848.7,76.22,4.1,1.89,62.5,12.41,1482.4,22.04,NORMAL,NONE
2026-08-23T18:57:42.004462,4740.1,79.7,4.19,1.8,64.6,12.32,1504.9,22.18,NORMAL,NONE
2026-08-23T18:57:43.004462,4813.3,77.9,4.36,2.23,62.9,12.68,1517.5,22.01,NORMAL,NONE
2026-08-23T18:57:44.004462,4806.2,76.69,4.2,2.1,59.1,12.42,1512.4,22.38,NORMAL,NONE
2026-08-23T18:57:45.004462,4815.9,77.89,4.15,2.09,65.7,12.54,1518.4,21.85,NORMAL,NONE
2026-08-23T18:57:46.004462,4784.2,78.25,4.15,2.23,67.6,12.69,1480.5,23.03,NORMAL,NONE
2026-08-23T18:57:47.004462,4835.8,76.79,4.07,1.89,66.2,12.75,1512.9,21.65,NORMAL,NONE
2026-08-23T18:57:48.004462,4813.2,78.64,4.2,2.01,66.5,12.18,1454.4,21.84,NORMAL,NONE
2026-08-23T18:57:49.004462,4777.6,78.79,4.22,2.32,64.1,13.27,1520.4,22.39,NORMAL,NONE
2026-08-23T18:57:50.004462,4785.5,79.22,4.22,2.32,63.7,12.35,1493.5,21.87,NORMAL,NONE
2026-08-23T18:57:51.004462,4863.3,78.22,4.07,1.9,68.7,12.63,1501.1,21.8,NORMAL,NONE
2026-08-23T18:57:52.004462,4844.3,78.52,4.22,2.26,70.8,12.98,1483.8,22.6,NORMAL,NONE
2026-08-23T18:57:53.004462,4785.0,76.2,4.06,1.89,65.6,12.62,1510.1,21.79,NORMAL,NONE
2026-08-23T18:57:54.004462,4798.5,77.93,4.24,1.87,68.2,12.61,1452.3,22.54,NORMAL,NONE
2026-08-23T18:57:55.004462,4879.5,76.81,4.21,2.03,69.0,12.8,1526.0,21.39,NORMAL,NONE
2026-08-23T18:57:56.004462,4826.5,77.25,4.23,1.99,64.6,12.79,1493.7,21.33,NORMAL,NONE
2026-08-23T18:57:57.004462,4793.8,77.83,4.16,1.92,63.9,13.01,1524.5,22.09,NORMAL,NONE
2026-08-23T18:57:58.004462,4719.0,78.09,4.25,1.96,68.7,12.59,1504.7,21.83,NORMAL,NONE
2026-08-23T18:57:59.004462,4725.2,78.34,4.05,2.3,64.3,12.59,1508.3,21.64,NORMAL,NONE
2026-08-23T18:58:00.004462,4816.9,77.61,4.29,1.85,63.5,12.51,1505.2,21.48,NORMAL,NONE
2026-08-23T18:58:01.004462,4828.9,79.9,4.2,1.99,60.3,12.27,1515.3,22.89,NORMAL,NONE
2026-08-23T18:58:02.004462,4816.4,77.03,4.28,1.9,65.3,12.63,1499.4,21.85,NORMAL,NONE
2026-08-23T18:58:03.004462,4789.2,78.35,4.1,1.96,71.5,12.52,1508.8,22.21,NORMAL,NONE
2026-08-23T18:58:04.004462,4861.1,78.38,4.09,2.12,66.7,12.73,1475.9,21.91,NORMAL,NONE
2026-08-23T18:58:05.004462,4813.3,78.7,4.17,2.13,62.4,12.13,1485.8,22.91,NORMAL,NONE
2026-08-23T18:58:06.004462,4791.8,77.56,4.29,1.63,57.0,12.63,1513.5,22.06,NORMAL,NONE
2026-08-23T18:58:07.004462,4841.5,78.77,4.22,1.92,67.4,12.59,1505.2,21.77,NORMAL,NONE
2026-08-23T18:58:08.004462,4744.8,78.13,4.13,2.2,65.3,12.42,1522.0,22.55,NORMAL,NONE
2026-08-23T18:58:09.004462,4739.0,79.0,4.16,1.7,65.5,12.69,1504.8,22.05,NORMAL,NONE
2026-08-23T18:58:10.004462,4850.3,77.52,4.1,1.97,62.3,12.74,1500.5,21.77,NORMAL,NONE
2026-08-23T18:58:11.004462,4804.0,78.83,4.08,1.81,61.0,12.71,1523.2,22.23,NORMAL,NONE
2026-08-23T18:58:12.004462,4829.3,77.48,4.22,2.04,67.2,12.65,1474.4,22.14,NORMAL,NONE
2026-08-23T18:58:13.004462,4780.3,77.42,4.03,2.04,65.8,12.69,1504.2,22.25,NORMAL,NONE
2026-08-23T18:58:14.004462,4767.9,77.17,4.32,1.83,63.3,12.51,1505.1,22.03,NORMAL,NONE
2026-08-23T18:58:15.004462,4845.8,77.73,4.13,2.14,68.7,12.57,1480.3,21.87,NORMAL,NONE
2026-08-23T18:58:16.004462,4807.3,79.31,4.24,2.02,63.5,12.81,1490.6,22.15,NORMAL,NONE
2026-08-23T18:58:17.004462,4848.7,79.33,4.22,2.11,68.1,12.38,1520.9,21.79,NORMAL,NONE
2026-08-23T18:58:18.004462,4767.1,78.84,4.14,2.22,66.9,12.5,1521.3,22.18,NORMAL,NONE
2026-08-23T18:58:19.004462,4817.8,78.35,4.17,2.11,63.4,12.43,1513.8,21.75,NORMAL,NONE
2026-08-23T18:58:20.004462,4831.3,79.86,4.33,1.94,67.4,12.7,1511.3,21.84,NORMAL,NONE
2026-08-23T18:58:21.004462,4787.0,78.53,4.19,2.15,65.8,12.89,1503.9,22.14,NORMAL,NONE
2026-08-23T18:58:22.004462,4752.7,79.63,4.26,1.87,65.9,11.98,1484.4,21.16,NORMAL,NONE
2026-08-23T18:58:23.004462,4804.9,79.21,4.22,1.95,68.1,12.57,1472.3,21.51,NORMAL,NONE
2026-08-23T18:58:24.004462,4781.7,78.11,4.26,2.23,61.1,12.36,1493.0,21.44,NORMAL,NONE
2026-08-23T18:58:25.004462,4822.4,79.41,4.06,2.0,70.1,12.38,1502.7,21.59,NORMAL,NONE
2026-08-23T18:58:26.004462,4809.7,77.19,4.25,1.96,69.2,12.2,1483.6,22.17,NORMAL,NONE
2026-08-23T18:58:27.004462,4807.9,76.95,4.18,1.7,61.5,12.67,1515.5,21.35,NORMAL,NONE
2026-08-23T18:58:28.004462,4833.9,77.91,4.15,2.12,60.9,12.8,1482.5,22.01,NORMAL,NONE
2026-08-23T18:58:29.004462,4820.0,77.4,4.15,1.9,66.6,12.55,1498.6,22.13,NORMAL,NONE
2026-08-23T18:58:30.004462,4761.8,76.46,4.29,2.09,64.5,13.17,1495.4,22.07,NORMAL,NONE
2026-08-23T18:58:31.004462,4776.7,77.78,4.17,1.99,66.6,11.81,1482.2,21.6,NORMAL,NONE
2026-08-23T18:58:32.004462,4789.5,76.96,4.24,1.86,70.0,12.79,1483.3,22.54,NORMAL,NONE
2026-08-23T18:58:33.004462,4856.8,78.8,4.21,2.06,63.2,12.43,1525.2,21.24,NORMAL,NONE
2026-08-23T18:58:34.004462,4822.3,78.43,4.25,1.84,56.1,12.34,1484.9,22.63,NORMAL,NONE
2026-08-23T18:58:35.004462,4804.2,76.73,4.34,2.05,59.6,12.33,1511.8,21.05,NORMAL,NONE
2026-08-23T18:58:36.004462,4793.9,77.21,4.27,2.02,60.3,12.5,1508.0,21.76,NORMAL,NONE
2026-08-23T18:58:37.004462,4785.6,78.73,4.12,1.91,65.4,12.89,1483.8,21.78,NORMAL,NONE
2026-08-23T18:58:38.004462,4798.6,77.65,4.27,1.93,61.3,12.38,1513.8,21.97,NORMAL,NONE
2026-08-23T18:58:39.004462,4779.3,76.5,4.25,1.75,68.1,12.55,1493.2,21.78,NORMAL,NONE
2026-08-23T18:58:40.004462,4772.2,78.01,4.3,1.94,64.7,12.32,1497.0,22.0,NORMAL,NONE
2026-08-23T18:58:41.004462,4760.4,77.43,4.25,2.24,58.0,12.83,1495.1,21.77,NORMAL,NONE
2026-08-23T18:58:42.004462,4798.4,78.76,4.2,1.93,58.8,12.54,1511.0,21.42,NORMAL,NONE
2026-08-23T18:58:43.004462,4728.2,78.18,4.31,2.29,62.7,12.14,1515.2,21.41,NORMAL,NONE
2026-08-23T18:58:44.004462,4794.9,78.22,4.14,1.91,67.9,12.51,1492.9,22.64,NORMAL,NONE
2026-08-23T18:58:45.004462,4792.0,77.76,4.22,2.07,59.9,12.66,1494.6,22.07,NORMAL,NONE
2026-08-23T18:58:46.004462,4780.8,78.55,4.12,2.19,61.4,12.09,1501.3,21.51,NORMAL,NONE
2026-08-23T18:58:47.004462,4675.3,78.5,4.17,2.08,65.6,12.33,1492.2,20.99,NORMAL,NONE
2026-08-23T18:58:48.004462,4784.4,78.29,4.17,2.05,68.4,12.51,1523.6,22.75,NORMAL,NONE
2026-08-23T18:58:49.004462,4857.0,76.82,4.15,2.08,62.9,12.61,1499.4,22.32,NORMAL,NONE
2026-08-23T18:58:50.004462,4810.0,75.7,4.2,1.97,58.1,12.86,1524.2,22.01,NORMAL,NONE
2026-08-23T18:58:51.004462,4766.3,78.26,4.12,1.91,67.3,13.05,1492.8,21.64,NORMAL,NONE
2026-08-23T18:58:52.004462,4722.9,77.57,4.19,1.74,62.0,12.26,1516.8,21.15,NORMAL,NONE
2026-08-23T18:58:53.004462,4813.0,78.9,4.3,2.02,67.5,12.31,1502.8,21.62,NORMAL,NONE
2026-08-23T18:58:54.004462,4861.8,76.78,4.16,2.08,68.3,12.65,1495.9,21.66,NORMAL,NONE
2026-08-23T18:58:55.004462,4802.7,77.85,4.34,2.04,68.1,12.63,1503.5,22.57,NORMAL,NONE
2026-08-23T18:58:56.004462,4854.2,80.67,4.26,1.81,59.8,13.26,1526.3,23.05,NORMAL,NONE
2026-08-23T18:58:57.004462,4797.9,77.32,4.08,2.29,65.8,12.75,1501.6,21.95,NORMAL,NONE
2026-08-23T18:58:58.004462,4847.1,77.72,4.23,2.25,63.4,12.6,1486.2,22.72,NORMAL,NONE
2026-08-23T18:58:59.004462,4749.8,77.3,4.21,2.05,62.7,12.23,1479.5,22.16,NORMAL,NONE
2026-08-23T18:59:00.004462,4769.0,77.37,4.19,1.94,64.2,12.24,1477.7,21.91,NORMAL,NONE
2026-08-23T18:59:01.004462,4820.5,77.33,4.09,1.95,65.8,12.25,1477.7,22.69,NORMAL,NONE
2026-08-23T18:59:02.004462,4868.4,77.59,4.13,2.01,65.2,12.7,1506.0,22.47,NORMAL,NONE
2026-08-23T18:59:03.004462,4832.8,79.15,4.15,1.76,59.4,12.05,1493.2,22.57,NORMAL,NONE
2026-08-23T18:59:04.004462,4762.6,78.37,4.12,2.09,66.8,12.6,1485.6,21.91,NORMAL,NONE
2026-08-23T18:59:05.004462,4756.9,76.67,4.27,1.9,69.5,12.16,1488.5,21.95,NORMAL,NONE
2026-08-23T18:59:06.004462,4784.2,78.63,4.23,2.0,62.3,12.36,1530.0,22.26,NORMAL,NONE
2026-08-23T18:59:07.004462,4801.4,78.68,4.2,1.88,63.7,12.95,1508.9,21.85,NORMAL,NONE
2026-08-23T18:59:08.004462,4819.9,79.1,4.29,2.09,63.9,12.81,1521.6,21.17,NORMAL,NONE
2026-08-23T18:59:09.004462,4767.1,76.63,4.09,1.92,61.6,12.61,1497.7,22.25,NORMAL,NONE
2026-08-23T18:59:10.004462,4824.2,77.82,4.2,2.05,63.4,12.1,1484.4,21.01,NORMAL,NONE
2026-08-23T18:59:11.004462,4759.5,78.5,4.08,2.11,64.7,12.35,1480.0,22.24,NORMAL,NONE
2026-08-23T18:59:12.004462,4770.0,78.39,4.14,2.17,71.1,12.38,1487.8,21.66,NORMAL,NONE
2026-08-23T18:59:13.004462,4794.8,79.08,4.2,1.91,62.1,12.28,1502.9,21.94,NORMAL,NONE
2026-08-23T18:59:14.004462,4863.3,78.0,4.12,2.0,62.5,12.49,1502.8,21.77,NORMAL,NONE
2026-08-23T18:59:15.004462,4812.3,77.23,4.29,1.83,69.0,12.44,1488.1,21.9,NORMAL,NONE
2026-08-23T18:59:16.004462,4770.7,77.54,4.17,2.13,67.7,12.49,1513.4,22.04,NORMAL,NONE
2026-08-23T18:59:17.004462,4708.3,77.96,4.18,2.1,61.5,13.2,1502.9,22.11,NORMAL,NONE
2026-08-23T18:59:18.004462,4770.3,78.05,4.22,1.95,67.5,12.84,1493.0,21.88,NORMAL,NONE
2026-08-23T18:59:19.004462,4778.4,76.65,4.28,2.19,66.8,13.15,1506.0,22.17,NORMAL,NONE
2026-08-23T18:59:20.004462,4814.7,77.84,4.27,2.12,66.3,12.51,1510.1,22.25,NORMAL,NONE
2026-08-23T18:59:21.004462,4807.2,77.61,4.3,1.67,66.8,12.78,1495.1,22.2,NORMAL,NONE
2026-08-23T18:59:22.004462,4795.3,77.46,4.03,1.97,61.8,12.76,1514.4,21.14,NORMAL,NONE
2026-08-23T18:59:23.004462,4724.0,79.22,4.25,2.11,58.7,12.6,1498.6,22.49,NORMAL,NONE
2026-08-23T18:59:24.004462,4837.6,74.62,4.36,1.87,65.9,12.27,1496.7,21.04,NORMAL,NONE
2026-08-23T18:59:25.004462,4807.3,77.89,4.22,1.91,63.3,12.4,1486.7,21.53,NORMAL,NONE
2026-08-23T18:59:26.004462,4771.9,76.91,4.23,1.84,68.6,12.46,1501.4,21.26,NORMAL,NONE
2026-08-23T18:59:27.004462,4800.1,79.33,4.11,2.19,62.6,12.33,1490.5,22.48,NORMAL,NONE
2026-08-23T18:59:28.004462,4861.1,79.77,4.3,2.08,61.5,12.43,1480.1,21.87,NORMAL,NONE
2026-08-23T18:59:29.004462,4811.1,79.97,4.18,1.69,61.6,12.64,1517.3,21.08,NORMAL,NONE
2026-08-23T18:59:30.004462,4770.9,77.87,4.12,2.02,62.8,13.13,1484.8,21.73,NORMAL,NONE
2026-08-23T18:59:31.004462,4828.9,78.26,4.25,1.93,69.7,12.19,1485.0,21.92,NORMAL,NONE
2026-08-23T18:59:32.004462,4815.1,79.88,4.24,2.0,63.6,12.47,1486.2,22.61,NORMAL,NONE
2026-08-23T18:59:33.004462,4831.5,77.51,4.29,1.96,63.4,12.44,1488.1,21.64,NORMAL,NONE
2026-08-23T18:59:34.004462,4764.8,77.4,4.24,1.92,67.1,12.74,1502.7,21.86,NORMAL,NONE
2026-08-23T18:59:35.004462,4810.9,77.54,4.24,2.16,62.3,12.13,1509.9,21.01,NORMAL,NONE
2026-08-23T18:59:36.004462,4769.1,78.64,4.11,1.91,63.7,12.24,1497.2,21.56,NORMAL,NONE
2026-08-23T18:59:37.004462,4837.8,79.24,4.17,1.71,62.5,12.31,1490.5,21.35,NORMAL,NONE
2026-08-23T18:59:38.004462,4798.9,77.86,4.26,2.09,69.1,12.48,1501.5,22.17,NORMAL,NONE
2026-08-23T18:59:39.004462,4816.1,79.1,4.23,2.04,65.8,12.75,1521.4,21.83,NORMAL,NONE
2026-08-23T18:59:40.004462,4766.1,77.95,4.06,2.03,64.3,12.35,1469.4,22.38,NORMAL,NONE
2026-08-23T18:59:41.004462,4729.8,79.77,4.15,1.93,66.2,12.61,1472.2,21.66,NORMAL,NONE
2026-08-23T18:59:42.004462,4830.4,77.18,4.11,1.92,66.2,12.76,1526.5,21.67,NORMAL,NONE
2026-08-23T18:59:43.004462,4784.6,78.48,4.2,1.55,63.1,12.18,1493.3,22.02,NORMAL,NONE
2026-08-23T18:59:44.004462,4769.4,78.36,4.34,1.91,62.8,12.49,1510.7,21.52,NORMAL,NONE
2026-08-23T18:59:45.004462,4786.6,78.0,4.17,2.45,68.2,12.51,1504.4,21.99,NORMAL,NONE
2026-08-23T18:59:46.004462,4796.9,78.48,4.19,1.83,66.2,12.29,1489.4,21.47,NORMAL,NONE
2026-08-23T18:59:47.004462,4827.7,76.25,4.17,1.99,61.8,12.52,1485.3,21.85,NORMAL,NONE
2026-08-23T18:59:48.004462,4840.8,76.45,4.38,1.92,64.2,12.54,1515.1,22.01,NORMAL,NONE
2026-08-23T18:59:49.004462,4824.2,78.1,4.26,1.8,67.5,12.11,1490.8,22.08,NORMAL,NONE
2026-08-23T18:59:50.004462,4766.6,77.07,4.1,1.92,61.2,12.55,1492.5,21.94,NORMAL,NONE
2026-08-23T18:59:51.004462,4796.1,76.76,4.05,1.86,63.6,12.22,1487.0,21.76,NORMAL,NONE
2026-08-23T18:59:52.004462,4745.8,77.76,4.25,1.89,66.3,11.97,1493.5,22.08,NORMAL,NONE
2026-08-23T18:59:53.004462,4846.6,77.75,4.06,1.73,64.0,12.92,1492.2,21.3,NORMAL,NONE
2026-08-23T18:59:54.004462,4797.3,79.02,4.21,1.94,67.7,12.25,1514.0,21.67,NORMAL,NONE
2026-08-23T18:59:55.004462,4756.1,77.33,4.18,2.04,60.7,12.62,1493.7,21.53,NORMAL,NONE
2026-08-23T18:59:56.004462,4824.3,77.53,4.22,1.86,64.4,12.2,1520.6,21.26,NORMAL,NONE
2026-08-23T18:59:57.004462,4816.2,78.74,4.15,2.01,57.2,12.88,1498.2,21.64,NORMAL,NONE
2026-08-23T18:59:58.004462,4817.8,77.88,4.13,2.15,62.4,12.85,1487.9,21.24,NORMAL,NONE
2026-08-23T18:59:59.004462,4761.0,78.25,4.13,2.0,64.7,12.74,1482.9,21.35,NORMAL,NONE
2026-08-23T19:00:00.004462,4827.6,77.64,4.14,1.89,54.4,12.7,1504.4,22.6,NORMAL,NONE
2026-08-23T19:00:01.004462,4739.2,77.35,4.18,2.09,65.5,12.93,1503.5,21.86,NORMAL,NONE
2026-08-23T19:00:02.004462,4799.8,76.32,4.15,2.03,69.3,12.55,1505.0,21.65,NORMAL,NONE
2026-08-23T19:00:03.004462,4815.0,76.39,4.22,1.62,65.1,12.47,1510.7,22.43,NORMAL,NONE
2026-08-23T19:00:04.004462,4800.6,78.37,4.14,2.27,60.7,12.91,1492.2,22.32,NORMAL,NONE
2026-08-23T19:00:05.004462,4786.9,78.15,4.23,1.73,59.1,12.34,1485.0,21.65,NORMAL,NONE
2026-08-23T19:00:06.004462,4803.0,77.06,4.12,1.99,64.2,12.37,1493.3,20.71,NORMAL,NONE
2026-08-23T19:00:07.004462,4913.3,78.86,4.13,1.84,68.1,12.56,1485.7,22.43,NORMAL,NONE
2026-08-23T19:00:08.004462,4754.5,78.55,4.13,1.94,63.1,12.0,1486.6,22.53,NORMAL,NONE
2026-08-23T19:00:09.004462,4791.8,78.1,4.29,2.58,68.2,12.14,1507.9,21.83,NORMAL,NONE
2026-08-23T19:00:10.004462,4796.7,77.9,4.11,2.09,63.8,12.7,1529.4,22.48,NORMAL,NONE
2026-08-23T19:00:11.004462,4818.2,77.16,4.27,2.14,66.1,12.46,1473.2,22.85,NORMAL,NONE
2026-08-23T19:00:12.004462,4757.3,77.1,4.2,2.02,70.1,12.5,1485.4,21.29,NORMAL,NONE
2026-08-23T19:00:13.004462,4807.5,78.57,4.19,1.87,67.6,12.93,1494.4,22.57,NORMAL,NONE
2026-08-23T19:00:14.004462,4816.0,78.05,4.22,1.83,68.6,11.99,1486.1,22.11,NORMAL,NONE
2026-08-23T19:00:15.004462,4853.8,78.52,4.34,1.97,66.6,12.69,1517.2,21.77,NORMAL,NONE
2026-08-23T19:00:16.004462,4772.3,77.63,4.15,1.88,64.7,12.51,1486.8,20.97,NORMAL,NONE
2026-08-23T19:00:17.004462,4766.3,78.13,4.17,2.09,68.3,12.21,1468.3,21.22,NORMAL,NONE
2026-08-23T19:00:18.004462,4772.1,77.44,4.23,2.03,66.1,12.34,1486.0,21.77,NORMAL,NONE
2026-08-23T19:00:19.004462,4715.5,77.25,4.25,2.19,68.0,12.73,1500.9,22.19,NORMAL,NONE
2026-08-23T19:00:20.004462,4798.4,77.79,4.09,1.99,67.1,12.66,1495.8,21.68,NORMAL,NONE
2026-08-23T19:00:21.004462,4799.3,77.99,4.19,2.38,64.9,12.64,1523.9,22.26,NORMAL,NONE
2026-08-23T19:00:22.004462,4797.2,78.04,4.27,2.11,66.7,12.31,1490.5,22.01,NORMAL,NONE
2026-08-23T19:00:23.004462,4718.0,80.37,4.22,2.12,63.2,12.59,1501.4,22.73,NORMAL,NONE
2026-08-23T19:00:24.004462,4779.7,78.3,4.18,2.28,64.2,12.76,1472.0,22.84,NORMAL,NONE
2026-08-23T19:00:25.004462,4815.4,76.74,4.31,1.96,63.0,12.35,1501.8,22.45,NORMAL,NONE
2026-08-23T19:00:26.004462,4806.5,77.44,4.29,2.1,64.6,12.73,1469.1,22.17,NORMAL,NONE
2026-08-23T19:00:27.004462,4829.6,79.54,4.19,1.78,64.5,12.53,1500.5,21.44,NORMAL,NONE
2026-08-23T19:00:28.004462,4881.1,79.66,4.38,1.99,65.0,12.69,1507.2,22.36,NORMAL,NONE
2026-08-23T19:00:29.004462,4828.1,76.62,4.24,2.06,61.9,12.56,1503.9,21.49,NORMAL,NONE
2026-08-23T19:00:30.004462,4868.9,78.67,4.2,2.13,64.6,12.99,1511.8,22.26,NORMAL,NONE
2026-08-23T19:00:31.004462,4822.7,79.1,4.28,2.02,65.6,12.56,1488.8,21.91,NORMAL,NONE
2026-08-23T19:00:32.004462,4862.0,78.71,4.14,2.07,69.2,12.44,1477.7,22.75,NORMAL,NONE
2026-08-23T19:00:33.004462,4772.2,78.81,4.03,1.9,61.9,12.6,1521.1,21.79,NORMAL,NONE
2026-08-23T19:00:34.004462,4796.8,77.47,4.17,1.93,62.3,12.54,1498.9,21.92,NORMAL,NONE
2026-08-23T19:00:35.004462,4841.8,76.74,4.06,2.09,68.7,12.31,1512.7,21.34,NORMAL,NONE
2026-08-23T19:00:36.004462,4786.7,77.7,4.2,1.9,64.4,12.28,1509.3,21.75,NORMAL,NONE
2026-08-23T19:00:37.004462,4818.5,78.14,4.32,2.02,60.9,11.87,1474.4,21.89,NORMAL,NONE
2026-08-23T19:00:38.004462,4812.8,77.45,4.27,2.09,65.1,12.77,1502.1,22.6,NORMAL,NONE
2026-08-23T19:00:39.004462,4812.3,77.31,4.12,1.85,64.3,12.32,1510.5,21.58,NORMAL,NONE
2026-08-23T19:00:40.004462,4798.9,78.25,4.15,1.86,70.0,12.56,1483.1,22.78,NORMAL,NONE
2026-08-23T19:00:41.004462,4819.8,78.45,4.19,2.15,71.5,12.55,1506.5,22.03,NORMAL,NONE
2026-08-23T19:00:42.004462,4847.5,77.92,4.23,2.13,64.2,12.3,1483.4,22.04,NORMAL,NONE
2026-08-23T19:00:43.004462,4897.3,79.83,4.07,1.62,59.5,12.07,1504.4,22.01,NORMAL,NONE
2026-08-23T19:00:44.004462,4819.6,79.04,4.44,1.96,64.5,12.35,1471.1,22.29,NORMAL,NONE
2026-08-23T19:00:45.004462,4871.9,78.95,4.24,1.99,64.6,12.28,1479.0,21.66,NORMAL,NONE
2026-08-23T19:00:46.004462,4825.9,79.74,4.2,2.1,67.8,12.51,1480.6,21.82,NORMAL,NONE
2026-08-23T19:00:47.004462,4805.5,76.44,4.18,2.29,64.3,12.27,1486.4,22.03,NORMAL,NONE
2026-08-23T19:00:48.004462,4738.4,77.92,4.34,2.17,65.7,12.5,1526.9,21.83,NORMAL,NONE
2026-08-23T19:00:49.004462,4754.4,76.05,4.09,1.67,63.6,12.52,1509.9,21.8,NORMAL,NONE
2026-08-23T19:00:50.004462,4765.0,78.17,4.08,2.2,63.8,12.31,1482.4,22.02,NORMAL,NONE
2026-08-23T19:00:51.004462,4830.8,77.58,4.22,2.04,66.5,12.18,1499.5,23.47,NORMAL,NONE
2026-08-23T19:00:52.004462,4832.4,77.95,4.2,1.79,69.4,12.46,1503.2,21.56,NORMAL,NONE
2026-08-23T19:00:53.004462,4883.8,76.25,4.07,1.88,62.9,12.34,1476.7,21.39,NORMAL,NONE
2026-08-23T19:00:54.004462,4752.2,75.87,4.17,1.97,65.2,12.42,1495.7,21.57,NORMAL,NONE
2026-08-23T19:00:55.004462,4814.2,77.98,4.22,1.8,63.6,12.79,1500.8,22.47,NORMAL,NONE
2026-08-23T19:00:56.004462,4803.4,79.38,4.38,1.81,59.7,11.8,1535.2,21.74,NORMAL,NONE
2026-08-23T19:00:57.004462,4727.4,77.93,4.2,1.98,67.6,12.31,1490.5,22.15,NORMAL,NONE
2026-08-23T19:00:58.004462,4806.4,76.81,4.15,1.94,66.3,12.39,1502.5,21.72,NORMAL,NONE
2026-08-23T19:00:59.004462,4783.9,78.62,4.27,2.25,64.8,12.64,1501.7,21.3,NORMAL,NONE
2026-08-23T19:01:00.004462,4868.2,77.52,4.31,2.03,66.9,12.76,1512.2,21.98,NORMAL,NONE
2026-08-23T19:01:01.004462,4745.4,77.48,4.15,2.05,66.8,12.93,1503.9,21.7,NORMAL,NONE
2026-08-23T19:01:02.004462,4856.6,78.11,4.1,1.88,69.5,13.14,1510.4,21.5,NORMAL,NONE
2026-08-23T19:01:03.004462,4851.0,77.18,4.2,1.93,64.0,12.49,1510.0,22.42,NORMAL,NONE
2026-08-23T19:01:04.004462,4830.7,77.27,4.24,1.99,63.9,12.58,1493.9,22.32,NORMAL,NONE
2026-08-23T19:01:05.004462,4791.5,78.16,4.3,1.84,66.3,12.54,1522.0,22.45,NORMAL,NONE
2026-08-23T19:01:06.004462,4752.1,78.53,4.06,2.13,60.8,12.64,1506.0,21.89,NORMAL,NONE
2026-08-23T19:01:07.004462,4864.6,79.61,4.19,1.89,64.7,12.54,1509.8,22.45,NORMAL,NONE
2026-08-23T19:01:08.004462,4752.6,78.91,4.17,1.82,68.4,12.37,1496.8,22.67,NORMAL,NONE
2026-08-23T19:01:09.004462,4735.6,78.59,4.11,1.9,68.9,12.89,1513.6,21.84,NORMAL,NONE
2026-08-23T19:01:10.004462,4828.4,77.26,4.02,1.93,63.8,12.66,1492.7,22.09,NORMAL,NONE
2026-08-23T19:01:11.004462,4791.5,78.37,4.16,2.22,62.6,13.14,1507.4,22.5,NORMAL,NONE
2026-08-23T19:01:12.004462,4810.2,80.05,4.2,1.97,64.3,12.56,1528.2,22.34,NORMAL,NONE
2026-08-23T19:01:13.004462,4683.0,79.21,4.22,1.76,64.4,12.25,1500.0,22.21,NORMAL,NONE
2026-08-23T19:01:14.004462,4806.9,80.46,4.25,1.94,65.1,12.52,1508.8,22.04,NORMAL,NONE
2026-08-23T19:01:15.004462,4882.6,77.9,4.17,1.96,62.1,12.81,1518.2,22.25,NORMAL,NONE
2026-08-23T19:01:16.004462,4835.9,76.72,4.22,1.72,65.0,12.56,1488.2,23.47,NORMAL,NONE
2026-08-23T19:01:17.004462,4825.7,78.77,4.3,2.14,60.3,12.56,1510.3,21.96,NORMAL,NONE
2026-08-23T19:01:18.004462,4819.6,78.36,4.2,2.08,65.6,12.71,1494.7,22.08,NORMAL,NONE
2026-08-23T19:01:19.004462,4861.8,77.03,4.18,1.82,62.9,12.35,1524.5,22.58,NORMAL,NONE
2026-08-23T19:01:20.004462,4809.4,76.72,4.14,1.9,69.3,12.42,1482.1,22.42,NORMAL,NONE
2026-08-23T19:01:21.004462,4754.3,76.67,3.94,1.95,66.2,12.44,1504.4,22.78,NORMAL,NONE
2026-08-23T19:01:22.004462,4780.4,78.41,4.19,1.86,67.1,12.39,1517.4,22.38,NORMAL,NONE
2026-08-23T19:01:23.004462,4819.5,77.51,4.31,1.91,60.4,12.54,1496.0,21.34,NORMAL,NONE
2026-08-23T19:01:24.004462,4747.2,76.99,4.23,1.99,66.2,12.07,1481.7,22.49,NORMAL,NONE
2026-08-23T19:01:25.004462,4856.7,78.7,4.19,2.02,62.3,12.1,1505.6,22.87,NORMAL,NONE
2026-08-23T19:01:26.004462,4772.3,78.96,4.15,2.32,64.0,12.13,1497.3,22.07,NORMAL,NONE
2026-08-23T19:01:27.004462,4747.0,76.59,4.44,1.92,60.0,12.4,1482.6,22.68,NORMAL,NONE
2026-08-23T19:01:28.004462,4756.2,78.91,4.3,2.11,62.8,12.51,1499.3,22.34,NORMAL,NONE
2026-08-23T19:01:29.004462,4835.3,77.36,3.96,2.06,63.3,12.94,1504.2,22.08,NORMAL,NONE
2026-08-23T19:01:30.004462,4785.4,78.2,4.08,2.02,67.7,12.42,1494.0,21.09,NORMAL,NONE
2026-08-23T19:01:31.004462,4760.7,78.53,4.06,1.98,65.9,12.18,1482.1,22.8,NORMAL,NONE
2026-08-23T19:01:32.004462,4792.7,76.1,4.19,2.26,63.5,12.44,1522.6,21.9,NORMAL,NONE
2026-08-23T19:01:33.004462,4826.2,79.69,4.23,2.03,65.0,12.4,1508.5,21.81,NORMAL,NONE
2026-08-23T19:01:34.004462,4767.3,78.32,4.25,1.95,60.0,12.68,1505.5,21.99,NORMAL,NONE
2026-08-23T19:01:35.004462,4800.6,78.42,4.05,1.92,66.1,11.93,1489.8,22.2,NORMAL,NONE
2026-08-23T19:01:36.004462,4804.0,75.73,4.26,2.1,62.0,12.22,1471.5,22.29,NORMAL,NONE
2026-08-23T19:01:37.004462,4794.6,78.17,4.12,2.14,64.4,12.78,1501.5,22.43,NORMAL,NONE
2026-08-23T19:01:38.004462,4820.1,78.52,4.27,1.84,67.6,12.13,1472.5,22.21,NORMAL,NONE
2026-08-23T19:01:39.004462,4742.7,78.28,4.22,2.23,62.8,12.48,1508.0,21.52,NORMAL,NONE
2026-08-23T19:01:40.004462,4741.7,77.54,4.32,1.83,62.3,12.72,1516.8,22.04,NORMAL,NONE
2026-08-23T19:01:41.004462,4678.2,78.68,4.12,1.93,67.3,12.66,1489.6,21.76,NORMAL,NONE
2026-08-23T19:01:42.004462,4825.9,76.88,4.2,1.88,62.4,12.51,1492.3,21.35,NORMAL,NONE
2026-08-23T19:01:43.004462,4773.7,78.03,4.2,1.85,64.8,12.9,1504.3,21.83,NORMAL,NONE
2026-08-23T19:01:44.004462,4762.7,77.8,4.18,2.16,64.4,12.47,1521.6,21.42,NORMAL,NONE
2026-08-23T19:01:45.004462,4801.4,77.81,4.16,2.04,63.6,12.35,1500.0,21.69,NORMAL,NONE
2026-08-23T19:01:46.004462,4822.6,79.54,4.19,2.25,64.9,12.45,1492.5,21.91,NORMAL,NONE
2026-08-23T19:01:47.004462,4826.3,76.82,4.2,2.04,62.2,12.77,1493.7,22.55,NORMAL,NONE
2026-08-23T19:01:48.004462,4808.8,76.8,4.27,1.92,69.2,12.4,1514.6,22.31,NORMAL,NONE
2026-08-23T19:01:49.004462,4797.4,78.62,4.28,2.15,63.2,12.28,1470.8,22.59,NORMAL,NONE
2026-08-23T19:01:50.004462,4828.3,78.45,4.24,2.4,67.5,12.33,1499.8,22.3,NORMAL,NONE
2026-08-23T19:01:51.004462,4834.7,77.32,4.27,1.92,64.3,12.12,1489.2,21.41,NORMAL,NONE
2026-08-23T19:01:52.004462,4767.8,79.12,4.19,1.55,63.1,12.85,1500.3,21.63,NORMAL,NONE
2026-08-23T19:01:53.004462,4761.9,77.44,4.1,1.88,61.3,11.96,1502.5,22.04,NORMAL,NONE
2026-08-23T19:01:54.004462,4837.7,76.94,4.22,1.75,68.0,12.57,1483.6,22.54,NORMAL,NONE
2026-08-23T19:01:55.004462,4834.4,79.5,4.14,1.9,66.2,12.74,1502.9,22.29,NORMAL,NONE
2026-08-23T19:01:56.004462,4781.8,78.44,4.23,2.16,64.2,12.81,1500.3,22.49,NORMAL,NONE
2026-08-23T19:01:57.004462,4759.0,78.97,4.22,1.77,70.3,11.74,1493.5,22.52,NORMAL,NONE
2026-08-23T19:01:58.004462,4751.2,76.88,4.2,2.12,67.0,12.8,1490.2,22.25,NORMAL,NONE
2026-08-23T19:01:59.004462,4814.8,77.98,4.15,1.98,64.5,12.01,1509.5,22.12,NORMAL,NONE
2026-08-23T19:02:00.004462,4836.8,78.51,4.1,1.89,66.0,12.43,1502.0,22.45,NORMAL,NONE
2026-08-23T19:02:01.004462,4782.1,77.17,4.24,2.0,67.8,13.15,1488.2,22.12,NORMAL,NONE
2026-08-23T19:02:02.004462,4798.1,78.78,4.19,1.88,65.5,12.52,1510.8,22.36,NORMAL,NONE
2026-08-23T19:02:03.004462,4869.8,76.71,4.23,1.88,68.5,12.82,1514.0,21.89,NORMAL,NONE
2026-08-23T19:02:04.004462,4826.3,77.5,4.27,2.13,63.6,12.42,1490.9,21.89,NORMAL,NONE
2026-08-23T19:02:05.004462,4799.4,79.45,4.18,1.74,65.2,12.28,1510.3,23.07,NORMAL,NONE
2026-08-23T19:02:06.004462,4804.1,76.61,4.26,1.91,67.9,12.68,1484.3,22.36,NORMAL,NONE
2026-08-23T19:02:07.004462,4825.7,77.8,4.26,1.86,60.8,12.51,1494.6,22.05,NORMAL,NONE
2026-08-23T19:02:08.004462,4752.6,78.55,4.25,1.9,63.7,12.61,1482.9,22.12,NORMAL,NONE
2026-08-23T19:02:09.004462,4854.1,78.09,4.11,2.2,64.3,12.51,1502.1,22.21,NORMAL,NONE
2026-08-23T19:02:10.004462,4819.4,78.55,4.24,1.83,64.0,12.63,1510.7,22.48,NORMAL,NONE
2026-08-23T19:02:11.004462,4775.6,77.58,4.34,1.9,65.9,12.63,1527.3,21.39,NORMAL,NONE
2026-08-23T19:02:12.004462,4799.2,77.73,4.23,2.1,67.1,12.46,1525.5,21.74,NORMAL,NONE
2026-08-23T19:02:13.004462,4780.6,76.73,4.35,2.13,67.3,12.24,1517.9,22.4,NORMAL,NONE
2026-08-23T19:02:14.004462,4811.5,77.62,4.29,2.06,67.8,12.45,1502.5,22.62,NORMAL,NONE
2026-08-23T19:02:15.004462,4851.4,77.39,4.07,2.11,67.2,12.22,1509.5,22.17,NORMAL,NONE
2026-08-23T19:02:16.004462,4825.0,77.12,4.08,2.04,66.4,12.63,1500.3,21.96,NORMAL,NONE
2026-08-23T19:02:17.004462,4762.1,75.73,4.18,1.87,63.2,12.9,1517.9,20.89,NORMAL,NONE
2026-08-23T19:02:18.004462,4818.4,77.37,4.14,2.4,59.2,12.63,1505.6,22.23,NORMAL,NONE
2026-08-23T19:02:19.004462,4808.2,78.57,4.18,2.2,63.9,12.12,1495.0,21.36,NORMAL,NONE
2026-08-23T19:02:20.004462,4783.8,78.84,4.24,1.81,63.0,12.34,1500.4,21.22,NORMAL,NONE
2026-08-23T19:02:21.004462,4867.8,78.25,4.03,2.06,64.4,12.04,1487.8,21.69,NORMAL,NONE
2026-08-23T19:02:22.004462,4830.0,76.88,4.24,2.18,66.7,12.14,1492.1,21.4,NORMAL,NONE
2026-08-23T19:02:23.004462,4812.7,79.36,4.14,2.16,64.3,12.58,1523.2,21.68,NORMAL,NONE
2026-08-23T19:02:24.004462,4735.7,78.34,4.23,1.78,66.2,12.46,1509.1,23.11,NORMAL,NONE
2026-08-23T19:02:25.004462,4783.2,78.8,4.3,2.03,65.8,11.85,1533.5,21.68,NORMAL,NONE
2026-08-23T19:02:26.004462,4747.7,79.6,4.29,2.28,63.8,12.37,1498.3,22.23,NORMAL,NONE
2026-08-23T19:02:27.004462,4776.3,78.68,4.26,2.17,64.2,12.46,1497.0,21.54,NORMAL,NONE
2026-08-23T19:02:28.004462,4781.9,76.38,4.19,1.87,64.5,12.84,1516.7,21.05,NORMAL,NONE
2026-08-23T19:02:29.004462,4737.4,77.27,4.26,1.94,65.9,12.17,1501.6,22.04,NORMAL,NONE
2026-08-23T19:02:30.004462,4799.1,77.4,4.33,2.03,65.4,12.22,1510.1,21.85,NORMAL,NONE
2026-08-23T19:02:31.004462,4768.9,76.78,4.26,1.7,68.0,12.21,1480.4,21.59,NORMAL,NONE
2026-08-23T19:02:32.004462,4815.3,77.2,4.14,1.79,63.8,12.3,1494.2,21.95,NORMAL,NONE
2026-08-23T19:02:33.004462,4790.4,77.86,4.3,2.22,63.7,12.49,1494.0,22.49,NORMAL,NONE
2026-08-23T19:02:34.004462,4792.7,78.48,4.35,1.96,72.0,12.13,1490.4,21.92,NORMAL,NONE
2026-08-23T19:02:35.004462,4726.1,77.84,4.13,1.88,63.6,12.51,1483.1,21.99,NORMAL,NONE
2026-08-23T19:02:36.004462,4746.2,77.92,4.16,1.89,67.8,12.69,1493.1,20.92,NORMAL,NONE
2026-08-23T19:02:37.004462,4844.9,78.33,4.14,2.03,63.4,12.64,1487.8,21.12,NORMAL,NONE
2026-08-23T19:02:38.004462,4730.1,77.53,4.39,2.1,68.4,12.79,1483.9,22.11,NORMAL,NONE
2026-08-23T19:02:39.004462,4804.6,78.98,4.13,2.17,67.4,12.2,1526.6,22.09,NORMAL,NONE
2026-08-23T19:02:40.004462,4790.7,77.83,4.12,1.93,64.7,12.71,1483.9,22.56,NORMAL,NONE
2026-08-23T19:02:41.004462,4849.1,76.24,4.37,2.24,65.1,12.84,1503.0,22.92,NORMAL,NONE
2026-08-23T19:02:42.004462,4828.7,76.89,4.2,1.96,60.5,12.54,1506.4,21.91,NORMAL,NONE
2026-08-23T19:02:43.004462,4878.0,78.91,4.14,2.02,66.4,12.22,1499.6,21.88,NORMAL,NONE
2026-08-23T19:02:44.004462,4841.2,78.46,4.29,2.02,72.2,12.07,1477.0,22.02,NORMAL,NONE
2026-08-23T19:02:45.004462,4814.0,78.42,4.24,2.18,68.6,12.28,1482.0,21.87,NORMAL,NONE
2026-08-23T19:02:46.004462,4761.2,78.78,4.25,2.26,65.5,12.74,1514.9,20.82,NORMAL,NONE
2026-08-23T19:02:47.004462,4712.9,78.34,4.14,2.34,73.5,12.29,1495.3,21.31,NORMAL,NONE
2026-08-23T19:02:48.004462,4745.7,78.36,4.24,1.86,59.6,12.65,1502.8,22.3,NORMAL,NONE
2026-08-23T19:02:49.004462,4808.7,78.89,4.22,2.15,66.7,12.04,1505.0,21.51,NORMAL,NONE
2026-08-23T19:02:50.004462,4806.2,77.3,4.21,1.94,60.7,12.48,1498.1,22.31,NORMAL,NONE
2026-08-23T19:02:51.004462,4708.3,77.66,3.99,2.08,65.7,12.2,1498.7,21.6,NORMAL,NONE
2026-08-23T19:02:52.004462,4777.5,77.48,4.22,1.97,65.8,11.95,1490.7,21.62,NORMAL,NONE
2026-08-23T19:02:53.004462,4783.1,78.61,4.19,2.15,65.5,12.5,1519.6,21.69,NORMAL,NONE
2026-08-23T19:02:54.004462,4755.3,78.06,4.13,2.1,65.2,13.0,1500.6,21.83,NORMAL,NONE
2026-08-23T19:02:55.004462,4775.1,78.01,4.14,1.81,66.7,12.3,1500.6,21.44,NORMAL,NONE
2026-08-23T19:02:56.004462,4809.2,78.75,4.2,1.91,62.9,12.73,1521.0,22.01,NORMAL,NONE
2026-08-23T19:02:57.004462,4835.0,77.41,4.03,2.11,67.9,12.6,1497.4,23.45,NORMAL,NONE
2026-08-23T19:02:58.004462,4797.7,78.12,4.22,2.23,60.3,12.35,1477.1,21.11,NORMAL,NONE
2026-08-23T19:02:59.004462,4751.2,76.63,4.24,1.95,67.2,12.38,1478.5,21.68,NORMAL,NONE
2026-08-23T19:03:00.004462,4748.8,78.15,4.25,2.06,67.5,12.78,1485.1,21.77,NORMAL,NONE
2026-08-23T19:03:01.004462,4808.1,78.66,4.15,1.98,63.2,12.92,1504.0,22.09,NORMAL,NONE
2026-08-23T19:03:02.004462,4775.2,77.2,3.98,2.21,67.9,12.57,1506.2,21.97,NORMAL,NONE
2026-08-23T19:03:03.004462,4823.1,77.46,4.21,2.02,62.6,12.94,1471.3,21.75,NORMAL,NONE
2026-08-23T19:03:04.004462,4811.8,77.43,4.31,1.86,66.4,12.41,1493.8,22.26,NORMAL,NONE
2026-08-23T19:03:05.004462,4793.2,77.9,4.08,1.86,69.3,12.14,1497.5,21.99,NORMAL,NONE
2026-08-23T19:03:06.004462,4796.8,78.46,4.29,1.96,68.4,12.74,1479.9,21.77,NORMAL,NONE
2026-08-23T19:03:07.004462,4764.3,78.86,4.38,2.09,68.2,12.31,1509.5,22.24,NORMAL,NONE
2026-08-23T19:03:08.004462,4760.9,77.91,4.07,2.19,63.0,12.5,1505.6,22.02,NORMAL,NONE
2026-08-23T19:03:09.004462,4792.6,79.68,4.15,1.91,64.8,11.86,1498.8,21.77,NORMAL,NONE
2026-08-23T19:03:10.004462,4777.6,77.89,4.21,2.25,65.7,12.5,1490.7,22.12,NORMAL,NONE
2026-08-23T19:03:11.004462,4727.4,76.68,4.28,2.03,68.3,12.19,1529.4,22.45,NORMAL,NONE
2026-08-23T19:03:12.004462,4775.3,76.61,4.11,2.0,66.7,12.62,1504.5,22.24,NORMAL,NONE
2026-08-23T19:03:13.004462,4752.8,79.47,4.35,1.66,63.7,12.35,1514.5,22.36,NORMAL,NONE
2026-08-23T19:03:14.004462,4806.2,76.45,4.12,1.89,65.3,12.46,1488.9,22.49,NORMAL,NONE
2026-08-23T19:03:15.004462,4825.9,79.39,4.17,2.08,66.2,13.05,1514.6,22.23,NORMAL,NONE
2026-08-23T19:03:16.004462,4809.3,79.78,4.31,2.11,65.8,12.82,1522.4,21.39,NORMAL,NONE
2026-08-23T19:03:17.004462,4804.8,75.96,4.26,1.86,64.6,12.41,1518.4,21.1,NORMAL,NONE
2026-08-23T19:03:18.004462,4766.3,78.05,4.23,1.96,70.7,11.73,1486.7,21.76,NORMAL,NONE
2026-08-23T19:03:19.004462,4827.8,77.66,4.15,1.94,67.4,12.1,1501.9,21.25,NORMAL,NONE
2026-08-23T19:03:20.004462,4768.7,77.94,4.37,1.96,62.7,12.52,1539.1,22.23,NORMAL,NONE
2026-08-23T19:03:21.004462,4814.0,77.85,4.14,2.02,69.3,11.74,1509.7,21.42,NORMAL,NONE
2026-08-23T19:03:22.004462,4801.5,79.28,4.22,2.17,64.7,12.57,1496.7,21.65,NORMAL,NONE
2026-08-23T19:03:23.004462,4802.3,79.25,4.16,1.86,64.0,12.19,1472.6,21.59,NORMAL,NONE
2026-08-23T19:03:24.004462,4907.4,78.38,4.17,2.23,64.9,12.71,1481.8,21.13,NORMAL,NONE
2026-08-23T19:03:25.004462,4848.3,77.81,4.2,2.06,64.3,13.1,1486.0,22.23,NORMAL,NONE
2026-08-23T19:03:26.004462,4837.5,77.35,4.25,1.81,67.0,12.8,1515.1,21.35,NORMAL,NONE
2026-08-23T19:03:27.004462,4782.1,78.48,4.19,1.93,63.0,12.86,1513.3,21.79,NORMAL,NONE
2026-08-23T19:03:28.004462,4860.4,77.74,4.25,2.32,62.1,12.46,1507.5,21.8,NORMAL,NONE
2026-08-23T19:03:29.004462,4786.2,78.22,4.1,1.96,70.3,12.47,1494.7,23.01,NORMAL,NONE
2026-08-23T19:03:30.004462,4810.6,77.72,4.21,2.09,65.8,12.04,1500.2,22.78,NORMAL,NONE
2026-08-23T19:03:31.004462,4819.3,79.38,4.13,1.93,64.4,12.44,1511.4,22.42,NORMAL,NONE
2026-08-23T19:03:32.004462,4820.8,77.09,4.1,1.84,64.4,11.97,1497.5,21.97,NORMAL,NONE
2026-08-23T19:03:33.004462,4825.2,78.81,4.1,1.95,66.8,12.55,1501.4,22.59,NORMAL,NONE
2026-08-23T19:03:34.004462,4799.4,79.04,4.2,1.93,62.0,12.95,1510.4,22.31,NORMAL,NONE
2026-08-23T19:03:35.004462,4702.1,80.31,4.31,1.98,63.9,12.51,1501.5,21.88,NORMAL,NONE
2026-08-23T19:03:36.004462,4810.0,78.21,4.19,1.8,66.3,12.37,1484.6,22.59,NORMAL,NONE
2026-08-23T19:03:37.004462,4765.6,77.94,4.11,1.9,67.0,12.39,1487.2,22.48,NORMAL,NONE
2026-08-23T19:03:38.004462,4769.9,78.53,4.16,1.97,64.0,12.23,1509.4,21.81,NORMAL,NONE
2026-08-23T19:03:39.004462,4847.7,77.61,4.17,1.82,65.3,12.69,1495.2,22.16,NORMAL,NONE
2026-08-23T19:03:40.004462,4854.3,77.6,4.05,2.02,63.8,12.19,1505.9,22.3,NORMAL,NONE
2026-08-23T19:03:41.004462,4850.2,76.84,4.23,2.13,61.7,12.76,1487.0,22.48,NORMAL,NONE
2026-08-23T19:03:42.004462,4793.9,79.05,4.1,2.02,63.1,12.35,1500.7,22.04,NORMAL,NONE
2026-08-23T19:03:43.004462,4767.5,76.95,4.21,1.83,66.6,12.39,1523.2,22.65,NORMAL,NONE
2026-08-23T19:03:44.004462,4828.8,78.17,4.22,1.99,62.4,12.27,1483.8,23.34,NORMAL,NONE
2026-08-23T19:03:45.004462,4801.1,77.36,4.17,1.84,67.0,12.5,1469.8,21.65,NORMAL,NONE
2026-08-23T19:03:46.004462,4836.8,77.04,4.28,2.09,63.7,12.48,1490.7,21.61,NORMAL,NONE
2026-08-23T19:03:47.004462,4797.0,77.57,4.16,1.96,64.3,12.94,1473.4,22.18,NORMAL,NONE
2026-08-23T19:03:48.004462,4752.7,76.4,4.27,2.21,66.9,12.03,1526.1,22.0,NORMAL,NONE
2026-08-23T19:03:49.004462,4797.6,77.88,4.19,2.01,60.5,12.22,1516.0,22.1,NORMAL,NONE
2026-08-23T19:03:50.004462,4827.4,76.91,4.14,1.84,62.7,12.43,1474.9,21.52,NORMAL,NONE
2026-08-23T19:03:51.004462,4760.2,76.72,4.17,1.89,62.9,13.03,1476.2,21.92,NORMAL,NONE
2026-08-23T19:03:52.004462,4764.0,77.87,4.2,1.97,69.5,12.42,1499.3,22.18,NORMAL,NONE
2026-08-23T19:03:53.004462,4832.6,78.73,4.18,2.0,60.6,12.34,1507.6,21.59,NORMAL,NONE
2026-08-23T19:03:54.004462,4792.7,78.13,4.08,1.87,62.5,12.6,1518.4,23.03,NORMAL,NONE
2026-08-23T19:03:55.004462,4842.9,76.68,4.26,1.95,64.1,11.96,1527.9,22.78,NORMAL,NONE
2026-08-23T19:03:56.004462,4774.5,78.48,4.17,1.9,66.8,12.62,1501.1,21.71,NORMAL,NONE
2026-08-23T19:03:57.004462,4804.2,77.75,4.22,2.16,56.4,12.46,1478.2,22.39,NORMAL,NONE
2026-08-23T19:03:58.004462,4777.0,77.34,4.35,1.97,62.9,12.67,1498.2,22.18,NORMAL,NONE
2026-08-23T19:03:59.004462,4765.9,78.6,4.29,2.14,65.9,12.55,1508.8,22.31,NORMAL,NONE
2026-08-23T19:04:00.004462,4805.6,78.23,4.23,1.89,57.8,12.53,1502.4,22.61,NORMAL,NONE
2026-08-23T19:04:01.004462,4771.9,78.83,4.23,1.91,60.1,12.69,1521.0,21.47,NORMAL,NONE
2026-08-23T19:04:02.004462,4847.2,78.03,4.21,2.09,63.4,11.83,1486.1,22.87,NORMAL,NONE
2026-08-23T19:04:03.004462,4808.0,75.45,4.1,1.94,66.8,12.31,1495.6,22.39,NORMAL,NONE
2026-08-23T19:04:04.004462,4787.4,77.99,4.05,2.1,70.3,12.31,1515.6,21.52,NORMAL,NONE
