Lcl Time,AltMSL,IAS,OAT,E1 RPM,E1 MAP,E1 FFlow,E1 CHT1,E1 CHT2,E1 CHT3,E1 CHT4,E1 EGT1,E1 EGT2,E1 EGT3,E1 EGT4,E1 OilP,E1 OilT,Pitch,Roll,GndSpd
00:00:00,895.4,70.1,13.1,2693,29.07,16.6,24.7,24.2,24.3,24.2,790.8,784.0,795.5,787.0,70.4,17.0,4.35,1.02,80.0
00:00:01,915.8,69.7,12.8,2686,29.12,16.69,30.5,30.3,30.4,30.8,790.5,783.8,795.4,786.5,70.2,16.8,4.43,1.49,80.0
00:00:02,935.3,70.8,13.2,2693,29.14,16.59,36.4,36.4,37.0,36.6,789.8,782.5,793.6,785.5,69.8,17.9,4.29,-0.55,79.7
00:00:03,965.6,70.8,12.9,2691,29.02,16.61,42.6,42.9,42.6,43.0,790.3,784.5,794.9,785.5,69.8,18.4,4.16,0.36,79.7
00:00:04,977.5,70.3,12.7,2691,29.01,16.59,48.0,48.1,49.0,48.7,791.1,783.6,794.4,786.7,70.3,18.9,4.11,-1.68,80.3
00:00:05,1008.2,71.3,13.2,2692,29.03,16.66,53.8,53.7,54.7,53.5,791.6,785.7,795.2,785.7,69.8,19.3,4.01,0.39,81.7
00:00:06,1027.1,70.9,13.3,2687,29.1,16.57,59.6,59.1,60.0,59.9,788.3,782.1,795.1,787.1,69.9,20.1,4.25,-1.86,80.5
00:00:07,1048.6,71.1,13.3,2688,28.98,16.54,65.0,64.5,65.1,65.0,789.4,782.4,795.3,787.1,69.5,21.1,4.25,0.88,81.1
00:00:08,1061.0,71.8,13.1,2686,29.05,16.55,70.7,70.1,70.1,70.0,791.5,785.7,795.7,788.6,70.2,21.2,3.99,1.96,81.2
00:00:09,1092.2,72.5,12.6,2694,29.01,16.51,75.7,75.3,75.9,75.5,788.2,783.7,794.4,785.6,69.8,22.3,3.98,-0.11,82.0
00:00:10,1106.2,71.9,12.5,2689,28.99,16.54,80.6,79.7,80.5,80.8,791.6,784.9,793.6,788.7,70.0,23.0,3.91,-0.58,81.1
00:00:11,1136.6,71.6,12.4,2695,28.93,16.64,85.5,85.4,85.3,85.0,792.0,785.8,795.1,786.1,70.3,23.4,3.96,1.19,81.9
00:00:12,1143.3,72.7,12.7,2696,28.85,16.56,89.9,90.0,90.2,89.7,788.5,785.9,793.6,788.9,70.5,23.7,4.3,-1.11,82.1
00:00:13,1178.0,72.4,12.4,2693,28.83,16.59,95.3,94.2,95.1,94.6,790.3,785.1,793.2,786.2,70.5,24.7,4.22,-1.41,81.9
00:00:14,1198.5,72.4,13.0,2687,28.91,16.56,99.5,98.8,99.7,99.1,789.6,782.2,792.7,787.3,70.5,24.7,3.84,-0.76,82.0
00:00:15,1208.7,72.5,12.2,2690,28.82,16.66,104.2,103.6,104.8,104.0,790.1,785.7,794.6,785.7,70.5,25.7,4.05,1.61,83.2
00:00:16,1241.1,72.3,12.2,2692,28.82,16.63,107.9,108.1,109.2,107.8,790.4,783.9,794.4,786.5,70.1,26.3,4.26,-0.56,82.4
00:00:17,1255.1,73.4,12.8,2694,28.89,16.63,112.5,112.5,112.8,112.6,788.0,785.8,794.1,787.3,69.8,26.1,3.96,-1.6,84.4
00:00:18,1273.6,73.6,12.2,2686,28.81,16.7,117.1,116.0,116.9,116.3,789.8,784.7,793.6,788.4,70.2,27.4,4.38,1.52,82.8
00:00:19,1289.2,72.8,12.7,2693,28.87,16.67,121.3,120.4,121.1,120.5,789.0,782.5,793.5,785.2,69.8,27.1,3.81,-0.97,84.6
00:00:20,1312.5,74.4,12.1,2683,28.72,16.55,124.9,123.8,125.6,124.2,790.8,785.7,794.9,785.8,70.2,28.0,4.26,0.67,84.3
00:00:21,1331.5,74.1,12.3,2685,28.84,16.65,128.5,127.8,129.5,128.8,791.7,784.1,794.9,787.0,70.1,28.8,4.35,0.45,83.6
00:00:22,1366.1,73.4,11.9,2696,28.71,16.61,132.2,131.3,133.4,132.4,791.8,783.5,794.6,787.3,70.6,28.8,4.17,-0.13,83.6
00:00:23,1370.4,74.7,12.2,2685,28.65,16.57,135.8,135.4,136.9,135.4,789.4,783.0,792.3,788.9,69.8,29.8,4.28,1.83,84.8
00:00:24,1392.1,74.6,12.6,2687,28.79,16.68,139.5,139.2,140.9,139.2,788.6,782.7,793.1,786.0,69.5,30.3,4.24,0.16,84.9
00:00:25,1425.7,74.3,12.4,2684,28.63,16.63,143.0,142.8,144.2,143.2,791.4,782.6,792.3,787.4,69.7,31.1,3.95,1.66,85.4
00:00:26,1438.0,75.4,12.3,2687,28.64,16.7,147.3,145.4,147.3,146.1,789.0,785.2,795.6,785.8,70.1,31.4,3.87,-1.35,85.5
00:00:27,1462.9,75.8,11.8,2689,28.66,16.62,149.8,149.0,150.4,149.9,788.6,782.0,795.6,788.1,70.1,31.9,3.92,-0.81,86.3
00:00:28,1477.3,75.4,11.9,2682,28.62,16.61,153.0,152.6,153.8,153.2,791.6,785.3,792.2,786.1,69.6,32.3,3.79,-0.57,85.3
00:00:29,1510.2,76.0,12.0,2682,28.7,16.66,156.9,155.2,157.0,156.2,790.4,784.9,793.2,788.1,70.3,33.2,4.07,1.7,86.8
00:00:30,1528.0,75.7,11.8,2694,28.6,16.61,160.0,158.4,160.4,158.8,791.9,784.8,793.6,787.2,70.2,32.7,3.79,-0.08,85.9
00:00:31,1545.9,75.4,12.3,2687,28.56,16.68,162.3,161.2,163.8,162.5,788.6,783.8,794.8,788.2,70.3,33.6,3.98,-0.9,86.0
00:00:32,1561.2,75.2,12.1,2691,28.5,16.54,166.1,164.8,166.0,165.6,790.9,783.7,794.0,786.0,70.2,33.7,4.32,-1.68,86.4
00:00:33,1588.1,76.6,11.5,2681,28.51,16.52,168.7,167.1,169.4,168.2,791.3,784.0,792.3,786.8,69.9,35.0,4.24,1.98,87.8
00:00:34,1610.9,76.4,11.8,2690,28.52,16.52,171.3,169.9,171.7,171.1,789.5,784.9,795.0,787.4,70.2,34.7,3.94,0.74,87.1
00:00:35,1623.3,76.0,11.9,2687,28.54,16.65,173.7,173.3,174.9,173.7,788.6,785.0,792.5,785.6,70.4,35.4,3.75,-1.85,86.5
00:00:36,1657.6,76.2,11.4,2690,28.48,16.54,176.3,175.2,177.9,175.8,791.4,783.5,792.9,786.1,70.0,36.2,4.22,-0.75,88.0
00:00:37,1677.2,77.5,11.5,2691,28.48,16.64,179.4,178.6,180.2,179.3,790.0,785.7,793.5,786.5,70.6,36.7,4.04,0.39,87.8
00:00:38,1684.3,77.3,11.4,2686,28.44,16.67,182.3,180.7,183.2,181.3,788.6,784.1,795.3,788.8,70.4,36.7,4.14,-1.59,87.7
00:00:39,1712.6,77.4,11.5,2683,28.38,16.52,184.9,183.4,184.8,183.7,791.7,783.2,794.8,786.6,69.6,37.6,4.07,-0.56,87.2
00:00:40,1739.0,78.1,11.6,2687,28.51,16.55,186.7,185.3,187.7,185.9,788.5,783.1,794.3,788.4,70.3,37.7,4.13,-0.06,89.2
00:00:41,1755.4,77.3,11.5,2679,28.38,16.63,189.5,187.6,189.8,188.1,788.6,782.9,796.2,786.4,70.2,38.0,4.27,0.92,88.4
00:00:42,1778.9,78.2,11.7,2691,28.43,16.67,191.9,190.5,192.8,190.8,791.6,782.4,795.5,787.9,70.2,38.6,4.15,0.03,88.1
00:00:43,1800.8,77.6,11.5,2692,28.38,16.55,194.0,192.3,195.1,193.1,788.4,782.7,793.0,788.9,70.1,39.0,4.24,-0.87,88.4
00:00:44,1816.4,77.5,11.6,2688,28.43,16.63,195.7,195.1,196.8,195.4,790.3,783.8,792.6,788.8,69.7,39.8,4.06,0.71,90.0
00:00:45,1838.4,77.7,11.0,2683,28.34,16.56,197.8,197.1,199.1,197.2,788.7,782.2,792.4,785.4,69.8,40.0,4.04,1.85,90.0
00:00:46,1862.1,78.3,11.2,2683,28.31,16.66,200.3,198.8,201.3,200.0,790.2,783.8,795.9,786.5,70.0,40.2,3.7,0.88,89.3
00:00:47,1877.5,78.8,11.5,2687,28.26,16.63,201.8,200.4,203.0,201.6,790.5,783.8,793.1,787.5,70.4,40.6,4.08,1.09,88.9
00:00:48,1892.3,79.0,11.2,2679,28.3,16.59,204.6,202.9,205.4,203.7,790.0,783.5,795.4,787.8,69.9,41.1,3.8,0.75,89.8
00:00:49,1923.3,79.7,11.5,2680,28.24,16.56,206.1,204.9,207.0,205.5,791.4,783.7,794.2,786.5,70.1,41.3,3.7,-0.07,90.9
00:00:50,1937.1,78.9,11.1,2689,28.27,16.63,208.3,206.5,209.2,207.8,789.4,783.9,792.6,788.7,69.6,41.6,3.71,0.16,91.2
00:00:51,1955.5,79.0,11.3,2680,28.22,16.54,209.8,208.3,210.8,209.5,792.0,783.9,793.4,785.8,70.0,42.9,4.15,0.43,90.0
00:00:52,1980.4,79.0,11.1,2687,28.16,16.59,211.5,210.3,212.4,210.9,790.1,784.3,794.7,786.0,70.4,42.7,3.72,-0.72,91.3
00:00:53,2010.3,79.4,11.3,2686,28.27,16.67,212.8,212.1,214.6,212.5,789.8,784.0,794.9,786.3,70.5,43.0,4.19,0.95,91.2
00:00:54,2017.2,79.7,10.7,2680,28.12,16.57,214.5,213.0,216.5,214.2,791.2,784.7,795.7,788.2,70.6,44.0,4.08,1.87,92.0
00:00:55,2050.3,81.1,10.7,2687,28.11,16.63,216.2,214.8,217.6,215.5,791.0,785.2,794.6,787.0,69.5,44.3,4.05,1.63,91.7
00:00:56,2058.9,81.2,11.0,2690,28.16,16.5,218.5,216.3,219.4,217.4,789.9,782.8,795.4,785.7,69.6,44.2,3.63,-0.56,92.7
00:00:57,2092.4,80.4,11.2,2686,28.17,16.58,219.5,218.1,220.4,219.0,789.2,782.7,793.9,787.3,70.4,45.3,3.76,-0.75,91.8
00:00:58,2103.7,80.4,11.0,2681,28.05,16.58,221.6,219.9,222.1,220.8,788.7,785.3,794.9,788.1,70.3,45.0,3.87,1.65,91.2
00:00:59,2120.6,81.7,11.1,2690,28.08,16.66,222.3,221.3,224.0,222.2,789.4,782.3,794.0,785.2,70.4,46.1,4.0,-1.12,93.4
00:01:00,2148.6,81.3,10.8,2678,28.06,16.68,224.0,222.7,225.7,223.0,789.4,784.8,793.8,788.3,70.4,46.4,4.07,1.72,93.5
00:01:01,2175.4,82.0,10.7,2685,28.09,16.64,225.1,224.2,226.5,225.2,789.3,785.3,794.4,786.9,69.8,46.8,3.73,-1.02,91.9
00:01:02,2195.6,81.8,10.5,2686,28.11,16.51,226.4,225.6,228.5,226.6,788.4,786.0,794.4,787.3,69.7,46.5,3.8,-0.6,94.0
00:01:03,2216.9,81.3,10.3,2687,28.0,16.69,228.0,226.4,229.6,227.2,790.9,782.6,793.9,786.0,69.5,47.4,3.85,0.06,92.4
00:01:04,2227.1,82.5,10.2,2679,28.05,16.7,229.2,227.9,230.8,228.6,791.5,783.2,794.6,787.1,70.0,48.0,3.67,0.4,92.7
00:01:05,2254.0,81.7,10.4,2680,28.0,16.61,230.7,229.3,231.7,230.0,789.9,784.4,795.3,787.5,70.4,47.5,3.76,0.65,93.4
00:01:06,2275.9,81.9,10.1,2681,27.99,16.64,232.2,230.4,233.5,230.7,791.2,785.6,795.4,786.2,70.5,48.0,3.7,-0.69,94.2
00:01:07,2301.6,82.5,10.2,2685,28.04,16.64,233.1,231.3,234.4,232.2,789.3,783.5,795.8,786.8,70.2,48.8,3.94,1.37,95.0
00:01:08,2324.8,82.8,10.5,2682,27.89,16.52,234.2,232.4,235.9,233.5,788.8,782.1,795.9,785.4,69.9,48.8,4.01,1.23,93.5
00:01:09,2335.1,83.3,10.1,2680,27.9,16.55,235.3,233.5,236.7,234.9,790.8,782.3,795.9,788.3,69.8,48.9,3.82,0.08,94.5
00:01:10,2366.4,83.6,10.3,2685,27.83,16.49,236.0,234.4,237.8,235.4,790.2,782.2,793.9,785.9,70.5,49.3,3.77,0.05,94.6
00:01:11,2380.0,84.1,9.9,2682,27.92,16.51,237.1,235.5,238.2,236.6,791.3,784.5,792.4,785.1,69.6,50.0,3.76,0.74,95.9
00:01:12,2395.9,83.8,10.3,2679,27.91,16.6,238.9,236.7,239.9,238.0,789.8,781.8,793.4,785.2,70.5,50.1,3.78,-1.34,96.1
00:01:13,2417.1,84.2,10.0,2676,27.89,16.49,238.9,238.1,241.0,238.8,791.1,783.3,794.5,784.9,70.2,50.9,3.67,-1.27,95.0
00:01:14,2437.6,84.3,10.2,2678,27.81,16.49,240.3,239.0,242.0,239.1,790.8,781.7,794.3,787.9,69.9,51.4,3.64,-1.5,95.4
00:01:15,2458.2,84.8,10.1,2683,27.86,16.63,240.9,239.9,242.3,240.2,789.0,783.5,794.1,787.1,70.1,51.2,3.63,-0.23,96.3
00:01:16,2492.2,84.2,10.1,2679,27.75,16.61,242.4,240.9,243.7,241.8,789.8,784.2,793.0,787.3,70.4,51.3,3.9,1.33,96.9
00:01:17,2506.5,84.3,10.4,2673,27.71,16.48,243.3,241.1,244.6,241.8,787.1,783.5,792.5,785.3,69.5,52.1,3.58,-1.09,95.9
00:01:18,2526.2,84.9,10.3,2673,27.78,16.49,243.8,242.5,245.4,242.5,788.8,781.5,794.5,787.2,69.8,52.2,3.85,0.95,96.1
00:01:19,2537.8,85.3,10.3,2679,27.71,16.54,244.6,242.7,245.8,243.9,789.9,784.3,794.4,785.5,69.5,53.0,3.98,-1.11,97.6
00:01:20,2565.2,85.0,10.0,2682,27.68,16.49,245.7,243.3,246.9,244.6,786.8,783.0,792.2,784.5,69.8,53.0,4.03,0.16,97.4
00:01:21,2587.8,85.2,10.3,2674,27.72,16.42,246.4,244.0,247.3,245.1,788.9,781.6,792.2,784.4,69.7,53.7,3.79,1.49,96.5
00:01:22,2605.8,86.0,9.5,2679,27.75,16.56,246.3,245.2,248.0,245.8,786.5,783.6,791.2,786.6,69.6,53.6,3.85,-0.13,96.6
00:01:23,2634.4,85.1,9.5,2686,27.71,16.36,247.6,245.6,248.5,246.7,788.4,781.3,793.3,784.5,69.6,54.1,3.59,-0.57,97.8
00:01:24,2649.5,86.3,9.5,2679,27.65,16.43,247.6,246.6,249.4,247.5,786.7,780.3,794.1,785.7,70.5,54.4,3.51,-1.55,98.1
00:01:25,2665.9,86.3,9.9,2681,27.7,16.51,248.4,247.3,249.9,247.9,789.7,783.2,790.7,783.8,70.4,54.9,3.54,0.77,97.2
00:01:26,2688.4,85.5,9.7,2683,27.69,16.52,249.3,247.4,250.3,248.2,789.2,781.4,794.4,785.6,70.5,55.2,3.92,1.56,98.8
00:01:27,2715.4,87.1,9.6,2674,27.65,16.38,249.6,248.0,251.4,249.3,788.6,782.5,792.4,783.6,70.6,55.4,3.57,-0.34,99.0
00:01:28,2730.5,86.5,10.0,2685,27.65,16.31,250.7,248.6,252.0,249.8,787.0,781.7,792.3,783.6,70.3,55.7,3.72,-1.46,98.3
00:01:29,2760.9,86.3,9.6,2678,27.61,16.38,251.3,249.4,252.8,250.0,788.7,782.9,792.6,784.2,70.5,55.7,3.69,0.52,99.6
00:01:30,2776.7,86.4,9.6,2682,27.57,16.29,250.9,249.7,252.9,250.5,787.9,780.4,791.6,784.9,70.0,55.5,3.96,1.29,99.9
00:01:31,2798.9,87.5,9.4,2681,27.51,16.41,252.2,249.9,253.6,250.6,788.0,781.0,791.6,784.0,69.6,56.0,3.7,-1.4,99.8
00:01:32,2815.4,88.0,9.4,2675,27.61,16.39,252.6,250.7,253.4,251.7,785.5,780.1,792.9,782.5,70.2,56.2,3.53,1.41,98.7
00:01:33,2839.3,88.0,9.1,2683,27.51,16.28,252.7,251.1,254.0,251.4,786.1,781.9,790.3,784.2,70.5,56.9,3.74,0.26,99.1
00:01:34,2866.3,87.0,9.1,2671,27.52,16.35,253.4,250.9,254.5,252.0,788.6,779.1,793.0,782.7,70.5,57.2,3.52,1.76,99.1
00:01:35,2877.0,88.0,9.6,2680,27.44,16.3,253.1,251.5,255.3,252.7,785.7,779.5,792.8,784.7,69.5,56.9,3.89,-0.28,99.8
00:01:36,2901.9,88.0,9.4,2546,26.11,14.96,253.0,251.2,255.4,252.9,768.8,763.4,774.1,764.1,70.4,57.4,3.83,-1.62,100.0
00:01:37,2912.0,88.3,9.4,2532,26.22,14.83,253.6,251.2,254.9,252.0,770.0,761.6,773.3,766.0,70.4,57.5,3.64,-0.86,99.8
00:01:38,2932.2,87.5,9.2,2533,26.08,14.93,253.5,251.5,254.6,251.7,769.7,764.2,772.9,765.8,70.4,57.7,3.83,1.73,100.4
00:01:39,2935.3,87.9,9.0,2536,26.08,14.82,252.5,250.8,254.9,251.9,770.0,762.6,771.3,766.7,69.6,57.8,3.39,0.53,99.8
00:01:40,2952.8,87.5,9.0,2535,26.09,14.83,252.8,251.2,254.0,251.8,768.1,761.0,773.8,766.6,70.0,58.5,3.88,-1.51,100.9
00:01:41,2979.2,87.7,8.9,2544,26.06,14.86,252.6,251.0,254.6,251.2,768.3,761.0,773.6,763.4,69.6,58.2,3.87,-1.44,101.2
00:01:42,2980.0,87.5,8.7,2533,26.04,14.8,252.0,250.1,254.0,251.7,769.1,763.6,770.7,765.1,69.8,58.6,3.69,1.25,99.8
00:01:43,2994.8,88.2,8.7,2537,26.03,14.78,252.4,250.2,253.7,251.5,769.5,759.8,771.6,765.8,69.7,59.5,3.8,-1.06,101.1
00:01:44,3022.1,88.2,9.0,2539,25.98,14.9,252.1,250.5,254.0,251.4,769.0,762.8,770.6,763.4,69.4,59.2,3.82,-1.53,100.8
00:01:45,3037.7,88.5,8.7,2543,26.08,14.88,252.0,250.3,253.9,251.4,767.3,763.2,770.5,763.6,69.7,59.9,3.55,-1.62,100.0
00:01:46,3038.1,88.0,8.9,2530,25.96,14.8,252.2,249.6,253.8,250.7,767.4,761.4,773.4,763.9,70.5,60.0,3.79,-1.37,100.0
00:01:47,3054.4,87.4,9.0,2542,26.01,14.85,251.3,249.3,252.9,250.6,768.3,762.0,772.0,763.7,70.0,59.8,3.36,-1.31,99.5
00:01:48,3066.9,87.4,9.0,2537,25.97,14.77,251.2,249.4,253.5,250.7,766.2,760.6,772.3,763.3,69.9,60.3,3.57,0.29,101.2
00:01:49,3092.2,87.8,8.9,2533,26.0,14.71,250.9,249.8,253.3,250.1,765.7,761.8,772.1,765.9,69.9,60.6,3.89,-0.58,101.1
00:01:50,3095.5,87.6,8.7,2535,26.01,14.87,251.1,249.1,253.0,250.5,766.3,761.9,771.9,765.7,70.1,60.5,3.53,-1.45,101.3
00:01:51,3109.4,87.8,8.8,2531,26.03,14.85,251.2,249.1,253.0,249.8,766.8,759.7,773.1,764.6,69.6,60.5,3.45,-1.35,100.5
00:01:52,3121.2,87.7,8.7,2535,25.92,14.77,250.3,248.7,252.5,249.5,768.0,759.0,770.0,764.7,70.4,60.8,3.89,0.13,100.6
00:01:53,3148.0,88.0,9.0,2540,25.86,14.68,250.3,248.7,252.7,249.8,765.0,762.1,771.3,765.2,69.8,61.3,3.72,0.3,100.0
00:01:54,3151.6,88.5,8.8,2541,25.95,14.82,250.5,248.6,251.7,249.3,766.7,761.6,771.5,764.6,70.3,61.3,3.44,-1.2,100.9
00:01:55,3168.9,88.6,8.9,2532,25.9,14.82,250.3,248.3,252.2,249.5,768.4,762.2,771.2,762.6,69.4,61.0,3.79,-1.76,100.1
00:01:56,3191.7,88.4,8.7,2540,25.94,14.78,250.6,248.0,251.8,249.1,765.2,760.1,771.7,763.5,70.5,61.2,3.48,-1.24,101.1
00:01:57,3195.8,88.8,8.7,2527,25.91,14.69,249.6,247.7,251.8,249.0,765.0,761.8,772.7,763.8,70.0,61.3,3.39,-1.98,99.6
00:01:58,3222.9,88.2,8.5,2529,25.83,14.81,250.2,248.3,251.7,249.1,767.7,761.4,771.0,765.0,70.4,62.3,3.74,-1.78,100.6
00:01:59,3232.0,88.5,8.6,2528,25.8,14.72,249.5,247.9,251.8,249.2,764.5,762.1,772.0,764.9,70.0,62.4,3.66,0.31,100.5
00:02:00,3241.5,88.2,8.9,2530,25.93,14.79,249.3,248.1,251.6,248.6,764.3,761.7,772.9,763.4,70.2,62.2,3.69,-1.92,99.6
00:02:01,3254.8,87.9,8.8,2537,25.79,14.64,249.9,247.2,251.5,248.8,767.2,760.9,771.6,764.6,69.8,62.4,3.81,1.91,100.4
00:02:02,3276.3,88.1,8.5,2535,25.88,14.68,249.3,247.0,251.3,248.2,766.2,759.3,769.2,764.7,70.1,62.5,3.78,-0.04,100.1
00:02:03,3285.1,89.0,8.6,2530,25.78,14.75,249.1,247.5,251.3,248.0,766.9,759.1,772.6,762.8,70.3,63.0,3.75,-0.4,100.0
00:02:04,3308.4,87.7,8.1,2526,25.87,14.64,248.8,247.3,250.6,248.1,763.8,758.6,771.8,763.8,70.2,62.7,3.86,1.88,100.0
00:02:05,3316.8,88.8,8.3,2538,25.84,14.75,248.7,246.4,250.3,248.1,767.0,758.7,770.2,761.9,70.4,62.9,3.65,-1.14,100.4
00:02:06,3337.6,88.9,8.6,2537,25.85,14.73,248.6,247.1,250.2,247.7,766.0,758.9,768.8,760.9,70.4,63.1,3.84,-1.98,100.2
00:02:07,3337.4,87.9,8.1,2525,25.71,14.56,248.8,246.6,250.1,247.2,767.0,759.6,769.2,760.8,70.5,63.9,3.39,1.01,99.8
00:02:08,3363.1,87.8,8.4,2537,25.8,14.55,248.4,246.8,249.7,247.2,766.3,760.8,770.7,761.4,70.4,63.8,3.83,0.01,101.6
00:02:09,3370.7,88.3,8.3,2531,25.8,14.71,247.8,245.8,250.2,247.1,765.4,757.7,770.4,761.6,70.3,63.6,3.76,1.63,100.7
00:02:10,3387.4,88.6,8.6,2526,25.76,14.68,247.6,246.4,250.2,247.3,763.8,757.7,770.2,764.1,69.4,64.5,3.51,-0.21,101.6
00:02:11,3398.0,88.5,7.9,2533,25.79,14.67,247.7,245.7,249.9,246.9,765.5,757.2,770.2,760.5,70.3,63.9,3.56,-0.81,101.0
00:02:12,3424.0,87.5,7.9,2534,25.64,14.69,248.2,245.3,249.3,247.3,765.5,760.8,768.3,763.3,70.2,64.6,3.45,-1.79,101.3
00:02:13,3438.1,88.5,8.1,2535,25.63,14.66,247.8,245.5,249.8,247.0,765.3,758.5,770.5,760.4,70.3,64.2,3.73,0.78,100.3
00:02:14,3447.3,88.9,8.2,2529,25.61,14.68,247.8,245.1,249.6,246.1,763.6,760.0,769.7,763.8,70.3,64.2,3.23,1.83,99.9
00:02:15,3461.2,88.1,8.3,2533,25.7,14.63,247.6,245.2,249.2,246.8,765.0,760.1,768.7,760.7,70.4,64.7,3.28,-0.44,101.5
00:02:16,3481.2,88.4,7.8,2528,25.63,14.65,246.9,245.5,248.8,245.8,766.5,759.1,770.7,760.9,70.0,65.4,3.5,1.99,100.0
00:02:17,3491.8,88.0,8.1,2527,25.63,14.56,246.6,245.5,248.5,246.4,766.0,758.9,768.2,759.7,70.0,64.9,3.3,-1.31,100.5
00:02:18,3504.8,87.8,7.9,2532,25.7,14.52,247.3,244.6,249.1,246.4,764.6,759.5,769.6,760.8,70.2,65.1,3.63,0.9,101.6
00:02:19,3508.0,87.7,8.3,2529,25.59,14.55,246.6,244.4,248.4,245.9,762.7,757.7,768.2,760.2,70.0,65.4,3.51,-1.97,101.3
00:02:20,3525.6,87.8,8.3,2522,25.59,14.58,246.4,244.7,248.7,246.0,763.3,759.8,769.5,761.8,70.5,65.5,3.39,0.37,101.3
00:02:21,3541.3,88.7,7.6,2521,25.61,14.54,246.7,244.9,248.4,245.1,765.0,759.7,769.2,759.9,70.2,65.7,3.22,-0.12,100.6
00:02:22,3563.4,88.6,7.8,2529,25.51,14.55,246.1,244.4,248.3,245.7,763.2,759.5,769.1,761.8,69.5,65.4,3.59,-1.39,100.9
00:02:23,3577.6,88.4,8.2,2522,25.51,14.52,246.0,243.9,248.0,245.3,765.8,756.8,769.4,762.9,69.4,66.4,3.38,1.11,100.6
00:02:24,3587.7,88.0,8.1,2532,25.61,14.48,245.7,244.3,248.0,244.9,765.5,757.3,769.7,760.1,69.9,65.7,3.42,-1.96,100.9
00:02:25,3600.1,88.6,7.5,2521,25.47,14.56,246.3,243.4,247.6,244.7,763.2,758.6,770.0,759.1,70.5,65.8,3.21,-0.39,100.0
00:02:26,3623.0,88.1,8.1,2527,25.57,14.44,245.9,244.0,248.1,244.9,764.6,759.0,769.0,760.9,70.6,66.4,3.43,1.12,100.0
00:02:27,3633.6,88.3,7.8,2529,25.6,14.58,245.9,243.2,247.7,244.4,763.0,759.2,767.7,761.8,70.5,66.6,3.32,1.5,101.3
00:02:28,3643.5,88.0,7.8,2521,25.58,14.44,245.8,243.9,247.1,244.0,764.2,758.4,769.1,758.6,69.5,67.1,3.6,0.75,100.6
00:02:29,3656.5,89.0,7.4,2531,25.48,14.39,245.3,243.0,246.8,244.3,762.8,759.3,769.8,761.1,70.0,66.9,3.4,-1.87,101.3
00:02:30,3677.1,88.8,7.7,2524,25.43,14.45,245.2,243.0,247.1,243.8,761.9,758.8,768.2,759.2,70.1,67.3,3.43,1.9,100.5
00:02:31,3680.4,88.7,7.6,2529,25.44,14.48,245.0,242.6,246.7,244.4,761.4,756.5,769.7,761.3,70.5,66.7,3.22,1.02,101.1
00:02:32,3708.8,88.7,7.9,2527,25.51,14.39,244.8,243.0,246.8,244.4,761.3,757.6,768.9,758.5,69.4,67.4,3.14,0.76,100.7
00:02:33,3709.6,88.0,7.5,2523,25.44,14.4,244.6,242.9,246.4,243.5,764.6,755.6,768.2,761.1,70.1,67.8,3.2,1.66,100.9
00:02:34,3730.3,88.1,7.7,2529,25.41,14.35,244.9,242.8,246.9,243.8,764.6,757.9,767.8,760.3,70.3,67.6,3.54,-1.77,100.6
00:02:35,3747.5,87.9,7.6,2522,25.44,14.47,244.1,242.9,246.2,243.8,762.0,755.1,767.7,758.0,70.3,67.4,3.56,1.59,100.9
00:02:36,3760.3,88.3,7.8,2517,25.49,14.46,244.8,242.7,246.3,243.8,763.1,757.6,766.9,760.3,70.2,67.2,3.27,-1.35,99.9
00:02:37,3773.8,88.0,7.8,2527,25.36,14.39,244.3,242.0,245.7,243.1,764.2,757.0,766.0,759.7,70.5,67.5,3.46,1.95,100.9
00:02:38,3786.1,87.8,7.9,2526,25.33,14.48,243.7,242.5,245.6,242.7,763.8,756.9,767.5,760.9,69.6,67.7,3.37,1.22,100.6
00:02:39,3799.3,88.9,7.1,2529,25.44,14.47,244.1,241.9,245.7,242.7,761.2,757.8,767.7,760.4,69.7,67.7,3.29,0.24,100.3
00:02:40,3815.3,87.8,7.1,2527,25.38,14.4,244.1,242.3,246.2,243.1,764.3,754.7,768.6,758.4,70.3,68.3,3.59,-1.27,101.6
00:02:41,3834.3,88.8,7.7,2519,25.3,14.46,243.4,241.3,245.7,242.4,762.4,754.7,769.3,760.0,69.8,68.4,3.51,-0.08,101.6
00:02:42,3850.1,87.9,7.6,2518,25.41,14.34,244.0,241.9,245.5,242.8,761.2,757.8,768.4,759.3,69.9,68.5,3.52,-0.81,100.6
00:02:43,3859.2,88.2,7.7,2524,25.35,14.33,243.0,241.4,245.0,242.0,761.4,754.7,767.7,760.0,70.5,68.5,3.34,-0.39,100.1
00:02:44,3869.5,88.3,7.2,2517,25.37,14.46,243.6,241.0,245.1,242.0,763.9,755.8,768.1,758.8,70.3,68.7,3.06,0.93,101.8
00:02:45,3884.6,88.9,7.3,2522,25.24,14.26,243.3,241.3,245.0,241.8,760.2,756.9,765.3,760.9,69.7,69.0,3.55,-0.59,101.0
00:02:46,3901.4,88.7,7.0,2521,25.35,14.41,243.4,241.2,245.4,241.8,762.1,757.5,765.2,757.5,69.6,69.4,3.64,-0.59,101.7
00:02:47,3923.2,88.0,7.6,2523,25.3,14.38,242.6,240.6,244.4,242.1,761.2,754.3,768.5,757.3,70.0,68.7,3.32,-1.3,101.9
00:02:48,3934.3,89.3,7.0,2519,25.3,14.34,242.9,241.1,244.7,242.1,763.6,757.2,766.0,760.3,70.1,68.8,3.17,1.76,101.7
00:02:49,3946.5,88.5,7.0,2519,25.23,14.31,242.1,240.1,244.3,241.3,760.0,757.5,766.5,760.0,70.0,69.4,3.32,1.69,100.2
00:02:50,3950.0,88.4,7.2,2519,25.21,14.38,242.0,240.6,244.2,241.5,761.9,753.8,768.5,757.5,70.5,69.2,3.14,-1.47,100.2
00:02:51,3981.2,88.9,7.3,2518,25.3,14.36,242.1,240.3,244.8,241.8,762.4,756.4,766.8,759.7,70.0,69.4,3.52,0.53,100.3
00:02:52,3982.0,89.4,7.0,2527,25.15,14.32,242.6,240.6,243.8,241.5,759.6,756.9,764.9,759.0,69.5,69.1,3.24,0.36,100.7
00:02:53,4005.5,89.2,7.0,2515,25.22,14.2,242.4,240.2,244.5,241.6,760.4,755.3,768.0,760.1,70.3,69.2,3.41,-1.11,101.4
00:02:54,4019.2,88.4,7.0,2518,25.27,14.37,241.6,239.4,244.3,241.0,760.5,756.3,764.9,760.1,69.9,69.9,3.01,-0.34,101.4
00:02:55,4022.7,89.2,7.1,2518,25.26,14.2,241.6,240.0,243.5,240.3,760.1,753.6,764.9,757.3,69.8,69.7,3.26,-0.82,100.5
00:02:56,4038.9,88.8,7.3,2522,25.12,14.26,242.0,239.7,243.3,240.7,762.1,754.7,765.0,757.6,69.7,69.9,3.57,0.55,101.7
00:02:57,4062.6,88.7,6.8,2526,25.11,14.2,241.9,239.9,243.4,240.1,760.5,755.1,765.6,757.8,70.5,70.5,3.46,1.13,100.9
00:02:58,4072.3,88.0,7.0,2522,25.15,14.21,241.3,239.8,243.0,240.3,760.9,755.0,767.5,756.6,70.1,70.3,3.56,0.23,101.7
00:02:59,4093.4,89.5,7.2,2518,25.06,14.33,241.0,239.0,243.5,239.8,761.3,753.5,764.0,757.4,69.7,69.8,3.46,1.51,101.0
00:03:00,4101.7,88.4,6.8,2514,25.15,14.18,240.6,238.7,243.5,240.2,759.8,753.7,767.7,759.4,70.6,70.1,3.51,-0.02,100.8
00:03:01,4107.6,89.5,7.0,2524,25.05,14.25,240.6,238.6,243.0,239.5,762.3,755.2,764.1,755.5,70.0,70.4,3.44,0.75,101.6
00:03:02,4136.9,88.2,6.7,2523,25.02,14.21,241.0,238.7,243.4,239.7,760.0,752.5,766.4,757.5,69.7,70.1,3.27,1.69,101.8
00:03:03,4136.8,89.1,7.2,2517,25.09,14.13,241.2,238.9,243.0,239.3,761.9,755.2,765.4,756.8,69.6,70.8,3.53,0.16,102.1
00:03:04,4153.3,88.2,7.1,2511,25.07,14.17,240.1,239.0,242.9,239.9,760.2,755.1,765.8,756.8,69.7,70.3,3.31,-0.55,101.8
00:03:05,4176.0,88.4,7.0,2523,25.03,14.26,240.0,238.3,242.4,239.3,758.5,754.1,766.1,757.9,69.6,70.5,3.26,1.57,100.6
00:03:06,4181.8,88.3,6.7,2515,25.01,14.11,240.4,238.1,242.1,239.3,760.4,752.5,765.6,756.9,70.4,70.9,3.16,-1.7,100.5
00:03:07,4205.3,88.5,6.9,2515,25.1,14.23,240.3,237.8,242.8,238.8,761.3,753.3,763.4,758.8,69.9,70.8,2.99,-1.98,102.1
00:03:08,4212.8,88.3,7.0,2514,24.95,14.17,240.3,238.0,242.5,238.6,761.2,752.6,765.7,756.8,69.9,70.7,3.01,0.95,100.7
00:03:09,4222.1,89.3,6.5,2512,25.03,14.18,240.2,237.8,241.9,238.7,758.1,752.2,764.0,757.7,70.4,70.7,3.34,-1.64,101.5
00:03:10,4250.3,88.5,6.5,2515,25.0,14.09,239.4,237.4,241.9,239.2,758.2,752.8,765.4,756.5,69.8,71.4,3.08,1.64,100.4
00:03:11,4250.8,88.6,6.2,2514,25.0,14.16,239.9,237.4,242.1,238.9,760.4,754.0,763.1,755.1,70.2,71.3,3.35,1.63,102.0
00:03:12,4281.6,88.4,6.4,2521,24.92,14.12,239.4,237.6,241.4,238.4,758.9,754.8,766.2,757.1,70.2,71.5,3.15,1.91,102.2
00:03:13,4292.6,88.6,6.7,2509,24.96,14.14,239.5,237.5,241.1,238.1,760.4,752.1,765.8,755.7,69.9,71.6,3.4,1.39,102.1
00:03:14,4308.7,88.8,6.7,2513,25.0,14.12,239.0,237.7,241.3,238.6,759.2,754.7,766.5,755.9,70.1,71.0,3.46,1.82,101.6
00:03:15,4308.3,88.3,6.3,2519,24.93,14.15,239.1,237.4,241.4,238.4,759.6,754.3,763.7,757.6,69.9,71.6,3.31,-0.63,100.5
00:03:16,4330.1,89.1,6.6,2521,24.87,14.16,238.8,236.8,240.9,238.0,759.4,752.3,762.7,756.4,70.1,72.0,3.38,0.58,100.5
00:03:17,4343.5,88.6,6.7,2517,24.94,14.14,238.4,237.2,240.9,237.8,760.3,753.3,765.9,757.1,69.5,71.3,2.94,-1.31,101.9
00:03:18,4352.0,88.3,6.1,2518,24.96,14.16,238.5,236.3,241.3,238.1,757.7,753.6,764.2,755.3,69.9,72.3,3.31,0.3,101.7
00:03:19,4371.8,88.5,6.4,2517,24.83,14.08,238.3,236.9,241.0,237.5,758.4,752.6,763.7,754.9,69.7,71.5,2.94,-1.63,100.5
00:03:20,4387.0,88.2,6.2,2508,24.83,14.15,238.8,236.4,240.9,237.1,757.3,753.9,764.7,753.9,70.1,71.8,3.4,-0.7,101.0
00:03:21,4400.9,88.4,6.6,2512,24.8,14.13,237.9,235.9,240.4,237.1,759.3,753.9,764.1,757.2,70.4,71.8,3.21,-0.12,101.3
00:03:22,4415.5,89.3,6.1,2520,24.9,14.12,238.3,236.5,240.2,237.4,757.4,754.1,763.1,756.3,69.5,72.1,2.95,1.09,101.6
00:03:23,4436.2,89.6,6.0,2511,24.79,14.01,237.9,235.7,240.1,237.2,759.9,751.4,762.2,755.9,70.1,72.5,3.33,-0.83,101.4
00:03:24,4446.4,89.7,6.0,2517,24.87,14.1,237.9,236.1,240.3,237.3,760.2,753.6,761.9,756.1,70.6,71.8,3.07,-1.32,101.8
00:03:25,4461.3,89.1,6.2,2508,24.84,13.98,238.3,235.3,239.8,237.1,758.0,751.6,762.1,754.4,70.3,72.5,3.0,1.74,102.3
00:03:26,4465.0,88.6,6.3,2518,24.79,14.12,238.0,235.7,239.6,236.2,759.0,753.2,763.8,756.9,70.5,72.9,3.2,-0.16,101.6
00:03:27,4480.7,88.4,6.3,2515,24.75,14.14,237.6,235.2,239.4,236.4,757.5,751.0,762.6,753.4,70.2,72.1,3.15,0.5,101.7
00:03:28,4494.8,89.1,6.5,2509,24.75,13.95,237.9,235.7,239.5,236.1,757.0,751.5,762.2,755.0,70.6,72.2,2.93,-0.05,101.1
00:03:29,4521.9,89.5,6.1,2510,24.74,14.07,237.3,234.8,240.0,236.7,756.6,753.7,762.9,754.0,70.5,73.0,3.26,1.99,101.7
00:03:30,4525.2,88.2,5.8,2505,24.83,13.99,237.1,235.1,239.0,235.8,757.6,752.3,763.4,755.1,69.5,72.4,3.13,0.35,100.6
00:03:31,4549.9,89.1,6.0,2512,24.71,14.02,236.9,234.6,239.3,235.9,759.4,749.7,762.3,754.3,69.7,73.1,2.96,-0.97,101.5
00:03:32,4554.5,89.0,5.6,2506,24.8,14.06,237.4,234.6,239.5,235.8,758.8,750.4,762.2,753.7,70.3,72.5,3.4,0.06,100.7
00:03:33,4565.8,88.5,5.8,2507,24.7,13.92,236.5,234.3,238.9,235.4,756.8,750.4,761.7,755.2,69.8,73.2,3.36,0.81,101.8
00:03:34,4579.3,88.9,5.9,2511,24.76,14.09,236.2,234.7,238.5,235.5,757.2,753.2,764.3,756.0,69.7,72.5,3.1,1.19,100.6
00:03:35,4609.2,89.7,5.6,2517,24.75,14.01,236.4,234.8,238.5,235.9,759.0,749.7,763.1,755.6,70.5,73.2,3.0,-1.54,102.3
00:03:36,4617.8,89.0,5.6,2507,24.67,13.97,236.4,233.9,238.6,235.0,758.7,752.0,762.7,753.2,70.6,73.2,3.38,0.92,100.9
00:03:37,4634.1,88.6,5.5,2507,24.71,13.97,236.3,234.0,238.7,235.4,758.7,749.8,761.3,755.5,69.5,72.9,3.33,-0.12,101.3
00:03:38,4644.3,89.1,5.7,2506,24.61,13.99,235.7,234.1,238.4,235.1,755.4,752.4,761.7,755.2,69.7,73.4,2.82,-0.28,100.7
00:03:39,4663.4,89.7,5.4,2513,24.69,13.89,235.6,234.2,238.8,235.1,755.9,749.2,762.5,752.9,70.3,73.4,3.22,1.93,100.7
00:03:40,4668.3,89.0,5.7,2514,24.66,13.91,235.6,233.6,238.3,234.9,755.3,751.3,761.9,755.7,69.7,72.9,3.07,-0.73,101.8
00:03:41,4689.6,88.3,5.8,2503,24.67,13.95,236.3,234.0,238.5,235.0,755.2,751.1,764.3,753.0,70.4,73.7,3.12,1.36,102.0
00:03:42,4708.1,89.5,5.9,2509,24.65,13.85,235.4,233.8,237.8,234.9,758.0,749.2,760.6,754.1,70.0,73.8,2.8,-1.3,102.5
00:03:43,4712.5,88.6,5.7,2512,24.63,14.01,235.9,233.1,237.7,234.7,757.6,751.4,760.6,752.6,70.2,73.5,3.06,0.73,101.2
00:03:44,4738.4,89.3,5.2,2510,24.59,13.98,235.5,232.8,237.2,234.3,756.7,749.1,761.1,755.4,70.0,73.2,3.24,-0.8,101.6
00:03:45,4751.8,88.8,6.0,2510,24.61,13.95,235.1,233.2,237.5,234.5,758.4,749.7,763.3,754.8,70.3,73.2,3.06,-1.55,101.4
00:03:46,4768.5,89.2,5.4,2515,24.56,13.96,234.7,232.8,237.5,233.8,757.9,749.1,761.9,753.0,70.0,73.6,3.22,-1.56,102.3
00:03:47,4778.7,89.7,5.4,2505,24.5,13.9,234.8,232.9,237.4,233.6,756.0,748.9,760.1,752.3,69.7,73.7,2.91,-0.7,101.4
00:03:48,4791.6,89.3,5.4,2506,24.54,13.82,234.5,233.2,237.7,234.1,756.7,751.3,761.1,753.5,69.6,73.8,2.96,0.69,100.8
00:03:49,4811.3,89.0,5.4,2508,24.51,13.89,234.9,232.2,236.7,234.2,756.8,751.0,760.8,752.9,69.4,74.2,3.15,-0.02,100.7
00:03:50,4824.2,88.4,5.1,2503,24.58,13.84,234.7,232.1,236.7,234.0,755.1,749.0,760.3,751.8,70.4,74.1,3.3,-0.38,101.4
00:03:51,4836.2,89.6,5.8,2503,24.52,13.9,234.6,232.8,236.4,233.9,754.1,748.9,763.0,751.0,70.5,74.3,3.23,-0.3,100.7
00:03:52,4848.2,89.4,5.1,2511,24.44,13.91,234.7,232.3,236.8,233.4,755.2,751.6,761.0,753.3,69.6,73.9,3.27,-0.63,101.6
00:03:53,4853.4,89.7,5.0,2502,24.43,13.93,234.6,231.8,236.5,233.2,756.1,748.9,761.3,752.4,69.5,74.3,2.94,-1.07,101.8
00:03:54,4875.3,89.0,5.3,2511,24.42,13.83,233.8,232.5,236.4,232.8,757.1,750.8,759.5,752.7,70.1,73.6,3.28,0.52,101.4
00:03:55,4891.2,89.6,5.3,2499,24.53,13.87,234.0,231.8,236.3,233.3,754.5,747.8,759.7,753.6,70.5,74.6,3.21,-1.54,101.3
00:03:56,4896.8,89.5,5.1,2501,24.38,13.77,234.2,232.1,235.8,233.1,756.5,749.2,759.8,752.8,69.6,74.0,2.71,0.66,100.7
00:03:57,4922.4,89.8,5.0,2502,24.43,13.76,233.7,232.0,235.7,232.5,754.2,749.5,761.4,753.3,70.1,74.5,3.04,0.07,101.0
00:03:58,4927.6,88.5,5.5,2505,24.4,13.91,234.0,231.1,236.4,232.2,754.1,750.3,760.3,753.2,70.2,74.0,2.94,-0.53,101.5
00:03:59,4937.9,89.7,5.4,2508,24.42,13.91,233.7,231.8,235.6,232.8,755.5,747.5,759.9,752.1,69.8,74.5,3.18,-1.18,101.5
00:04:00,4955.1,89.1,5.5,2501,24.39,13.78,233.5,231.0,235.6,232.9,755.1,747.3,760.8,751.1,70.1,73.9,2.74,1.03,100.9
00:04:01,4981.7,88.9,5.2,2500,24.37,13.72,233.6,230.8,235.2,232.0,755.5,749.5,759.4,751.9,70.2,74.5,3.16,-1.77,100.9
00:04:02,4986.3,88.9,5.1,2498,24.38,13.78,233.0,231.5,236.0,231.8,754.7,748.9,759.7,752.7,69.5,74.0,3.0,-0.89,101.8
00:04:03,5011.4,88.7,5.1,2504,24.45,13.85,233.2,231.1,235.7,232.4,755.6,749.0,760.1,751.3,69.8,74.1,3.04,0.14,101.9
00:04:04,5020.0,89.0,4.9,2508,24.37,13.84,232.5,231.1,235.0,231.6,752.8,748.6,761.7,750.2,69.9,74.5,2.79,-1.09,101.9
00:04:05,5027.8,89.0,4.8,2506,24.28,13.78,232.3,230.9,235.0,231.3,753.0,748.0,762.0,749.9,69.8,74.5,3.08,-0.05,102.2
00:04:06,5041.7,89.1,5.0,2500,24.34,13.83,233.0,231.0,234.9,232.0,754.2,748.7,761.1,752.2,69.5,75.0,2.93,-0.39,100.8
00:04:07,5060.2,88.7,4.8,2508,24.29,13.8,232.3,229.9,234.8,231.5,755.5,750.4,762.2,752.4,70.1,74.5,2.97,-1.54,101.0
00:04:08,5072.6,89.7,5.1,2499,24.31,13.68,232.5,230.0,234.9,231.1,753.6,747.0,760.6,753.4,69.6,74.7,2.98,0.31,101.8
00:04:09,5087.1,88.8,5.3,2501,24.37,13.72,231.9,230.2,235.1,231.5,754.9,749.0,758.7,753.2,69.7,74.2,2.72,0.12,100.8
00:04:10,5096.8,89.6,5.0,2497,24.3,13.73,232.3,230.2,234.8,231.1,753.9,749.0,761.7,752.6,70.0,74.4,2.88,-0.85,101.0
00:04:11,5114.4,89.8,5.0,2499,24.21,13.65,231.6,230.1,234.4,230.8,754.3,749.2,758.7,753.1,69.9,75.3,2.62,0.27,100.9
00:04:12,5125.8,88.8,4.9,2504,24.29,13.67,231.8,230.3,234.1,231.0,753.0,749.7,760.1,752.1,69.7,74.7,2.81,1.3,101.4
00:04:13,5150.8,88.6,4.6,2505,24.26,13.77,231.7,229.7,234.5,230.7,755.5,749.4,760.5,749.8,70.3,75.0,2.63,-0.28,102.6
00:04:14,5164.8,88.6,4.6,2498,24.2,13.75,231.7,229.5,233.8,230.3,753.2,747.8,760.0,749.5,69.7,75.3,3.04,-1.31,102.0
00:04:15,5175.7,89.4,4.9,2504,24.31,13.78,231.0,229.6,233.9,230.7,753.5,746.7,759.0,752.5,70.3,75.0,2.71,0.95,101.4
00:04:16,5181.4,89.7,4.7,2496,24.14,13.6,231.8,229.1,233.7,230.5,754.7,746.2,758.4,751.7,70.0,75.2,2.83,0.03,102.7
00:04:17,5198.5,89.4,4.8,2500,24.18,13.69,231.1,229.3,233.8,229.8,753.5,748.9,759.6,751.9,69.4,74.7,2.66,-0.94,102.7
00:04:18,5213.7,89.4,5.0,2504,24.2,13.7,231.0,229.3,233.6,230.6,755.3,746.2,760.0,750.3,69.8,75.3,2.77,-0.8,101.0
00:04:19,5239.0,89.4,4.8,2496,24.2,13.61,231.0,229.0,233.9,230.4,752.4,745.5,760.5,752.1,69.4,74.8,3.03,0.66,102.5
00:04:20,5247.2,89.7,4.7,2494,24.2,13.75,231.1,228.8,232.9,229.6,751.7,747.3,757.8,751.2,69.7,74.7,2.83,-1.91,101.2
00:04:21,5264.1,89.5,4.3,2498,24.08,13.64,231.1,228.7,233.5,229.7,755.1,748.1,760.6,748.7,69.5,75.1,2.99,-1.8,102.4
00:04:22,5282.2,88.9,4.5,2505,24.13,13.72,231.0,228.8,233.3,229.8,754.2,745.8,758.9,752.0,69.9,75.7,3.08,-1.03,100.9
00:04:23,5288.0,89.3,4.4,2500,24.11,13.68,230.4,228.0,233.1,229.7,754.6,746.9,759.4,751.8,70.1,75.4,2.61,-0.43,102.2
00:04:24,5299.0,90.0,4.3,2504,24.08,13.54,230.4,228.6,233.2,229.5,752.7,746.9,758.0,749.8,69.5,75.7,2.89,1.21,101.0
00:04:25,5320.6,89.6,4.5,2503,24.16,13.58,230.1,227.6,232.8,228.9,751.3,745.4,759.0,751.4,70.3,75.3,2.6,1.51,101.4
00:04:26,5331.8,89.7,4.3,2493,24.08,13.65,230.0,227.6,232.2,228.7,752.3,746.1,760.7,750.8,69.4,74.9,2.95,1.31,102.5
00:04:27,5339.2,90.0,4.5,2503,24.02,13.69,230.3,227.8,232.5,229.4,751.6,745.6,759.4,750.2,69.8,75.5,2.65,-0.02,101.4
00:04:28,5355.5,90.0,4.4,2504,24.15,13.65,229.6,228.2,232.6,228.9,754.5,746.7,758.5,749.3,70.0,75.4,3.05,1.49,102.9
00:04:29,5374.8,90.0,4.6,2505,24.02,13.69,230.1,227.1,232.6,228.6,751.8,747.1,760.1,750.4,69.5,75.7,2.72,0.39,101.9
00:04:30,5387.1,90.2,4.1,2497,24.08,13.61,229.3,227.7,232.7,228.2,754.0,746.4,757.3,751.4,69.8,75.2,3.0,-0.78,101.6
00:04:31,5399.2,89.6,4.3,2500,24.1,13.52,229.9,227.0,232.6,229.0,752.4,746.4,759.1,749.8,70.0,75.7,2.95,-1.3,102.1
00:04:32,5420.3,89.5,4.6,2503,24.03,13.67,229.7,227.5,232.0,227.9,751.4,748.0,759.6,751.2,70.0,75.7,2.61,-0.96,102.8
00:04:33,5438.3,89.6,4.2,2492,24.06,13.64,229.1,227.2,231.9,228.0,751.0,744.5,759.6,748.3,70.0,75.8,2.55,0.26,103.0
00:04:34,5454.7,88.9,4.1,2502,24.0,13.65,228.7,226.5,231.3,227.7,753.7,747.5,758.2,748.6,70.4,75.9,2.93,-1.82,101.9
00:04:35,5469.2,89.6,3.9,2496,23.99,13.59,229.3,227.0,231.7,228.4,750.1,745.2,758.2,749.9,70.0,75.4,2.91,-0.55,102.7
00:04:36,5467.5,89.5,4.0,2497,23.95,13.63,228.8,226.9,231.4,227.6,753.2,747.1,759.9,747.6,70.4,75.2,2.94,1.87,101.9
00:04:37,5483.4,90.0,3.9,2494,23.97,13.64,228.9,227.0,231.4,227.4,752.7,744.5,759.1,747.2,69.6,76.1,2.81,1.65,101.8
00:04:38,5503.7,89.5,4.2,2502,23.94,13.54,228.3,226.0,231.0,227.8,751.2,746.6,756.1,748.8,70.5,75.4,2.79,1.7,102.6
00:04:39,5513.3,88.8,3.9,2500,23.94,13.49,228.3,226.2,231.2,227.1,753.1,744.3,758.2,747.2,70.5,75.9,2.55,-1.23,102.2
00:04:40,5539.6,90.0,4.2,2502,23.92,13.45,228.2,226.3,231.2,227.0,753.2,747.2,757.0,749.2,70.1,75.4,2.84,-0.0,102.0
00:04:41,5546.6,90.1,3.7,2500,23.95,13.54,228.4,226.3,231.0,227.5,753.4,743.9,759.2,747.2,70.4,75.7,2.51,0.35,102.8
00:04:42,5568.5,89.3,4.4,2496,23.89,13.43,228.6,226.4,230.6,226.8,750.8,746.5,756.9,749.7,70.2,75.9,2.95,-1.54,102.5
00:04:43,5574.2,88.8,4.3,2488,23.9,13.44,228.1,225.8,230.9,226.6,751.8,746.5,758.8,746.7,69.7,75.9,2.46,-1.97,101.4
00:04:44,5583.2,89.5,4.2,2491,23.9,13.4,227.6,226.1,230.5,227.0,750.2,744.4,757.9,749.1,70.2,75.9,3.01,-1.71,101.5
00:04:45,5608.1,89.9,4.0,2490,23.85,13.45,227.6,225.9,230.1,226.5,752.9,744.8,756.4,746.5,70.4,76.1,2.83,-0.77,102.4
00:04:46,5620.3,89.8,4.1,2495,23.9,13.55,227.1,225.4,230.2,226.3,749.7,744.6,757.6,749.8,69.6,76.3,2.66,-1.45,101.9
00:04:47,5629.9,89.4,3.9,2499,23.85,13.45,227.1,225.2,230.2,226.2,752.6,744.2,757.9,746.6,69.7,75.9,2.71,-0.14,103.0
00:04:48,5648.3,89.1,3.7,2498,23.81,13.47,227.6,225.4,229.7,226.0,752.1,744.8,758.8,746.2,69.9,75.5,2.85,1.02,101.5
00:04:49,5669.1,89.5,3.8,2498,23.91,13.45,226.9,225.1,229.4,226.0,749.8,743.2,757.1,747.6,70.4,75.5,2.88,-1.67,101.2
00:04:50,5680.3,89.7,4.1,2489,23.83,13.4,227.0,225.5,230.1,226.1,749.3,743.3,757.8,748.3,70.1,76.1,2.67,1.68,102.4
00:04:51,5694.9,89.5,3.4,2491,23.79,13.43,227.5,225.3,229.8,226.2,750.0,746.1,758.5,747.4,70.0,76.4,2.94,-0.62,103.0
00:04:52,5701.4,88.9,3.7,2493,23.87,13.47,227.3,224.5,229.7,226.3,751.8,743.6,757.0,747.2,70.2,76.3,2.71,1.0,101.2
00:04:53,5724.6,89.4,4.0,2489,23.84,13.45,227.3,224.5,229.3,225.3,752.3,746.3,758.6,745.7,69.5,76.2,2.78,-0.92,103.0
00:04:54,5728.1,89.5,3.5,2498,23.73,13.5,226.6,224.7,229.8,225.6,751.0,742.5,757.8,747.5,70.4,76.1,2.64,-0.08,102.9
00:04:55,5743.7,89.0,3.9,2491,23.77,13.44,226.5,224.2,229.7,225.6,750.3,744.0,757.6,745.5,70.1,75.9,2.71,1.49,102.6
00:04:56,5767.6,90.0,3.4,2486,23.75,13.44,226.6,224.8,228.7,225.0,751.9,744.8,758.3,746.8,70.0,76.0,2.63,0.38,101.6
00:04:57,5773.4,89.7,3.6,2486,23.77,13.4,226.2,224.7,228.7,224.9,748.3,745.4,756.7,746.0,70.5,76.3,2.54,-0.53,102.5
00:04:58,5795.3,89.8,3.9,2487,23.74,13.38,226.2,223.7,228.8,225.3,750.9,744.3,757.9,746.2,69.6,76.4,2.73,0.53,101.9
00:04:59,5812.5,89.5,3.5,2492,23.78,13.35,225.8,223.8,228.5,225.5,750.5,741.9,754.6,745.1,70.0,75.6,2.46,-0.07,103.1
00:05:00,5820.3,90.0,3.7,2495,23.75,13.38,226.2,223.7,228.5,224.5,748.9,742.5,756.0,745.8,70.6,76.2,2.38,-1.2,102.4
00:05:01,5825.5,89.6,3.5,2496,23.75,13.48,225.4,224.1,228.1,225.1,750.6,742.8,754.1,745.2,69.5,76.1,2.72,0.31,101.8
00:05:02,5848.9,90.0,3.3,2485,23.71,13.37,225.6,223.9,228.9,224.4,750.4,742.7,754.7,747.9,69.5,76.4,2.59,1.06,101.4
00:05:03,5862.8,90.2,3.3,2496,23.71,13.31,225.7,223.7,228.2,224.8,749.9,742.7,757.4,746.9,70.0,76.4,2.73,1.44,102.5
00:05:04,5874.6,90.3,3.6,2491,23.69,13.29,225.3,223.5,228.4,224.8,750.2,744.1,756.9,744.7,69.9,75.7,2.92,1.33,102.8
00:05:05,5888.2,90.2,3.6,2493,23.58,13.3,225.2,222.8,228.1,224.7,747.7,742.1,755.8,746.6,69.9,76.5,2.46,1.75,103.2
00:05:06,5897.6,89.5,3.6,2486,23.69,13.44,225.6,223.1,227.9,224.0,747.5,741.8,754.0,747.0,70.4,76.0,2.69,-1.88,102.2
00:05:07,5914.0,89.5,2.9,2490,23.7,13.33,225.0,222.6,227.5,224.0,749.2,742.3,756.6,747.7,70.4,76.5,2.39,1.21,102.8
00:05:08,5933.6,89.5,3.2,2493,23.62,13.33,225.0,222.7,227.3,224.4,750.1,745.0,754.1,744.7,69.5,76.6,2.77,1.61,102.2
00:05:09,5939.2,90.0,3.2,2484,23.63,13.28,225.2,222.8,228.1,223.7,750.4,744.1,754.5,747.5,70.2,76.2,2.78,-0.57,102.3
00:05:10,5964.1,90.6,2.9,2489,23.6,13.3,224.3,222.6,227.9,223.7,748.4,741.9,754.6,747.5,70.2,76.6,2.54,1.52,101.6
00:05:11,5971.4,89.5,2.8,2485,23.53,13.37,224.9,222.7,227.5,224.0,750.5,744.7,754.5,747.7,70.5,76.5,2.63,0.62,102.5
00:05:12,5992.2,89.1,3.3,2484,23.54,13.28,224.2,222.7,227.6,223.4,748.0,743.2,757.1,746.2,70.0,76.7,2.57,-1.73,103.3
00:05:13,6010.9,89.4,3.1,2487,23.61,13.34,223.9,222.5,227.6,223.6,749.5,744.0,753.4,744.3,70.4,76.1,2.79,1.49,102.9
00:05:14,6023.4,89.7,3.0,2494,23.53,13.24,223.9,221.8,226.8,223.4,747.6,742.8,754.4,745.2,70.0,76.1,2.76,0.51,102.9
00:05:15,6028.8,89.7,3.2,2484,23.51,13.27,224.6,222.5,227.1,223.0,749.3,743.2,755.4,745.5,69.6,76.0,2.65,1.52,102.5
00:05:16,6052.5,90.5,2.8,2490,23.47,13.2,223.7,221.6,226.5,222.5,747.3,743.4,753.0,746.0,70.1,76.5,2.33,0.36,103.4
00:05:17,6063.7,90.6,2.7,2492,23.56,13.28,223.9,222.1,226.2,222.7,749.8,741.4,753.2,744.1,69.5,76.7,2.8,-1.02,102.5
00:05:18,6081.4,89.3,2.8,2483,23.49,13.23,223.3,221.5,226.4,222.8,747.7,741.5,753.6,746.3,69.5,76.1,2.61,-1.75,101.8
00:05:19,6089.1,90.1,2.6,2484,23.55,13.29,223.9,221.5,226.6,222.5,748.5,741.5,756.5,745.7,69.8,76.3,2.82,-1.56,102.5
00:05:20,6111.6,90.3,3.1,2484,23.49,13.17,223.7,221.7,225.8,222.5,749.2,744.1,756.2,746.2,70.2,75.9,2.3,-0.62,103.2
00:05:21,6125.7,90.3,3.1,2486,23.4,13.29,223.5,221.0,226.3,222.2,748.2,741.1,756.4,747.0,69.8,75.9,2.81,1.9,103.0
00:05:22,6134.1,89.3,3.1,2483,23.44,13.16,223.7,221.4,226.2,222.7,745.9,740.2,753.5,746.7,69.7,76.2,2.81,0.34,102.4
00:05:23,6139.9,89.5,2.8,2480,23.4,13.23,223.2,220.7,225.8,222.5,747.7,742.2,752.6,746.8,69.6,75.9,2.3,1.51,102.3
00:05:24,6166.4,89.1,2.9,2481,23.36,13.22,223.3,220.8,226.0,222.4,748.9,742.0,753.9,744.1,69.6,76.1,2.76,1.78,102.8
00:05:25,6168.4,89.9,3.0,2479,23.45,13.23,222.7,221.1,225.8,221.4,747.0,741.9,753.8,744.4,69.6,76.0,2.24,0.72,103.5
00:05:26,6182.9,89.7,2.6,2488,23.42,13.28,223.1,220.4,225.3,222.0,748.8,741.8,755.1,744.8,69.5,76.7,2.4,-0.35,103.1
00:05:27,6209.2,90.5,2.6,2490,23.45,13.26,222.8,220.9,225.3,221.3,746.4,740.3,752.7,746.2,69.6,76.8,2.72,-0.38,101.7
00:05:28,6212.3,90.4,2.8,2486,23.32,13.26,222.3,220.7,225.9,221.6,748.0,741.5,753.0,745.5,69.6,76.2,2.77,0.24,103.2
00:05:29,6234.2,89.4,3.0,2487,23.34,13.21,222.2,220.3,225.2,221.0,747.5,743.3,754.2,744.1,70.2,75.9,2.44,-1.67,103.3
00:05:30,6249.2,90.1,2.4,2485,23.41,13.27,222.4,220.1,225.4,221.6,748.5,741.4,752.0,744.3,70.3,76.5,2.65,-1.81,102.9
00:05:31,6269.2,89.2,2.4,2487,23.38,13.26,222.1,220.1,225.5,221.4,747.4,739.5,751.9,744.9,70.4,76.7,2.54,1.84,103.1
00:05:32,6274.4,90.2,2.4,2488,23.28,13.22,222.1,219.9,224.7,221.1,745.8,742.4,754.3,743.6,69.6,76.0,2.2,-1.71,102.8
00:05:33,6282.6,89.5,2.7,2488,23.29,13.1,221.8,220.0,224.4,220.8,748.7,740.1,752.2,743.7,69.5,76.0,2.45,0.25,101.7
00:05:34,6310.1,89.7,2.6,2477,23.28,13.24,221.8,219.4,224.6,220.4,746.7,741.0,754.6,745.7,69.4,76.3,2.46,-0.59,103.4
00:05:35,6316.0,89.4,2.2,2476,23.39,13.16,221.7,220.0,224.1,220.9,746.4,741.8,755.1,742.4,69.6,76.8,2.58,0.55,103.5
00:05:36,6326.2,90.1,2.1,2483,23.28,13.05,221.4,219.5,224.1,220.7,745.1,739.2,753.5,742.4,69.7,76.7,2.25,1.08,102.7
00:05:37,6355.3,89.3,2.3,2488,23.26,13.18,221.2,219.4,223.9,220.9,745.4,739.2,755.1,745.0,70.1,76.5,2.63,0.12,103.0
00:05:38,6358.7,89.4,2.1,2478,23.2,13.04,221.5,219.4,224.5,220.5,746.5,741.9,752.5,743.7,70.3,76.6,2.72,-0.33,102.3
00:05:39,6374.1,90.3,2.1,2482,23.3,13.07,221.3,219.4,224.3,220.1,746.7,742.1,755.0,743.2,69.8,76.2,2.41,1.71,101.8
00:05:40,6388.5,90.1,2.7,2478,23.23,13.07,221.5,218.7,224.4,220.1,748.0,741.3,754.3,743.6,69.6,76.6,2.5,-1.99,102.5
00:05:41,6407.0,89.9,2.1,2477,23.24,13.16,221.3,218.7,224.1,220.3,747.0,739.7,751.0,744.2,70.5,76.8,2.5,1.69,102.5
00:05:42,6424.2,90.6,2.5,2481,23.21,13.19,220.5,218.3,224.1,219.4,745.4,739.2,754.3,742.8,70.3,76.1,2.66,-0.25,103.5
00:05:43,6433.9,90.1,1.9,2477,23.14,13.15,220.5,219.0,223.3,220.0,745.5,742.1,751.6,742.3,70.1,76.7,2.36,-0.05,102.6
00:05:44,6450.9,89.8,2.2,2476,23.14,13.1,220.2,218.7,224.0,220.0,746.5,738.4,752.0,743.5,70.2,75.9,2.42,-0.89,102.0
00:05:45,6453.8,89.4,2.5,2486,23.12,13.14,220.1,218.3,223.2,219.3,747.0,741.3,753.1,742.1,69.8,75.9,2.49,0.69,102.9
00:05:46,6485.0,90.3,1.9,2482,23.17,13.12,220.5,218.6,223.5,219.7,745.3,741.8,750.9,744.5,70.6,76.5,2.17,-0.05,103.3
00:05:47,6491.9,90.0,2.0,2479,23.1,13.07,220.0,217.9,223.6,218.8,747.5,739.3,753.0,743.8,70.1,76.7,2.59,0.07,103.5
00:05:48,6499.3,90.1,2.4,2483,23.15,13.13,219.7,217.8,223.3,218.8,747.5,741.7,752.8,741.8,70.4,76.0,2.23,-1.1,103.3
00:05:49,6522.2,90.2,2.0,2474,23.1,13.01,220.1,217.6,223.3,218.6,744.6,738.8,752.1,743.5,69.5,76.3,2.23,-1.72,101.9
00:05:50,6534.9,89.6,1.8,2475,23.18,13.12,220.2,217.6,222.4,218.4,743.8,740.6,750.3,743.8,70.1,76.2,2.13,-1.96,102.1
00:05:51,6547.3,89.5,2.3,2486,23.16,12.98,220.2,217.1,222.7,219.1,745.0,737.6,750.7,741.0,69.8,76.8,2.58,1.12,102.1
00:05:52,6554.9,89.7,2.0,2483,23.17,13.01,219.7,217.8,222.6,218.7,746.0,738.3,751.5,742.4,69.8,76.1,2.2,0.19,102.3
00:05:53,6569.6,90.1,2.3,2478,23.06,13.09,219.8,217.0,222.9,218.0,745.0,738.2,750.7,740.7,70.2,75.9,2.4,1.49,102.5
00:05:54,6585.5,90.5,2.0,2474,23.04,13.04,219.3,216.8,222.1,218.5,746.9,739.6,752.2,743.0,69.6,76.5,2.43,1.95,102.2
00:05:55,6607.6,90.0,1.9,2485,23.1,12.97,218.8,217.2,222.7,218.5,746.9,738.0,750.9,742.8,69.5,76.1,2.38,1.67,101.8
00:05:56,6618.6,89.7,1.5,2478,23.02,13.01,218.7,217.2,222.2,218.3,744.9,737.8,752.5,740.1,70.5,76.7,2.27,1.09,102.8
00:05:57,6626.5,89.6,1.6,2482,23.01,13.01,218.6,216.7,221.7,217.6,745.5,741.0,750.1,740.2,70.2,76.7,2.27,1.72,102.9
00:05:58,6645.3,89.9,1.7,2484,23.0,13.09,219.1,217.1,222.1,217.6,743.1,739.4,753.2,743.2,69.5,76.4,2.32,1.89,102.5
00:05:59,6667.1,89.6,2.1,2479,23.1,13.08,218.6,216.2,221.9,218.1,745.7,737.5,751.0,742.3,69.7,76.4,2.39,-0.72,102.8
00:06:00,6681.7,90.2,1.5,2479,23.1,12.95,218.6,216.8,222.1,217.5,746.2,740.2,750.2,740.6,70.1,75.9,2.22,-1.69,102.2
00:06:01,6687.5,90.1,1.6,2477,23.06,13.05,218.6,216.4,221.4,217.2,744.1,737.8,749.6,740.7,70.3,76.1,2.58,-0.52,103.3
00:06:02,6696.6,90.0,1.7,2479,23.01,13.04,218.2,216.5,221.7,217.9,745.4,736.7,752.0,741.7,69.9,76.7,2.52,-0.38,103.4
00:06:03,6726.9,89.5,1.9,2475,23.01,13.02,218.6,216.5,221.2,217.5,744.0,740.4,749.2,741.4,69.8,76.0,2.04,0.39,102.5
00:06:04,6727.1,90.3,1.5,2482,22.94,12.93,218.2,216.3,221.4,216.9,744.0,738.8,749.3,743.2,70.0,76.5,2.39,1.55,102.6
00:06:05,6754.8,89.5,1.5,2474,22.94,12.85,218.1,216.2,221.0,216.7,745.7,737.3,749.9,742.1,70.0,76.6,2.57,0.51,103.0
00:06:06,6768.2,89.7,1.5,2483,23.0,12.91,217.9,216.2,221.3,216.8,745.3,739.8,750.9,740.4,70.5,76.6,2.14,1.98,103.8
00:06:07,6781.4,89.7,1.6,2470,22.96,12.83,218.1,215.5,220.6,217.0,743.8,738.7,750.2,739.6,70.1,76.8,2.2,0.95,102.3
00:06:08,6793.2,90.4,1.3,2471,23.01,12.95,218.1,215.7,220.5,217.2,745.8,738.2,749.6,742.1,70.2,76.6,2.19,1.57,102.1
00:06:09,6807.8,89.6,1.8,2480,22.89,12.95,217.9,215.1,220.5,216.9,745.3,739.6,751.0,740.9,70.5,76.4,2.6,0.98,102.4
00:06:10,6819.4,90.8,1.5,2475,22.91,12.88,217.7,215.5,220.2,216.8,745.0,738.8,752.2,742.6,69.4,76.7,2.4,0.21,102.2
00:06:11,6841.0,89.9,1.8,2470,22.86,12.86,217.1,214.8,220.5,216.7,744.6,738.8,749.2,742.1,70.1,76.5,2.13,0.04,103.1
00:06:12,6856.0,90.9,1.1,2475,22.84,12.81,217.5,215.0,220.4,216.6,745.5,737.4,751.3,738.7,69.6,76.2,2.16,-1.27,103.2
00:06:13,6859.6,90.9,1.4,2478,22.88,12.98,216.8,214.5,220.3,216.2,741.7,737.2,749.3,742.2,70.0,76.4,2.51,0.77,102.9
00:06:14,6874.0,91.0,1.3,2474,22.86,12.96,217.4,215.3,219.8,215.6,742.9,737.8,748.5,742.1,70.2,76.3,2.34,1.25,103.3
00:06:15,6893.3,90.5,1.3,2467,22.87,12.83,217.0,215.2,220.0,215.4,742.4,739.0,749.0,739.1,69.5,75.8,2.43,-0.82,103.9
00:06:16,6912.4,89.5,1.6,2469,22.89,12.79,216.3,214.6,219.9,215.7,744.2,737.0,752.1,741.8,69.5,76.0,2.23,1.85,103.5
00:06:17,6925.0,89.8,1.1,2471,22.81,12.95,216.7,214.6,219.3,215.4,745.2,736.4,750.8,740.9,69.6,76.7,2.41,1.23,102.0
00:06:18,6938.7,91.0,1.3,2479,22.83,12.84,216.6,214.0,219.8,215.7,742.3,735.6,749.9,740.4,69.5,76.4,2.38,1.62,102.4
00:06:19,6948.5,91.1,0.9,2471,22.85,12.77,216.1,214.2,219.3,215.7,742.1,737.1,751.3,741.1,69.6,75.8,2.52,-1.31,103.9
00:06:20,6961.8,89.9,1.4,2472,22.85,12.81,216.5,214.5,219.0,215.5,744.4,737.7,750.1,738.7,69.9,76.6,2.46,1.81,102.4
00:06:21,6970.9,91.0,1.4,2471,22.85,12.74,216.1,214.3,218.9,215.6,744.4,736.7,747.9,740.1,69.7,76.7,1.99,1.61,103.3
00:06:22,6982.8,90.3,1.4,2471,22.74,12.92,216.2,213.8,218.8,215.5,743.8,738.1,750.2,738.5,69.9,76.5,2.15,-0.57,104.0
00:06:23,7012.5,90.4,1.0,2471,22.75,12.84,215.9,213.3,218.8,215.3,742.9,736.1,750.6,739.4,69.4,76.6,2.32,0.62,103.6
00:06:24,7018.8,90.5,1.4,2468,22.71,12.82,216.0,213.2,219.2,214.7,743.1,738.4,748.5,740.3,70.5,75.9,2.35,-0.08,103.6
00:06:25,7041.9,90.0,0.9,2471,22.81,12.72,216.0,213.9,219.3,214.2,744.1,736.5,751.0,740.2,70.1,76.2,2.15,-1.84,103.8
00:06:26,7056.6,90.2,1.3,2471,22.68,12.85,215.9,213.9,219.0,214.7,742.3,736.2,748.4,738.3,70.3,76.5,2.21,1.74,103.6
00:06:27,7068.4,91.2,1.3,2465,22.7,12.87,215.8,213.5,218.8,214.2,742.7,737.3,747.8,740.2,69.5,76.0,2.37,-1.54,102.3
00:06:28,7070.9,90.2,1.0,2469,22.71,12.87,215.4,212.9,218.7,214.5,743.4,735.6,748.3,738.9,70.1,76.1,2.19,-1.96,102.8
00:06:29,7085.1,90.3,1.2,2477,22.73,12.78,215.2,213.2,218.4,214.3,741.0,736.1,747.8,737.6,70.4,76.0,2.43,1.16,103.6
00:06:30,7099.8,89.9,1.2,2465,22.69,12.8,214.8,213.4,218.2,213.8,741.6,737.7,747.9,737.5,69.6,76.7,2.32,1.51,103.8
00:06:31,7128.2,90.5,0.7,2469,22.75,12.69,214.6,213.1,217.9,214.2,740.1,737.1,748.9,737.6,70.3,75.9,2.35,-0.07,103.9
00:06:32,7127.0,91.3,1.1,2464,22.64,12.7,214.4,212.7,218.0,213.6,742.3,735.2,749.9,737.7,69.4,75.8,1.9,-1.85,102.6
00:06:33,7156.4,91.2,0.5,2473,22.68,12.77,214.9,212.8,218.2,213.4,743.8,735.1,749.6,737.0,69.9,76.5,2.17,0.21,102.7
00:06:34,7165.1,89.8,1.1,2475,22.65,12.74,214.3,212.5,218.0,213.8,743.5,734.4,749.3,739.3,69.6,76.6,1.88,-0.44,102.3
00:06:35,7169.5,90.1,0.8,2472,22.63,12.73,214.5,212.3,217.7,213.3,741.7,736.0,746.9,738.3,70.2,76.6,2.39,-0.0,102.7
00:06:36,7195.0,91.0,0.8,2464,22.62,12.69,214.3,212.4,217.3,212.9,743.1,733.8,747.3,737.4,70.0,76.6,2.29,-1.83,102.3
00:06:37,7213.9,90.1,0.6,2463,22.54,12.69,214.0,212.2,217.1,213.1,743.1,737.2,749.8,740.1,70.6,76.1,1.89,0.74,102.4
00:06:38,7226.3,90.0,0.5,2474,22.66,12.72,214.0,211.7,217.5,213.1,741.9,734.9,749.1,738.2,70.4,76.5,2.07,-0.04,102.8
00:06:39,7238.1,90.2,1.0,2474,22.56,12.81,213.5,212.2,217.0,212.6,740.4,736.8,748.3,739.9,70.0,75.7,2.15,0.47,104.0
00:06:40,7240.2,90.6,0.6,2469,22.65,12.64,214.3,211.5,216.7,213.0,739.5,736.5,749.4,739.1,70.3,76.2,1.86,1.24,102.7
00:06:41,7263.3,91.1,0.7,2466,22.64,12.65,214.0,211.6,216.8,212.8,739.9,733.6,746.6,739.1,69.6,76.3,2.31,0.23,104.2
00:06:42,7277.7,90.4,0.5,2463,22.52,12.65,213.9,211.6,216.5,213.0,743.2,734.7,749.9,736.6,70.5,76.0,2.23,0.2,104.0
00:06:43,7300.3,90.5,0.6,2466,22.51,12.64,213.6,211.9,216.8,212.7,741.0,734.4,747.4,739.3,69.6,76.2,2.36,-1.17,103.6
00:06:44,7299.4,91.1,0.7,2465,22.51,12.76,213.5,210.9,217.0,212.4,740.2,734.5,746.7,739.3,69.5,75.8,1.93,-0.38,103.1
00:06:45,7312.5,89.9,0.2,2469,22.52,12.71,213.5,210.9,216.2,212.0,740.4,734.8,747.3,738.5,70.4,76.0,1.9,-1.97,103.8
00:06:46,7339.7,90.5,0.4,2465,22.49,12.61,213.2,211.0,216.4,212.1,740.0,733.9,749.5,737.7,70.1,76.5,2.12,-0.82,103.4
00:06:47,7353.0,90.5,0.3,2465,22.56,12.66,212.6,211.0,216.6,212.4,739.1,734.0,748.3,737.7,69.7,76.1,1.82,0.84,103.0
00:06:48,7360.1,91.1,0.5,2470,22.47,12.76,213.0,210.8,216.2,211.8,740.0,736.5,747.9,736.6,69.5,76.2,1.82,-0.99,103.1
00:06:49,7381.2,90.6,0.4,2469,22.51,12.56,212.8,210.8,216.2,211.4,742.2,736.4,748.1,738.7,70.4,75.9,1.9,0.29,103.6
00:06:50,7393.3,91.2,-0.0,2468,22.44,12.63,212.9,210.3,216.4,211.4,741.1,734.3,749.4,736.9,70.0,75.6,2.13,-0.31,103.8
00:06:51,7413.8,91.2,0.5,2469,22.51,12.73,212.4,210.5,215.9,211.2,740.8,734.7,746.8,737.4,70.0,75.8,2.22,1.86,103.4
00:06:52,7417.2,90.9,0.1,2462,22.4,12.72,212.0,209.9,216.2,211.0,740.8,736.0,748.2,737.7,69.5,76.1,1.9,0.26,103.3
00:06:53,7428.0,90.8,0.7,2468,22.37,12.58,212.0,210.7,215.4,211.1,740.4,734.2,746.7,736.6,70.0,75.8,1.82,-1.87,104.1
00:06:54,7441.5,91.0,0.5,2461,22.42,12.56,212.1,210.5,215.2,210.9,740.4,733.7,747.8,738.9,70.3,76.1,2.19,0.67,103.0
00:06:55,7468.3,90.4,0.6,2461,22.44,12.54,212.5,209.6,215.2,211.1,738.7,733.3,746.0,735.7,69.5,76.4,1.93,-1.46,103.9
00:06:56,7477.1,90.2,0.2,2458,22.48,12.64,211.7,210.1,215.7,211.0,740.4,732.9,749.2,739.0,70.3,76.1,2.13,-0.91,102.4
00:06:57,7486.5,90.2,0.6,2467,22.45,12.56,212.0,210.1,215.5,211.2,738.4,733.9,747.6,738.2,69.5,75.7,2.08,1.95,104.2
00:06:58,7509.9,90.5,0.1,2465,22.36,12.59,211.8,209.6,215.1,210.6,738.4,733.7,745.9,736.5,70.3,75.6,1.96,-1.09,104.4
00:06:59,7527.2,90.7,0.3,2468,22.34,12.58,212.1,209.8,214.8,210.5,739.2,735.5,747.4,736.7,70.0,76.3,1.97,1.81,104.3
00:07:00,7530.4,90.0,-0.2,2457,22.39,12.51,211.4,209.4,215.0,210.8,739.9,733.5,745.4,735.9,70.5,75.6,1.89,-0.35,104.4
00:07:01,7546.6,91.3,0.2,2456,22.36,12.53,211.7,209.1,214.8,210.1,739.7,732.6,747.8,735.0,69.5,75.8,2.31,-0.34,103.4
00:07:02,7563.3,90.9,0.3,2467,22.27,12.49,210.8,208.9,214.9,210.2,739.7,734.5,746.0,737.1,69.9,75.8,1.78,-1.8,102.6
00:07:03,7579.5,90.8,-0.1,2464,22.28,12.64,210.8,208.6,214.7,209.7,738.3,733.9,747.5,737.1,69.9,76.0,1.97,-0.02,104.4
00:07:04,7599.5,91.4,-0.4,2469,22.39,12.56,210.7,209.0,214.7,209.6,738.9,733.6,748.0,736.8,69.8,76.0,2.26,0.84,102.7
00:07:05,7605.0,91.5,0.1,2466,22.38,12.47,211.2,208.6,214.2,209.5,737.6,733.7,744.9,735.9,70.6,75.5,2.03,1.55,103.1
00:07:06,7615.3,90.2,0.1,2468,22.35,12.54,210.4,208.2,214.6,210.1,739.1,732.8,747.3,738.1,69.4,75.8,2.02,-1.62,104.2
00:07:07,7641.0,90.0,-0.0,2466,22.29,12.57,210.9,208.2,214.1,209.3,738.7,732.0,747.4,737.2,70.1,75.2,2.11,0.59,103.8
00:07:08,7654.8,91.5,0.0,2469,22.3,12.6,210.6,208.0,213.9,209.5,741.0,733.9,744.5,736.2,69.7,76.0,1.88,-0.44,103.8
00:07:09,7654.9,91.1,-0.3,2468,22.31,12.5,210.8,208.2,213.4,209.1,739.2,731.7,745.3,735.0,70.0,75.9,1.91,-0.74,104.0
00:07:10,7681.6,90.0,-0.2,2456,22.32,12.42,209.9,208.4,214.0,209.1,737.5,731.8,744.6,737.2,69.5,75.8,1.84,0.9,104.1
00:07:11,7692.9,91.1,-0.3,2458,22.27,12.45,210.3,207.9,213.7,209.3,738.4,731.3,746.2,737.7,70.3,75.9,1.79,-0.23,104.2
00:07:12,7710.5,91.4,-0.6,2456,22.2,12.48,210.4,208.3,213.9,209.1,737.0,730.9,746.7,735.6,69.5,76.0,1.92,-0.44,103.4
00:07:13,7712.0,90.6,-0.5,2455,22.26,12.53,210.1,207.6,213.2,209.4,739.2,731.1,746.8,734.0,70.3,75.5,2.07,-0.92,103.9
00:07:14,7734.6,90.8,0.0,2461,22.27,12.54,210.3,208.0,213.6,208.6,740.3,733.4,746.2,735.7,70.4,75.8,1.94,-1.35,104.5
00:07:15,7742.7,90.5,-0.3,2466,22.19,12.52,210.1,207.4,213.4,208.5,736.9,731.3,746.3,735.6,69.9,75.9,2.06,-0.1,104.2
00:07:16,7763.5,90.5,-0.5,2460,22.19,12.44,209.4,207.1,213.5,209.0,738.4,731.3,746.0,734.2,70.5,75.2,1.87,-0.4,102.8
00:07:17,7786.0,90.5,-0.7,2458,22.12,12.41,209.8,206.9,213.0,208.7,737.8,734.3,745.8,734.7,70.2,75.6,1.92,-0.98,104.0
00:07:18,7787.4,90.4,-0.8,2460,22.09,12.52,209.8,206.9,213.0,208.0,739.5,733.5,747.1,735.0,70.3,75.3,2.16,1.41,102.9
00:07:19,7811.3,91.5,-0.8,2462,22.08,12.4,209.0,207.6,212.5,208.6,736.8,731.5,746.5,735.3,70.3,75.4,1.71,0.57,102.6
00:07:20,7822.1,90.6,-0.4,2454,22.13,12.44,209.3,206.8,212.9,208.5,737.9,732.4,746.3,736.7,70.1,75.3,1.93,1.97,102.8
00:07:21,7826.4,91.6,-0.9,2455,22.06,12.35,209.3,207.0,212.6,208.4,736.3,732.1,746.5,734.4,69.8,75.4,1.92,0.23,102.7
00:07:22,7855.6,91.7,-0.8,2456,22.12,12.5,209.2,207.2,212.5,207.9,739.1,731.2,744.6,733.7,69.6,75.5,1.65,1.28,104.1
00:07:23,7872.8,91.4,-0.7,2459,22.15,12.52,209.1,207.0,212.4,207.6,738.4,733.5,744.7,735.3,70.2,75.1,1.85,-0.21,104.6
00:07:24,7878.7,90.2,-0.5,2464,22.07,12.37,209.2,206.1,212.1,207.3,739.4,732.4,744.8,736.6,70.3,75.2,1.64,0.7,103.5
00:07:25,7898.0,90.9,-0.7,2452,22.07,12.34,208.5,206.9,211.6,207.3,737.8,731.1,744.4,736.5,69.8,75.6,1.85,0.36,103.5
00:07:26,7907.7,90.6,-0.6,2462,22.1,12.46,208.5,206.4,212.0,207.8,739.0,732.6,745.3,733.6,69.5,75.2,1.99,1.98,103.8
00:07:27,7923.9,91.6,-0.6,2451,22.06,12.37,208.8,206.6,211.7,207.6,735.6,731.1,744.1,734.6,69.5,75.9,1.65,0.88,103.6
00:07:28,7937.3,90.2,-0.6,2455,22.06,12.3,208.0,206.5,211.4,206.9,736.2,731.4,743.4,733.3,70.3,75.9,1.86,2.0,104.6
00:07:29,7944.6,91.2,-1.0,2453,22.12,12.3,207.7,205.9,211.5,207.3,738.8,732.5,745.0,733.3,69.4,75.4,2.01,1.4,102.7
00:07:30,7960.6,90.5,-1.0,2458,22.03,12.46,207.8,205.7,211.3,206.6,737.0,729.8,745.1,736.0,70.2,75.8,1.9,0.67,104.2
00:07:31,7973.2,91.1,-0.4,2460,21.99,12.44,207.8,205.4,211.4,207.0,735.7,729.6,744.3,732.3,70.3,75.8,2.1,1.84,104.3
00:07:32,7997.6,90.5,-0.9,2463,21.94,12.36,208.0,206.1,211.8,206.3,735.8,729.7,745.2,733.7,69.6,75.6,1.67,1.44,103.1
00:07:33,8007.9,90.2,-0.7,2461,22.05,12.27,207.6,206.0,211.0,206.6,735.4,731.9,742.5,732.6,70.1,75.2,1.85,0.88,103.5
00:07:34,8026.6,91.6,-1.2,2457,21.91,12.42,207.9,205.7,211.0,206.6,737.5,729.7,746.2,733.2,70.3,74.9,1.67,1.19,103.5
00:07:35,8040.7,91.0,-0.5,2452,21.99,12.29,207.4,205.4,210.7,206.8,735.8,731.0,745.8,732.7,69.8,75.8,2.03,0.84,104.1
00:07:36,8053.4,90.8,-0.8,2460,21.98,12.34,207.1,205.3,210.7,206.2,736.4,729.2,744.3,733.0,69.8,75.2,1.66,1.22,102.8
00:07:37,8067.5,91.7,-1.3,2459,21.9,12.36,207.1,204.7,211.0,206.5,737.1,729.9,746.0,732.8,69.5,75.2,1.8,-1.22,103.4
00:07:38,8085.8,91.2,-1.3,2455,21.94,12.33,207.2,205.2,210.2,205.6,737.1,732.4,745.9,733.8,70.0,74.8,1.83,-0.25,104.5
00:07:39,8092.1,91.2,-1.1,2461,21.87,12.33,206.8,204.5,210.7,205.9,736.6,729.9,744.5,734.7,70.1,75.4,1.74,1.63,103.9
00:07:40,8114.9,91.4,-0.7,2460,21.94,12.29,206.7,204.7,210.3,206.1,736.3,730.1,742.1,733.9,70.5,75.5,1.7,1.3,104.6
00:07:41,8118.4,90.3,-1.0,2461,21.96,12.33,207.1,204.5,210.6,205.8,737.5,730.1,743.5,734.2,69.8,75.0,2.12,0.11,102.9
00:07:42,8127.9,91.8,-0.7,2459,21.9,12.36,206.5,204.2,210.0,205.8,734.6,730.4,745.3,734.5,70.5,75.3,1.78,-0.92,103.1
00:07:43,8155.6,91.7,-1.2,2458,21.93,12.25,206.0,204.6,209.6,205.9,735.3,728.8,743.7,732.3,69.4,74.9,2.05,-1.66,102.8
00:07:44,8161.0,90.7,-1.3,2453,21.91,12.29,206.7,204.6,209.7,205.7,735.4,728.2,742.0,732.5,69.6,74.9,1.93,-0.18,104.5
00:07:45,8170.0,91.7,-1.2,2449,21.89,12.3,206.3,204.2,210.1,205.2,738.0,730.8,743.6,733.0,70.4,74.7,1.61,1.19,104.6
00:07:46,8198.1,91.5,-1.4,2451,21.82,12.28,206.1,203.8,209.9,205.2,734.8,729.0,743.7,731.4,69.5,74.8,1.87,1.7,103.9
00:07:47,8215.0,91.4,-1.1,2446,21.83,12.24,206.2,203.9,209.6,205.1,734.3,730.6,743.2,734.9,69.7,75.5,1.98,1.27,102.9
00:07:48,8224.0,91.7,-1.6,2452,21.84,12.22,206.2,203.6,209.0,205.1,736.1,731.7,741.9,731.4,69.9,75.3,1.76,-1.58,103.6
00:07:49,8227.6,90.5,-1.2,2450,21.85,12.29,206.0,204.0,208.9,205.3,734.5,731.3,741.8,734.0,69.6,75.0,1.67,-1.83,104.1
00:07:50,8256.6,90.4,-1.7,2454,21.84,12.31,205.4,203.9,209.2,204.4,735.9,728.9,742.1,731.6,69.6,75.5,1.7,1.14,103.2
00:07:51,8268.3,91.6,-1.3,2457,21.83,12.22,205.5,203.0,209.5,204.3,735.8,728.0,742.3,733.1,69.4,74.5,1.91,0.87,103.2
00:07:52,8283.5,90.6,-1.6,2452,21.83,12.3,205.9,202.9,209.3,204.3,734.2,728.0,743.9,731.3,69.9,75.4,1.96,-1.13,103.4
00:07:53,8296.3,90.6,-1.3,2453,21.77,12.16,205.3,203.1,209.0,204.4,734.9,730.3,742.4,730.7,69.8,75.0,1.64,0.12,102.9
00:07:54,8306.7,91.8,-1.1,2451,21.76,12.28,205.3,202.7,209.2,204.1,733.4,731.1,741.7,732.4,70.1,74.7,1.52,-0.15,104.5
00:07:55,8317.2,90.9,-1.4,2446,21.84,12.16,204.8,203.3,208.5,204.0,737.1,731.3,743.1,730.4,70.5,74.6,1.61,1.47,103.4
00:07:56,8337.2,90.6,-1.9,2446,21.79,12.23,205.2,203.2,209.1,203.6,736.9,728.8,741.1,733.1,70.5,74.7,1.61,1.67,104.8
00:07:57,8346.2,90.8,-1.7,2453,21.72,12.31,204.8,203.0,208.5,203.7,734.1,730.7,743.9,731.3,70.3,75.0,1.75,1.05,103.3
00:07:58,8361.7,91.7,-1.8,2447,21.66,12.31,204.3,202.8,208.5,204.2,733.1,730.2,740.8,733.5,69.6,75.2,1.69,1.53,104.2
00:07:59,8373.0,91.1,-1.5,2446,21.68,12.22,204.3,202.3,208.6,203.2,736.1,728.8,743.8,730.4,70.1,74.4,1.57,0.46,104.9
00:08:00,8397.6,91.1,-1.6,2455,21.72,12.18,204.6,202.1,207.9,203.0,735.0,729.3,742.9,730.8,70.6,74.9,1.77,0.54,104.8
00:08:01,8407.9,90.9,-1.7,2457,21.74,12.13,204.8,201.9,208.4,202.9,736.6,730.0,742.1,730.7,70.1,75.1,1.49,1.66,104.9
00:08:02,8415.0,90.6,-1.8,2454,21.62,12.25,203.8,201.9,207.5,203.3,734.9,728.1,741.8,730.2,69.8,74.4,1.51,0.77,103.7
00:08:03,8435.5,90.7,-1.8,2455,21.73,12.1,204.2,202.4,207.5,202.9,736.3,729.0,741.3,732.9,70.3,74.8,1.46,-0.94,104.6
00:08:04,8455.2,91.7,-1.5,2444,21.65,12.18,204.2,201.6,207.4,203.5,735.6,730.1,742.2,730.4,70.3,74.3,1.79,-1.31,103.8
00:08:05,8462.0,91.1,-1.9,2447,21.7,12.12,204.2,202.1,208.1,202.6,735.0,728.7,742.0,732.0,69.7,74.4,1.45,1.24,103.6
00:08:06,8480.5,91.3,-2.0,2448,21.64,12.1,203.4,201.7,207.2,203.2,734.5,728.3,741.3,731.3,69.8,75.0,1.92,-0.36,104.5
00:08:07,8499.2,91.1,-1.9,2444,21.57,12.11,203.4,202.1,207.9,202.4,732.7,728.1,740.9,730.6,69.7,74.9,1.93,-0.21,104.9
00:08:08,8504.0,91.9,-1.4,2444,21.67,12.19,203.2,201.4,207.5,202.2,733.4,729.1,742.0,730.2,70.2,74.5,1.74,-0.46,104.9
00:08:09,8513.4,90.8,-2.2,2455,21.59,12.12,203.9,201.2,206.8,202.3,732.6,728.8,743.2,731.4,70.3,74.1,1.91,-1.79,103.2
00:08:10,8542.3,91.2,-2.1,2452,21.61,12.09,203.1,201.3,206.6,202.6,734.6,726.8,742.9,730.2,70.5,74.5,1.87,-1.48,104.2
00:08:11,8545.9,91.5,-1.7,2442,21.51,12.21,203.7,201.6,207.0,202.7,734.7,728.0,741.7,732.8,69.7,74.9,1.83,0.8,104.5
00:08:12,8560.2,90.9,-1.8,2442,21.63,12.1,203.5,201.3,206.6,202.0,733.8,727.4,741.2,730.5,69.4,74.2,1.42,-0.92,104.2
00:08:13,8587.5,92.0,-1.9,2446,21.51,12.08,202.6,200.8,206.8,202.3,731.9,726.7,743.2,732.1,70.4,74.9,1.74,0.09,103.3
00:08:14,8592.1,91.6,-1.8,2449,21.52,12.18,203.2,200.7,206.4,202.3,734.0,729.4,742.6,730.8,70.6,74.7,1.73,0.63,104.2
00:08:15,8606.6,91.7,-1.8,2443,21.6,12.16,202.3,200.7,206.6,202.2,733.3,727.8,741.0,730.5,69.6,74.1,1.61,1.08,104.7
00:08:16,8617.0,91.1,-2.4,2454,21.48,12.04,202.8,200.3,206.2,202.1,735.3,726.2,741.9,731.9,70.4,74.6,1.82,-1.29,104.3
00:08:17,8631.0,91.9,-2.3,2451,21.49,12.07,202.1,200.2,206.2,201.5,734.4,725.6,740.1,728.8,70.2,74.2,1.56,1.83,104.9
00:08:18,8652.4,91.9,-2.5,2446,21.51,12.12,202.5,200.4,206.1,201.3,733.5,728.1,742.1,730.8,69.5,74.2,1.92,1.31,103.2
00:08:19,8662.9,90.7,-2.0,2450,21.43,12.07,202.1,200.0,206.0,201.8,732.7,727.5,740.5,731.2,70.2,74.3,1.38,1.67,104.1
00:08:20,8680.6,90.7,-2.2,2444,21.54,12.08,202.4,200.0,206.3,201.5,733.0,729.0,739.7,730.6,70.2,74.2,1.43,-1.24,103.2
00:08:21,8690.5,90.6,-2.4,2443,21.51,12.07,201.7,199.8,206.1,201.5,734.1,725.6,739.3,730.4,70.0,74.4,1.58,0.67,104.6
00:08:22,8715.5,91.8,-2.3,2443,21.54,12.0,202.0,199.7,205.6,201.0,732.7,727.6,739.8,729.8,70.0,74.0,1.82,-1.65,104.1
00:08:23,8724.1,91.1,-2.0,2443,21.41,12.05,202.0,200.2,205.5,200.5,734.8,726.4,740.2,729.9,69.8,74.7,1.5,1.14,103.3
00:08:24,8739.5,91.0,-2.6,2439,21.39,11.99,201.3,199.8,205.7,200.9,734.9,727.5,740.7,729.0,69.8,74.8,1.45,-0.44,103.9
00:08:25,8755.3,91.8,-2.1,2438,21.37,12.01,202.0,199.4,205.2,200.3,731.5,727.3,739.7,731.8,69.8,74.5,1.62,-0.26,103.6
00:08:26,8764.0,90.8,-2.4,2448,21.45,12.1,201.8,199.3,204.9,200.4,731.8,726.2,740.9,729.9,69.8,73.9,1.56,0.31,103.3
00:08:27,8785.5,91.4,-2.4,2446,21.49,11.94,200.9,198.9,204.9,200.4,731.3,726.2,739.0,730.9,70.1,73.9,1.8,-1.31,104.9
00:08:28,8800.0,91.2,-2.7,2439,21.38,12.03,201.6,199.6,204.9,200.5,734.1,727.2,741.5,730.3,70.3,73.8,1.48,-1.03,104.8
00:08:29,8811.9,90.7,-2.0,2446,21.37,11.97,200.8,199.3,204.7,200.3,733.9,728.5,739.5,731.5,69.6,74.2,1.63,-0.21,103.4
00:08:30,8820.7,90.7,-2.7,2447,21.44,12.09,200.9,198.7,205.0,200.4,734.2,726.0,741.1,730.6,70.4,74.4,1.86,1.95,105.2
00:08:31,8843.4,91.4,-2.9,2439,21.34,11.96,200.8,198.7,204.7,199.8,732.3,725.0,739.8,729.3,69.9,74.6,1.75,0.13,103.8
00:08:32,8847.9,91.2,-2.6,2450,21.32,12.03,200.9,198.5,204.2,199.4,733.6,726.5,741.4,729.0,70.1,74.6,1.38,0.55,103.7
00:08:33,8869.8,91.2,-2.8,2443,21.35,12.05,200.8,198.3,204.8,200.2,733.7,726.9,740.2,728.2,70.1,73.9,1.26,0.9,105.0
00:08:34,8877.9,91.6,-2.2,2445,21.41,11.96,200.7,198.0,204.0,200.0,732.7,724.7,738.3,729.5,70.4,73.8,1.26,-0.36,105.0
00:08:35,8890.1,91.4,-2.7,2436,21.28,11.91,201.0,198.0,204.0,199.2,730.6,725.3,740.4,727.6,69.8,74.3,1.3,1.08,103.9
00:08:36,8911.2,91.3,-2.6,2436,21.34,11.99,199.9,197.9,204.3,199.8,733.9,724.2,741.6,728.2,70.0,73.9,1.34,-0.84,104.1
00:08:37,8928.1,91.7,-2.6,2445,21.38,11.89,200.7,197.9,204.5,199.0,730.3,724.7,739.9,729.8,70.5,74.1,1.4,-0.04,103.6
00:08:38,8934.8,92.1,-2.6,2436,21.3,12.06,200.1,198.1,203.6,199.0,733.2,726.7,739.1,728.8,69.9,74.1,1.56,-0.94,105.2
00:08:39,8953.6,90.9,-2.5,2448,21.25,12.05,199.9,197.8,204.0,198.6,733.2,727.8,738.1,728.3,69.8,73.5,1.28,1.4,104.9
00:08:40,8957.2,92.2,-3.1,2446,21.33,11.87,200.2,197.4,203.9,198.7,730.6,725.4,739.9,728.2,69.5,74.2,1.57,-1.55,104.9
00:08:41,8973.8,91.8,-2.7,2435,21.19,11.91,200.2,197.7,203.5,199.0,730.6,727.0,739.9,728.0,69.8,73.6,1.67,-1.45,104.6
00:08:42,8993.5,92.0,-2.4,2442,21.24,11.85,199.5,197.5,203.6,198.5,731.2,725.2,738.3,728.1,70.2,74.2,1.42,-1.24,104.6
00:08:43,9006.8,91.4,-3.2,2441,21.19,11.91,199.7,197.6,203.4,199.0,730.7,724.0,738.2,727.3,69.8,74.0,1.44,1.87,104.6
00:08:44,9021.7,91.0,-3.0,2434,21.23,11.97,199.0,197.5,203.4,198.3,732.4,726.1,739.5,727.8,70.5,73.5,1.58,-1.48,105.3
00:08:45,9042.0,92.1,-2.9,2436,21.2,11.89,199.3,197.7,203.0,198.4,730.6,724.6,741.3,729.2,70.6,74.3,1.33,0.99,104.5
00:08:46,9055.7,91.2,-2.9,2437,21.27,12.01,199.7,197.4,203.5,197.8,731.8,727.2,738.7,727.9,70.1,73.4,1.42,-1.12,103.5
00:08:47,9073.5,91.8,-3.2,2442,21.14,11.81,199.1,197.2,202.6,198.6,730.7,725.0,739.7,729.0,69.6,73.5,1.33,0.19,105.3
00:08:48,9073.1,92.0,-3.1,2437,21.19,11.98,198.6,196.4,202.8,197.6,732.1,726.8,737.5,727.4,70.5,74.0,1.74,-0.26,103.7
00:08:49,9099.1,91.8,-3.1,2443,21.26,11.92,198.9,196.9,203.3,198.0,730.6,725.2,740.4,730.1,70.1,74.0,1.77,0.75,104.8
00:08:50,9110.5,91.5,-2.7,2439,21.19,11.9,198.9,196.2,203.0,197.5,730.0,724.9,738.0,727.9,69.9,73.5,1.36,-1.46,104.0
00:08:51,9131.4,92.1,-3.4,2446,21.14,11.8,199.0,196.1,202.7,197.2,730.5,726.4,739.2,728.6,70.1,73.9,1.27,-0.3,105.4
00:08:52,9137.8,91.8,-3.4,2441,21.18,11.8,199.0,196.2,202.7,197.9,730.1,724.2,737.8,726.3,69.9,73.7,1.26,-0.86,105.2
00:08:53,9147.3,91.1,-3.4,2437,21.07,11.86,198.5,196.1,202.8,197.1,732.6,723.2,737.3,728.2,70.4,74.0,1.49,1.77,104.7
00:08:54,9158.0,91.1,-3.2,2445,21.06,11.85,198.0,196.4,202.6,197.3,732.6,726.4,737.2,729.0,70.2,74.1,1.18,-1.75,104.3
00:08:55,9186.0,91.8,-3.0,2436,21.17,11.92,198.5,196.4,202.4,196.7,729.4,722.8,738.4,726.3,70.5,73.1,1.42,-0.71,105.4
00:08:56,9200.1,91.4,-3.4,2441,21.12,11.94,198.0,195.9,201.8,196.9,732.5,724.9,739.9,725.7,70.1,73.5,1.3,0.95,104.4
00:08:57,9214.2,90.9,-2.9,2436,21.14,11.85,197.7,196.3,202.2,196.9,730.3,725.4,738.6,727.1,70.0,74.0,1.23,0.05,104.1
00:08:58,9221.1,91.8,-3.0,2444,21.11,11.83,198.1,195.8,201.9,196.5,730.8,723.2,738.6,729.2,70.3,73.9,1.52,0.12,104.0
00:08:59,9240.5,92.3,-3.6,2436,21.13,11.77,197.9,195.9,201.7,196.9,730.1,723.2,736.5,727.8,70.3,73.2,1.69,1.52,104.6
00:09:00,9246.8,91.0,-3.1,2430,21.15,11.84,197.7,195.5,201.8,196.5,731.7,722.8,737.9,725.9,70.3,73.3,1.18,-0.18,105.0
00:09:01,9268.1,92.2,-3.6,2432,21.02,11.8,197.6,195.8,201.2,196.6,731.2,722.3,739.3,725.5,69.7,73.8,1.38,0.2,104.9
00:09:02,9276.2,92.3,-3.7,2437,21.11,11.9,197.8,195.5,201.1,196.7,728.9,724.8,736.2,728.7,69.6,73.1,1.63,0.18,104.6
00:09:03,9296.7,91.5,-3.5,2442,21.08,11.8,197.5,194.8,200.9,196.4,729.1,725.9,738.5,725.1,70.4,73.5,1.27,0.4,103.6
00:09:04,9308.1,91.6,-3.7,2430,20.95,11.72,197.5,194.7,201.5,196.4,731.0,723.3,738.0,725.8,70.4,73.6,1.35,1.74,104.2
00:09:05,9321.6,91.9,-3.2,2429,21.1,11.89,196.8,195.0,201.5,196.2,731.9,724.7,739.4,726.6,69.8,73.8,1.67,0.11,105.3
00:09:06,9334.6,91.4,-3.3,2431,21.04,11.79,197.3,194.6,200.9,196.2,729.2,722.2,739.8,727.1,69.9,73.7,1.43,-1.12,105.2
00:09:07,9342.9,91.6,-3.6,2431,21.07,11.87,197.0,195.2,200.8,196.2,730.6,722.4,737.0,728.0,70.4,73.6,1.49,-1.39,104.6
00:09:08,9366.7,92.0,-3.3,2428,20.97,11.78,196.7,194.7,200.4,196.1,731.2,722.2,738.5,728.3,69.7,73.3,1.65,0.66,104.1
00:09:09,9376.9,91.1,-3.2,2441,21.05,11.85,196.9,194.8,200.2,195.3,730.3,725.4,737.4,725.0,70.4,73.6,1.46,0.75,104.1
00:09:10,9393.4,92.2,-3.8,2431,21.0,11.77,196.9,194.7,200.1,195.4,730.9,723.8,736.5,726.9,69.6,73.5,1.55,1.67,104.7
00:09:11,9403.2,91.0,-3.9,2428,20.9,11.82,196.2,194.5,200.8,195.6,729.0,724.5,737.6,724.9,70.1,72.8,1.1,-1.11,104.6
00:09:12,9415.9,91.2,-3.4,2435,20.9,11.76,196.5,193.9,200.1,195.5,729.1,721.9,736.4,727.4,69.7,72.7,1.06,-0.38,104.1
00:09:13,9439.0,92.0,-3.9,2431,20.95,11.72,195.9,193.9,200.5,195.2,730.8,723.0,736.5,725.7,69.9,73.4,1.18,-0.5,105.6
00:09:14,9443.9,91.2,-3.4,2429,20.85,11.67,196.2,194.2,199.9,195.4,727.4,722.6,737.6,727.0,70.3,73.7,1.53,-0.56,105.7
00:09:15,9473.2,92.0,-3.6,2435,20.97,11.76,195.8,193.5,199.9,195.3,728.5,722.8,737.7,725.8,69.6,73.5,1.11,0.75,104.9
00:09:16,9482.2,91.8,-4.2,2429,20.96,11.81,195.9,193.6,199.7,195.2,729.0,721.7,736.5,724.5,70.3,73.1,1.1,-0.08,105.6
00:09:17,9503.0,91.4,-3.5,2428,20.96,11.76,195.5,193.3,199.8,194.4,729.6,724.8,738.6,724.1,69.5,73.5,1.49,-0.93,103.9
00:09:18,9502.5,91.5,-3.5,2428,20.86,11.66,195.5,193.1,200.0,194.4,727.1,722.2,739.0,724.5,70.1,73.5,1.44,-1.42,105.3
00:09:19,9532.2,91.3,-4.1,2434,20.83,11.77,195.6,193.5,199.7,194.5,730.8,721.8,738.3,725.9,70.1,73.3,1.06,1.18,105.5
00:09:20,9536.1,91.5,-4.2,2437,20.85,11.72,194.9,193.4,199.7,193.9,728.5,724.5,738.6,727.1,69.6,72.9,1.35,1.4,105.1
00:09:21,9544.3,92.5,-4.3,2431,20.91,11.65,195.6,192.7,198.9,194.4,728.4,723.8,736.2,725.6,69.8,72.9,1.55,-1.48,103.8
00:09:22,9575.3,91.7,-3.9,2435,20.8,11.62,194.9,193.3,199.4,194.4,730.3,722.0,737.6,724.2,70.4,72.6,1.41,1.67,104.8
00:09:23,9577.5,92.2,-4.1,2426,20.78,11.65,194.6,193.0,199.4,193.9,730.0,724.0,738.0,725.4,69.5,72.8,1.11,1.67,104.8
00:09:24,9589.6,91.5,-3.7,2429,20.84,11.65,194.9,192.6,199.0,194.2,728.0,720.9,735.5,724.4,69.8,73.2,1.35,1.08,105.6
00:09:25,9602.5,91.6,-4.0,2437,20.88,11.64,194.5,192.4,198.7,193.6,726.6,724.2,734.8,723.5,69.4,73.0,1.39,-0.65,105.7
00:09:26,9618.3,91.4,-3.7,2424,20.82,11.76,194.6,192.9,198.4,193.2,730.2,721.3,737.4,727.1,69.9,72.5,1.25,-0.3,105.4
00:09:27,9637.6,92.5,-4.0,2434,20.81,11.69,194.6,192.1,199.1,193.5,730.1,723.8,736.7,726.5,70.3,73.2,1.58,1.07,104.2
00:09:28,9655.1,91.2,-3.9,2427,20.79,11.75,194.2,192.4,198.5,193.1,730.0,721.5,735.5,724.6,69.9,73.0,1.28,-0.67,105.2
00:09:29,9667.4,92.6,-4.1,2437,20.69,11.63,194.6,191.9,198.5,193.2,728.1,720.2,736.8,724.3,69.7,73.1,1.15,-1.06,104.7
00:09:30,9685.1,91.8,-3.8,2437,20.76,11.71,194.5,191.9,198.6,193.4,729.8,723.3,737.7,725.3,70.4,72.8,1.13,-0.07,105.7
00:09:31,9700.6,92.6,-4.0,2430,20.78,11.59,194.2,192.2,198.0,193.5,726.0,720.8,734.8,725.3,69.7,72.6,1.08,0.15,104.1
00:09:32,9716.1,92.7,-4.0,2435,20.72,11.58,194.1,191.8,198.0,192.6,729.2,723.6,736.4,725.0,69.8,72.8,1.04,-1.19,104.1
00:09:33,9722.2,91.6,-4.2,2425,20.8,11.53,193.8,191.8,198.1,192.6,725.8,722.3,736.9,724.4,69.4,72.9,1.39,-0.3,104.6
00:09:34,9744.0,92.7,-4.3,2426,20.74,11.68,193.9,191.9,197.8,192.6,726.0,723.2,737.6,725.2,70.1,72.4,1.17,-0.98,105.4
00:09:35,9745.3,91.5,-4.7,2425,20.78,11.66,193.8,191.5,197.6,193.0,728.3,719.8,736.7,723.4,69.9,72.9,1.11,-1.18,105.2
00:09:36,9769.1,92.4,-4.7,2424,20.69,11.59,193.7,191.7,197.9,192.5,726.9,722.2,734.3,723.5,70.0,72.3,1.02,0.45,104.9
00:09:37,9784.8,91.7,-4.1,2427,20.66,11.53,193.7,191.3,197.4,192.2,727.4,720.0,734.7,722.8,70.5,72.7,1.3,-0.79,105.8
00:09:38,9787.4,92.7,-4.0,2430,20.71,11.67,193.7,191.4,197.6,192.2,728.1,722.7,735.2,726.0,70.2,72.7,1.48,-0.33,105.1
00:09:39,9800.6,91.2,-4.2,2429,20.59,11.54,192.8,191.3,197.0,192.4,729.2,719.9,736.3,726.0,69.6,72.7,1.06,-0.85,104.1
00:09:40,9821.0,91.3,-4.7,2430,20.69,11.58,192.7,191.4,197.3,192.5,726.0,723.2,733.9,725.6,69.6,72.5,0.96,-0.41,104.4
00:09:41,9839.7,92.4,-4.6,2429,20.57,11.62,193.5,190.6,197.5,192.0,725.8,722.3,736.9,723.0,69.6,72.8,1.18,-0.51,104.3
00:09:42,9850.0,91.8,-4.7,2428,20.69,11.48,193.3,191.2,197.3,191.6,728.5,722.3,733.7,722.1,70.2,72.5,1.26,-0.01,105.3
00:09:43,9864.4,91.9,-4.7,2421,20.59,11.56,193.2,190.2,197.3,191.9,727.8,719.6,734.7,724.6,70.3,72.5,1.37,-1.07,104.7
00:09:44,9880.6,91.5,-4.7,2422,20.68,11.51,193.1,190.1,196.8,191.9,725.5,719.7,736.2,723.7,69.5,72.7,1.0,1.19,105.6
00:09:45,9893.9,91.9,-4.4,2422,20.57,11.6,192.7,190.9,196.6,191.9,726.1,719.1,735.2,725.3,69.9,72.6,1.48,1.3,105.7
00:09:46,9912.4,91.7,-4.8,2431,20.57,11.62,192.1,190.5,196.5,191.0,725.7,719.8,734.5,725.4,70.5,72.7,1.31,0.41,104.1
00:09:47,9917.8,91.4,-4.7,2433,20.54,11.48,192.2,189.9,196.6,191.6,728.6,722.2,734.3,723.7,70.6,72.2,1.23,0.48,105.9
00:09:48,9943.5,91.8,-4.4,2431,20.64,11.52,192.5,189.8,196.5,191.4,726.7,721.6,734.7,723.8,70.3,72.1,1.3,-0.49,104.6
00:09:49,9947.6,92.2,-4.9,2429,20.58,11.45,191.8,190.3,195.9,190.8,725.9,718.9,733.4,722.3,69.7,72.3,1.14,-1.39,105.0
00:09:50,9970.0,92.1,-4.6,2431,20.5,11.53,192.0,190.2,195.8,191.1,725.4,720.3,733.7,723.2,70.5,72.4,1.12,0.06,105.9
00:09:51,9988.5,92.8,-5.0,2420,20.55,11.5,191.5,189.3,196.2,190.8,724.5,719.2,736.0,721.6,69.8,72.5,0.95,1.36,105.5
00:09:52,9994.8,91.5,-4.6,2430,20.52,11.57,192.0,189.2,195.9,191.0,727.2,721.2,734.5,723.0,69.6,72.4,1.25,1.69,104.4
00:09:53,10009.6,92.5,-4.8,2430,20.59,11.42,192.1,189.6,196.1,190.6,725.4,722.2,733.3,721.4,69.8,72.2,1.16,0.62,104.9
00:09:54,10018.0,91.7,-5.1,2419,20.46,11.44,191.6,189.9,195.8,190.3,727.0,718.4,733.9,723.5,70.6,72.5,1.36,-0.63,104.6
00:09:55,10047.2,91.6,-4.7,2425,20.55,11.55,191.4,189.5,195.9,190.3,726.4,720.2,733.8,724.0,70.4,71.9,1.22,0.07,104.8
00:09:56,10058.5,91.4,-5.0,2418,20.49,11.42,191.3,189.1,195.3,190.5,724.7,719.0,733.6,722.7,70.4,71.9,0.84,1.89,104.1
00:09:57,10060.1,92.1,-4.8,2419,20.48,11.49,191.6,189.3,195.2,190.6,726.7,720.5,733.1,723.3,69.6,71.7,1.08,0.2,104.1
00:09:58,10074.4,92.3,-5.1,2430,20.45,11.56,190.7,189.5,195.4,190.6,725.5,718.9,735.7,722.2,70.5,72.3,1.18,1.74,104.8
00:09:59,10087.0,91.5,-4.8,2422,20.4,11.44,190.6,188.6,195.0,190.4,727.7,718.4,732.6,723.7,69.7,72.0,0.9,1.35,104.4
00:10:00,10109.9,92.2,-5.0,2427,20.48,11.52,190.6,189.0,194.8,190.3,725.5,721.5,732.4,724.6,69.8,71.9,0.84,1.06,106.0
00:10:01,10118.9,93.0,-5.1,2429,20.41,11.52,190.5,188.8,195.3,189.8,726.7,720.2,735.9,721.2,70.5,72.4,0.85,1.52,105.5
00:10:02,10146.3,92.8,-4.9,2416,20.44,11.51,190.7,188.7,195.4,189.2,727.2,718.4,732.6,723.0,69.5,72.4,1.38,-0.56,105.5
00:10:03,10150.0,92.0,-5.1,2424,20.37,11.35,190.2,188.6,194.9,189.8,727.5,719.1,732.1,723.1,70.3,72.0,1.04,1.09,105.0
00:10:04,10165.0,91.6,-5.5,2422,20.45,11.52,190.4,188.3,195.1,189.3,726.5,719.6,735.1,722.8,70.2,71.5,0.94,1.37,104.2
00:10:05,10182.8,91.7,-5.3,2424,20.33,11.47,190.2,188.2,194.9,189.5,726.2,719.5,733.1,723.9,69.8,72.2,1.08,-1.34,106.0
00:10:06,10204.5,91.5,-5.5,2417,20.43,11.44,190.6,188.4,194.5,189.5,723.5,717.3,735.3,723.8,70.3,71.4,0.8,1.82,104.3
00:10:07,10206.7,91.5,-4.9,2416,20.41,11.39,189.8,187.9,194.4,189.1,725.4,720.9,735.5,720.4,70.3,71.9,1.13,0.83,104.3
00:10:08,10228.4,92.9,-5.6,2422,20.38,11.46,189.5,187.8,194.5,188.9,725.5,720.9,733.1,722.8,69.8,72.3,0.95,0.03,105.1
00:10:09,10237.8,92.6,-5.1,2418,20.43,11.41,190.1,187.4,194.7,189.0,726.0,720.2,732.7,720.4,70.5,72.0,0.92,-0.18,105.9
00:10:10,10246.0,92.5,-5.7,2427,20.33,11.4,189.3,188.1,193.8,188.5,723.9,720.9,732.5,723.2,69.5,72.2,0.94,0.66,104.7
00:10:11,10271.8,92.9,-5.3,2417,20.3,11.48,189.6,187.4,193.6,188.8,724.7,718.2,734.6,720.9,70.5,72.0,1.05,1.81,105.0
00:10:12,10282.4,92.9,-5.6,2417,20.36,11.36,189.4,187.1,193.9,188.7,723.8,719.3,733.4,723.5,70.6,72.1,1.06,0.93,105.5
00:10:13,10298.6,92.4,-5.5,2420,20.31,11.37,189.5,187.1,193.5,188.7,725.0,718.5,733.7,722.3,69.7,71.4,1.23,-1.44,105.3
00:10:14,10303.3,92.2,-5.4,2416,20.29,11.45,189.7,187.7,193.6,188.3,725.9,717.4,733.1,720.3,69.5,71.8,0.92,1.77,104.9
00:10:15,10316.4,93.1,-5.1,2422,20.28,11.32,189.5,186.7,193.9,188.3,723.1,718.3,734.7,720.8,70.2,71.7,1.05,1.51,105.9
00:10:16,10338.1,91.9,-5.5,2420,20.31,11.36,189.3,186.7,193.2,187.7,726.2,716.8,734.3,723.1,69.6,71.7,1.01,0.48,104.4
00:10:17,10345.3,92.6,-5.7,2424,20.21,11.37,188.5,186.6,193.4,188.3,724.7,718.6,733.5,720.2,69.9,72.0,0.87,0.18,104.7
00:10:18,10374.3,92.5,-5.7,2419,20.31,11.26,189.2,186.8,193.6,188.0,724.9,718.0,734.4,719.8,70.0,71.7,1.22,-0.66,105.1
00:10:19,10387.9,92.8,-5.5,2418,20.19,11.39,188.9,187.1,193.2,187.8,725.5,718.1,731.5,722.4,69.8,71.7,1.25,0.02,104.9
00:10:20,10401.3,91.7,-5.8,2414,20.31,11.34,188.2,186.9,193.5,187.6,725.0,717.1,732.5,722.1,69.5,71.9,0.96,-0.07,106.2
00:10:21,10403.5,91.9,-5.2,2414,20.27,11.4,188.4,186.3,192.6,187.1,726.1,718.1,733.4,722.7,69.6,71.3,0.86,0.85,105.9
00:10:22,10417.3,92.3,-5.8,2413,20.21,11.27,188.3,185.8,192.4,187.7,722.3,717.5,731.9,721.0,69.5,71.7,0.72,1.37,105.7
00:10:23,10434.9,91.9,-6.0,2423,20.14,11.31,187.9,185.8,193.2,187.5,722.8,716.3,731.4,720.7,70.3,71.6,0.79,-0.61,104.7
00:10:24,10448.7,92.0,-5.4,2415,20.27,11.33,188.5,186.5,192.6,187.0,724.6,717.6,731.3,722.5,69.9,71.5,1.01,-1.27,105.6
00:10:25,10471.8,92.4,-5.7,2423,20.25,11.24,188.4,185.9,192.7,187.2,723.7,716.1,730.7,722.1,70.4,71.2,0.91,0.6,105.3
00:10:26,10473.3,92.3,-5.8,2414,20.19,11.35,188.0,186.1,192.1,186.8,722.6,718.1,731.5,720.6,69.5,71.5,0.78,-1.63,105.7
00:10:27,10503.6,93.2,-5.9,2424,20.24,11.24,187.5,185.6,192.3,187.2,724.6,717.2,734.2,719.4,70.0,71.8,0.69,-1.34,106.1
00:10:28,10505.8,92.9,-6.0,2417,20.22,11.27,187.9,186.0,192.5,187.0,721.8,718.9,731.1,721.0,69.8,71.7,0.92,1.98,105.9
00:10:29,10522.5,93.0,-5.5,2418,20.1,11.3,187.2,185.4,192.0,186.9,724.7,718.2,731.2,718.7,70.4,71.1,0.68,1.66,105.6
00:10:30,10530.3,93.2,-5.9,2413,20.15,11.2,187.5,185.6,192.0,186.9,722.1,719.2,732.8,721.7,69.4,71.3,1.09,1.75,104.5
00:10:31,10547.1,91.9,-5.9,2414,20.07,11.33,187.0,185.8,191.7,186.1,724.5,717.0,733.2,718.6,70.2,70.9,0.83,0.11,104.9
00:10:32,10568.4,92.1,-5.9,2419,20.09,11.26,186.9,185.0,191.4,186.1,722.9,716.6,732.9,720.6,70.0,71.1,1.03,0.94,105.1
00:10:33,10581.9,92.6,-6.2,2413,20.13,11.22,187.5,185.5,191.5,185.9,724.0,718.1,733.2,721.4,69.6,71.1,1.07,-0.06,106.3
00:10:34,10588.5,92.9,-6.0,2416,20.12,11.34,186.8,185.3,191.3,186.5,724.9,717.2,731.7,720.2,70.3,71.2,0.64,1.37,105.4
00:10:35,10610.0,92.2,-6.1,2419,20.04,11.25,187.1,184.6,191.7,186.0,724.0,717.2,732.0,722.1,70.0,71.1,1.13,-0.27,105.6
00:10:36,10627.3,92.0,-6.3,2419,20.12,11.29,186.5,185.3,191.5,186.1,723.5,718.1,730.1,720.7,69.6,71.2,1.17,-0.17,105.2
00:10:37,10639.1,93.0,-5.7,2415,20.11,11.16,186.8,184.3,191.4,185.4,723.8,715.2,733.6,721.1,70.3,71.1,0.86,-1.32,105.3
00:10:38,10654.0,92.1,-5.9,2418,19.99,11.16,186.6,184.7,190.8,185.5,723.7,716.4,730.8,719.0,70.2,71.3,1.14,1.21,106.2
00:10:39,10667.4,92.4,-5.8,2419,20.09,11.27,186.8,184.9,191.5,185.8,722.6,718.8,732.2,720.5,69.5,71.5,0.73,0.64,104.7
00:10:40,10687.8,92.3,-6.1,2419,20.07,11.23,186.2,184.1,191.3,185.0,723.8,718.1,731.6,720.5,69.4,71.5,0.78,1.04,104.5
00:10:41,10702.3,93.1,-6.0,2413,20.02,11.25,186.4,183.8,190.6,185.2,721.4,716.6,732.0,720.1,70.2,70.5,0.74,0.81,105.4
00:10:42,10715.1,93.3,-6.4,2412,20.05,11.15,186.0,184.3,190.3,185.4,721.1,715.5,732.5,719.9,70.2,71.3,0.84,1.92,105.0
00:10:43,10733.7,91.8,-6.3,2419,19.97,11.19,186.6,183.7,190.7,185.1,723.1,715.8,733.0,719.7,70.5,71.0,0.85,-0.59,104.6
00:10:44,10742.1,92.3,-6.7,2409,19.98,11.21,185.9,184.3,190.3,184.9,723.2,716.0,730.0,720.8,70.6,71.2,0.96,-1.44,106.4
00:10:45,10758.6,91.8,-6.1,2411,20.07,11.16,185.8,183.8,190.6,184.7,720.9,715.5,730.7,721.0,70.0,70.8,0.64,0.88,105.1
00:10:46,10768.9,91.8,-6.3,2417,20.0,11.15,186.2,183.3,190.0,184.5,720.7,715.2,732.7,720.2,70.5,71.0,0.96,-1.4,106.2
00:10:47,10777.6,92.7,-6.7,2415,19.91,11.22,185.7,183.1,189.8,185.0,722.0,715.3,730.7,718.1,69.9,70.7,0.81,-0.36,105.0
00:10:48,10794.7,92.1,-6.3,2413,19.92,11.22,185.7,183.3,189.8,184.4,720.6,715.6,729.8,717.4,70.5,70.4,0.7,1.89,104.7
00:10:49,10809.1,92.9,-6.3,2417,19.94,11.18,185.8,183.0,189.9,184.6,721.7,715.2,732.4,720.7,70.5,70.5,1.15,1.58,106.5
00:10:50,10832.3,93.0,-6.8,2406,19.89,11.23,185.4,183.1,189.9,183.9,723.1,717.9,731.5,720.9,69.8,70.7,1.11,-0.13,105.5
00:10:51,10847.4,92.6,-6.8,2415,19.9,11.18,185.3,183.5,190.0,184.4,720.3,717.2,729.5,719.8,69.7,70.4,0.85,0.27,104.8
00:10:52,10857.7,93.2,-6.3,2418,19.9,11.25,185.6,183.4,189.3,184.3,723.4,714.6,731.1,718.4,70.1,71.0,1.12,-0.12,104.7
00:10:53,10862.1,93.4,-6.6,2411,19.89,11.22,185.0,182.9,189.7,184.4,720.1,714.1,731.2,720.1,69.8,70.4,1.01,1.34,105.3
00:10:54,10879.1,92.9,-6.9,2416,19.87,11.12,185.1,182.9,189.5,183.5,720.5,715.3,729.5,719.8,70.0,70.6,0.95,-0.88,104.9
00:10:55,10902.5,91.9,-6.4,2408,19.84,11.08,185.1,182.8,189.5,183.5,722.1,717.2,731.3,720.6,70.0,70.4,1.07,-1.84,105.9
00:10:56,10909.7,92.5,-6.3,2418,19.85,11.14,184.8,182.1,189.3,183.9,720.8,714.7,731.9,719.3,70.6,70.9,1.1,0.02,106.1
00:10:57,10930.5,92.9,-6.2,2414,19.93,11.15,184.2,182.7,189.1,183.2,719.7,714.8,729.5,719.9,69.4,70.4,1.02,1.24,106.1
00:10:58,10939.6,92.2,-6.4,2417,19.8,11.22,185.0,182.0,189.0,183.6,722.1,713.8,728.7,720.0,69.6,71.0,0.96,1.1,105.0
00:10:59,10957.8,93.5,-7.0,2418,19.79,11.04,184.0,182.6,189.0,183.0,719.9,715.8,731.7,717.4,70.6,71.0,0.82,-0.68,105.6
00:11:00,10968.0,93.1,-7.0,2409,19.84,11.04,184.2,182.6,188.4,183.1,723.3,714.7,731.8,719.1,69.5,70.7,0.55,-0.66,105.5
00:11:01,10986.5,93.1,-6.4,2411,19.82,11.16,184.0,181.6,189.0,183.3,721.6,715.2,729.1,717.6,70.6,70.9,1.01,-0.91,105.2
00:11:02,10988.8,92.9,-6.9,2413,19.89,11.2,184.0,182.0,188.8,183.1,720.3,713.8,729.7,718.9,70.4,70.8,0.67,-1.34,106.1
00:11:03,11003.0,92.5,-6.9,2406,19.81,11.05,183.8,182.2,188.4,182.8,721.5,714.3,731.2,719.5,70.4,70.0,0.51,-0.89,105.6
00:11:04,11030.4,92.8,-6.5,2407,19.77,11.15,184.2,181.6,188.8,183.1,719.1,715.3,730.3,716.8,69.4,70.2,0.77,1.66,105.8
00:11:05,11034.9,92.5,-7.1,2414,19.81,11.04,184.1,181.8,188.2,182.3,719.2,714.9,731.6,719.9,70.0,70.5,0.78,-1.62,105.7
00:11:06,11058.6,93.4,-6.5,2414,19.72,11.04,183.5,181.9,188.1,182.7,722.8,715.7,730.6,718.4,70.1,70.3,1.02,-1.13,106.6
00:11:07,11073.2,92.4,-6.6,2416,19.75,11.02,183.7,181.5,188.1,182.6,721.0,714.9,728.4,715.9,69.9,69.9,0.92,0.4,105.9
00:11:08,11085.3,93.5,-7.2,2414,19.81,11.09,183.8,180.8,188.4,182.8,720.7,715.5,730.5,716.1,70.6,70.2,0.68,0.28,106.3
00:11:09,11095.9,92.4,-6.7,2412,19.78,11.02,183.6,181.1,187.8,182.4,722.2,715.1,731.6,715.7,69.5,70.5,0.87,1.92,104.9
00:11:10,11111.4,93.1,-6.8,2409,19.8,11.02,182.9,181.3,188.2,181.8,719.7,713.3,730.6,716.0,69.9,70.2,0.52,0.38,106.7
00:11:11,11131.8,92.4,-6.9,2405,19.76,10.98,183.1,180.9,188.1,181.9,720.8,713.2,729.0,718.3,70.3,70.6,1.03,-1.41,105.3
00:11:12,11139.0,93.1,-6.9,2412,19.79,11.13,182.8,181.1,187.7,182.0,722.3,716.2,729.9,715.5,70.0,69.9,0.74,0.48,105.8
00:11:13,11161.7,92.2,-7.0,2402,19.71,11.03,182.6,181.2,187.7,181.8,722.4,715.5,730.2,718.6,69.6,70.5,0.75,-1.48,105.7
00:11:14,11169.8,92.8,-7.3,2412,19.71,10.96,182.3,180.7,186.9,181.8,722.3,715.7,730.1,719.0,70.5,70.1,0.46,1.5,105.2
00:11:15,11179.0,93.6,-6.8,2413,19.66,10.94,183.0,180.2,187.3,182.0,719.0,714.9,729.7,715.4,69.8,70.0,0.75,1.56,106.0
00:11:16,11200.6,92.5,-6.8,2409,19.64,11.08,182.1,180.9,187.7,181.1,719.4,714.0,729.7,715.7,69.9,70.2,0.82,1.07,105.6
00:11:17,11214.9,92.7,-6.9,2411,19.71,10.92,182.5,180.3,186.9,180.9,718.5,715.9,728.8,717.2,70.4,69.6,0.65,-1.89,106.2
00:11:18,11224.6,93.2,-7.3,2401,19.69,11.05,182.8,180.1,186.8,181.1,718.2,713.2,728.4,717.9,70.0,69.6,1.0,-1.27,106.6
00:11:19,11237.5,93.0,-7.1,2401,19.71,10.94,181.8,180.4,187.0,181.7,719.1,714.5,728.8,715.3,70.0,70.2,0.94,-0.13,105.0
00:11:20,11257.9,92.3,-7.3,2405,19.59,11.06,182.1,179.9,186.5,181.0,719.8,712.7,730.8,717.8,70.3,69.9,0.76,0.88,106.6
00:11:21,11269.2,92.5,-7.0,2402,19.68,11.07,182.2,179.5,186.7,181.0,719.8,715.7,727.8,715.2,70.5,69.6,0.74,1.56,106.8
00:11:22,11282.0,92.6,-7.6,2408,19.57,11.02,181.6,179.7,186.7,181.0,718.0,713.9,730.2,717.8,69.8,70.2,0.59,-0.11,106.8
00:11:23,11302.5,93.6,-7.2,2412,19.68,10.9,181.4,179.5,186.7,180.4,721.6,715.4,727.7,716.8,70.2,69.6,0.47,1.77,106.8
00:11:24,11311.1,93.6,-7.7,2410,19.58,10.98,181.4,179.9,186.1,180.6,721.5,715.3,728.0,715.5,69.7,69.6,0.52,1.75,105.2
00:11:25,11330.4,92.9,-7.7,2403,19.61,10.94,181.7,179.7,186.0,180.7,717.6,713.2,726.7,717.6,69.4,70.3,0.83,0.71,105.9
00:11:26,11337.6,93.1,-7.5,2404,19.65,11.02,181.8,179.8,186.1,180.4,719.4,713.3,730.0,714.6,70.0,70.1,0.74,-0.66,106.8
00:11:27,11358.6,92.8,-7.7,2406,19.64,10.96,181.6,178.7,185.8,180.4,720.1,715.2,729.8,718.2,69.6,70.0,0.46,-1.33,105.4
00:11:28,11362.6,92.2,-7.4,2404,19.53,10.97,181.6,179.4,185.9,180.2,719.0,711.8,727.7,718.1,69.8,69.3,0.49,1.82,106.8
00:11:29,11390.2,93.4,-7.3,2401,19.49,10.85,180.6,178.6,185.5,179.8,717.6,715.2,728.7,716.8,69.5,69.7,0.75,1.78,105.5
00:11:30,11397.7,93.3,-7.9,2401,19.59,10.85,180.8,178.8,185.3,179.7,718.1,712.0,730.0,716.7,70.2,69.5,0.46,-0.13,106.8
00:11:31,11410.9,92.3,-7.7,2398,19.5,10.9,181.2,178.9,185.6,180.1,717.8,714.8,728.6,716.9,69.8,70.1,0.88,1.9,105.4
00:11:32,11417.5,93.2,-8.0,2403,19.57,10.97,181.1,178.8,185.9,179.5,719.3,713.0,728.8,715.1,70.0,69.7,0.66,-0.74,105.2
00:11:33,11433.6,93.1,-7.8,2407,19.57,10.82,180.2,178.8,185.5,180.1,718.3,712.7,727.3,717.1,70.5,69.9,0.39,1.96,105.3
00:11:34,11448.9,92.5,-7.4,2397,19.49,10.96,180.6,178.6,185.2,179.7,718.0,714.3,729.4,715.4,70.0,70.0,0.58,-1.76,106.9
00:11:35,11473.1,92.5,-7.4,2398,19.49,10.82,180.5,178.0,185.2,179.4,717.4,713.0,726.2,716.6,70.5,69.8,0.57,-0.48,106.7
00:11:36,11488.5,92.5,-7.8,2410,19.51,10.88,180.0,178.5,185.5,178.9,720.1,711.5,727.9,715.6,70.2,69.4,0.51,-0.94,105.2
00:11:37,11490.3,93.5,-7.4,2401,19.41,10.88,180.3,177.8,184.6,178.8,717.1,713.9,728.1,713.8,69.8,69.5,0.66,1.62,105.1
00:11:38,11511.9,93.8,-7.8,2399,19.4,10.82,179.7,177.5,185.3,178.8,719.5,713.0,728.1,714.6,69.7,69.4,0.49,1.48,105.2
00:11:39,11535.0,93.4,-7.7,2399,19.4,10.92,179.7,177.9,185.0,178.8,720.5,711.4,727.5,715.8,69.5,69.1,0.68,0.96,105.5
00:11:40,11549.0,93.3,-7.8,2396,19.42,10.92,180.3,177.6,184.5,178.9,720.3,714.1,726.9,716.3,70.0,69.8,0.73,1.4,106.2
00:11:41,11560.3,93.7,-7.9,2399,19.39,10.94,179.6,177.2,184.4,178.9,718.4,711.3,727.8,716.4,70.2,69.5,0.45,-1.34,106.4
00:11:42,11571.2,93.3,-8.2,2408,19.44,10.83,179.5,178.0,184.6,178.7,718.8,711.5,729.3,714.0,70.6,69.4,0.66,0.94,105.4
00:11:43,11586.4,92.6,-7.7,2397,19.37,10.78,179.4,177.6,183.9,178.8,719.2,710.5,726.4,713.8,69.6,69.4,0.32,-1.92,106.1
00:11:44,11604.6,92.6,-7.6,2403,19.42,10.88,179.3,177.0,184.3,178.7,718.5,711.8,726.7,716.1,70.6,69.6,0.53,0.88,105.6
00:11:45,11605.6,92.6,-8.3,2396,19.47,10.77,179.7,177.1,183.7,178.2,718.1,711.7,728.3,714.0,70.1,69.8,0.54,0.97,107.0
00:11:46,11624.3,93.7,-7.7,2397,19.38,10.93,179.0,177.5,184.0,178.2,717.9,713.9,726.4,715.6,69.7,68.8,0.76,1.97,106.0
00:11:47,11643.5,92.5,-7.7,2398,19.39,10.75,178.6,177.1,184.0,178.5,717.6,711.2,727.6,713.5,69.9,68.9,0.77,1.03,105.2
00:11:48,11660.1,92.5,-8.4,2404,19.29,10.79,178.6,177.1,183.8,177.5,719.3,712.8,726.5,715.6,69.8,68.9,0.58,-1.55,106.6
00:11:49,11662.1,93.2,-8.4,2407,19.3,10.82,178.5,176.3,183.5,177.6,717.9,711.9,728.2,715.5,70.3,69.3,0.56,-0.12,106.2
00:11:50,11684.7,93.2,-8.0,2397,19.34,10.83,178.8,176.3,184.1,177.3,715.9,710.9,726.2,715.1,70.4,69.1,0.62,-0.51,105.2
00:11:51,11700.0,92.5,-7.9,2400,19.41,10.81,178.8,176.8,183.5,178.2,718.8,711.9,727.6,713.9,70.0,69.5,0.29,-0.55,106.2
00:11:52,11716.6,92.9,-8.3,2399,19.29,10.72,178.3,176.2,183.2,177.6,717.5,711.1,726.7,712.8,69.6,69.3,0.41,1.41,106.4
00:11:53,11719.3,93.8,-8.4,2396,19.3,10.8,178.9,176.4,183.4,177.7,717.4,712.8,725.0,714.4,70.0,69.1,0.25,1.44,106.1
00:11:54,11740.1,93.0,-8.5,2406,19.25,10.74,178.7,176.2,183.0,177.2,716.1,710.3,725.0,715.4,69.4,69.1,0.52,1.08,106.0
00:11:55,11761.6,93.2,-8.3,2399,19.23,10.87,178.0,176.0,182.9,176.8,718.7,712.5,725.3,715.6,70.3,69.3,0.69,-1.69,106.2
00:11:56,11761.9,92.7,-8.4,2405,19.21,10.69,178.3,176.3,183.2,177.3,718.6,713.1,727.1,712.4,69.7,68.6,0.63,-0.31,106.3
00:11:57,11789.4,93.2,-8.4,2400,19.35,10.72,177.9,175.8,183.3,177.4,716.1,709.5,728.4,714.8,70.3,68.7,0.69,0.38,106.7
00:11:58,11803.8,93.4,-8.6,2401,19.33,10.78,178.3,175.5,183.0,176.8,717.8,710.9,727.4,714.0,69.6,68.7,0.3,-1.09,107.2
00:11:59,11807.9,93.2,-8.8,2393,19.23,10.81,178.0,175.7,182.3,176.4,718.1,711.8,728.2,715.6,70.4,69.4,0.42,0.87,106.6
00:12:00,11822.4,93.7,-8.1,2404,19.23,10.67,177.3,175.9,182.8,176.7,718.7,712.6,728.0,715.2,69.9,68.7,0.64,-1.69,106.6
00:12:01,11848.3,93.5,-8.3,2392,19.19,10.86,177.1,175.6,182.6,176.6,715.6,711.6,728.1,713.3,69.7,69.2,0.28,-0.73,107.2
00:12:02,11847.3,93.5,-8.4,2393,19.21,10.72,177.3,175.3,182.3,176.8,717.5,711.6,725.2,714.3,69.8,68.5,0.51,1.57,106.6
00:12:03,11877.6,93.2,-8.9,2401,19.15,10.73,177.8,174.9,182.3,176.7,715.7,712.9,725.7,714.5,70.5,68.7,0.51,-1.02,107.0
00:12:04,11876.4,92.7,-8.4,2400,19.21,10.77,177.4,175.5,182.2,176.2,716.6,712.5,728.2,715.7,69.5,68.6,0.67,0.05,105.7
00:12:05,11901.0,93.9,-8.8,2391,19.26,10.79,176.8,175.1,182.3,176.2,715.8,710.8,728.2,711.8,69.5,68.9,0.59,0.69,106.9
00:12:06,11908.1,92.8,-8.5,2403,19.15,10.65,176.9,175.0,181.8,175.7,718.4,711.3,725.6,715.1,70.4,68.5,0.45,-0.13,106.1
00:12:07,11929.1,93.2,-8.5,2392,19.17,10.8,176.5,174.7,181.7,175.8,715.9,709.5,724.6,711.7,69.9,68.5,0.75,-0.53,105.7
00:12:08,11933.6,93.5,-8.7,2399,19.12,10.75,176.5,175.0,182.0,175.6,717.0,710.9,727.8,713.4,70.1,68.4,0.33,0.46,106.7
00:12:09,11954.4,92.5,-8.9,2395,19.13,10.75,176.5,175.0,182.0,175.8,715.4,711.5,727.1,712.2,70.2,68.4,0.74,-0.26,107.2
00:12:10,11962.8,93.7,-8.3,2402,19.18,10.69,176.8,174.2,181.5,176.0,716.5,712.3,724.1,713.3,70.2,68.7,0.46,-1.82,106.8
00:12:11,11984.4,93.8,-8.6,2394,19.13,10.69,176.8,174.3,181.2,175.6,714.7,708.7,727.4,713.6,70.3,68.3,0.4,0.39,107.1
00:12:12,11996.5,93.9,-8.4,2391,19.2,10.67,176.3,174.7,181.0,175.0,714.4,712.0,727.0,711.4,70.0,68.4,0.59,-1.55,105.8
00:12:13,12019.4,93.7,-9.1,2399,19.11,10.79,176.7,174.3,181.1,175.7,715.9,710.0,726.5,715.1,70.3,68.3,0.35,-1.38,107.1
00:12:14,12023.6,94.1,-9.2,2389,19.09,10.63,176.5,174.6,181.0,174.9,717.6,709.6,725.5,714.5,70.0,68.5,0.34,0.54,106.8
00:12:15,12035.7,93.2,-8.5,2395,19.11,10.65,176.2,173.6,181.3,174.7,714.1,708.7,724.8,714.0,69.9,69.1,0.32,1.98,106.2
00:12:16,12053.1,93.8,-8.5,2397,19.04,10.69,175.6,174.0,181.3,174.9,717.1,709.3,726.0,712.8,69.9,68.6,0.49,0.56,107.2
00:12:17,12068.3,94.1,-8.6,2393,19.11,10.71,175.5,173.6,180.4,175.0,716.8,709.4,726.7,714.7,70.1,68.4,0.16,-0.94,106.2
00:12:18,12076.5,94.0,-9.2,2387,19.0,10.72,175.8,173.8,180.9,174.8,715.3,708.9,727.1,714.1,69.6,68.2,0.27,1.49,105.7
00:12:19,12105.1,93.1,-9.0,2391,19.09,10.63,175.5,173.4,180.3,174.4,715.6,711.3,723.4,711.5,70.2,68.2,0.42,-1.1,107.3
00:12:20,12119.7,92.9,-8.6,2399,19.04,10.75,175.9,173.3,180.3,175.0,715.4,711.2,726.4,713.0,70.1,68.8,0.42,-1.87,107.1
00:12:21,12124.5,92.8,-8.9,2392,19.09,10.68,175.4,173.4,180.3,175.0,715.1,708.7,723.8,711.1,69.7,68.8,0.41,-1.23,106.5
00:12:22,12136.3,92.6,-9.2,2392,19.07,10.63,175.0,173.0,180.8,174.0,714.6,710.3,724.1,712.9,69.8,68.8,0.23,-1.52,105.5
00:12:23,12164.2,93.2,-8.7,2397,19.01,10.55,175.2,172.8,180.7,173.9,715.4,710.8,723.2,713.1,70.1,68.1,0.52,0.96,106.7
00:12:24,12179.0,92.6,-8.7,2390,18.98,10.71,175.3,173.3,180.0,173.9,715.4,711.2,723.0,710.8,70.4,68.8,0.16,1.73,107.2
00:12:25,12176.7,93.4,-9.5,2391,19.01,10.65,175.1,172.5,180.1,173.6,715.5,707.7,726.7,712.4,70.2,67.8,0.29,-0.91,107.4
00:12:26,12190.7,92.9,-9.4,2387,18.98,10.66,174.6,172.8,180.0,174.0,715.2,707.9,723.0,712.4,69.5,68.5,0.16,-1.9,106.0
00:12:27,12208.8,93.9,-9.1,2399,19.06,10.55,175.3,173.1,180.2,173.8,716.5,710.6,724.0,710.8,69.4,68.6,0.33,1.64,106.6
00:12:28,12230.2,93.9,-9.3,2390,18.98,10.53,174.4,172.7,180.2,173.5,715.0,710.0,724.2,712.7,69.4,68.7,0.46,0.74,107.1
00:12:29,12233.3,93.0,-9.6,2386,18.93,10.59,174.4,172.4,179.4,173.1,716.9,708.9,723.5,712.5,69.2,67.9,0.51,1.43,107.5
00:12:30,12256.5,94.0,-9.1,2386,18.92,10.7,174.1,172.4,179.7,173.6,716.2,708.7,725.4,711.2,70.1,67.7,0.11,1.34,106.9
00:12:31,12266.4,93.9,-8.9,2396,18.96,10.52,174.0,172.2,179.3,173.4,716.9,709.2,726.0,710.7,70.0,67.9,0.37,-0.17,106.4
00:12:32,12277.1,93.1,-9.2,2385,18.88,10.68,174.3,172.5,179.3,173.8,716.5,708.2,723.4,709.9,69.5,67.7,0.29,-0.87,106.6
00:12:33,12291.3,93.5,-9.3,2389,18.88,10.67,174.4,172.0,179.6,173.1,713.8,707.3,725.5,712.4,69.5,67.9,0.6,1.94,107.2
00:12:34,12318.2,93.3,-9.5,2395,18.9,10.59,174.3,172.1,179.5,172.8,714.8,707.0,724.0,710.9,70.4,67.7,0.52,1.23,105.6
00:12:35,12334.8,94.2,-9.5,2395,18.91,10.65,174.2,171.9,179.3,173.3,715.8,707.4,723.0,713.7,69.5,68.4,0.33,0.65,106.6
00:12:36,12347.3,92.7,-9.7,2395,18.96,10.53,173.9,171.7,178.5,173.0,716.4,710.2,723.1,712.3,70.3,68.3,0.24,-0.68,106.1
00:12:37,12362.3,94.1,-9.3,2388,18.85,10.48,174.3,171.4,178.5,172.8,716.2,707.7,723.1,712.2,69.5,67.6,0.03,0.45,107.0
00:12:38,12379.2,93.0,-9.3,2394,18.92,10.47,173.3,171.2,178.9,172.2,713.6,706.9,723.7,712.5,69.5,67.8,0.35,-0.82,105.7
00:12:39,12379.4,94.0,-9.4,2389,18.82,10.6,173.2,171.2,178.2,172.1,714.6,709.4,723.5,712.0,70.2,68.3,0.14,1.65,105.7
00:12:40,12400.5,93.9,-9.2,2388,18.79,10.49,173.5,171.0,178.3,172.5,713.6,706.7,724.2,709.4,69.4,68.0,0.21,1.36,106.7
00:12:41,12413.8,94.0,-9.6,2392,18.91,10.6,173.3,171.5,178.9,172.5,715.4,708.6,723.0,711.9,69.4,67.5,0.28,0.53,107.0
00:12:42,12427.7,93.3,-9.7,2389,18.89,10.56,173.3,171.6,178.4,172.0,712.2,707.8,725.4,709.8,69.8,68.2,0.35,-1.47,105.8
00:12:43,12441.0,93.8,-9.4,2387,18.81,10.56,173.4,170.8,178.4,172.3,715.5,706.7,724.8,711.6,70.2,67.6,0.26,1.12,107.0
00:12:44,12454.9,93.9,-9.6,2384,18.76,10.58,172.9,171.0,178.3,171.5,715.5,709.8,722.1,710.3,69.4,68.2,0.44,1.95,106.9
00:12:45,12464.6,93.2,-10.0,2390,18.86,10.53,173.3,170.6,177.8,172.0,713.0,707.3,723.3,709.1,70.1,67.3,0.42,-1.64,106.2
00:12:46,12477.6,93.2,-9.4,2385,18.86,10.57,173.0,170.8,177.9,171.7,713.6,709.6,722.2,712.3,69.3,68.0,0.08,-0.79,107.0
00:12:47,12501.4,93.1,-10.1,2387,18.73,10.6,173.0,170.3,177.4,171.3,714.1,707.5,724.9,712.2,69.5,67.4,0.54,1.91,107.3
00:12:48,12521.4,93.8,-9.5,2382,18.76,10.51,172.4,170.4,178.1,171.5,712.2,709.6,721.9,712.6,70.3,68.0,0.11,1.07,107.0
00:12:49,12519.6,93.2,-9.7,2381,18.76,10.41,172.5,170.9,177.7,171.5,713.3,707.8,722.2,711.9,70.3,67.7,0.28,-1.34,105.8
00:12:50,12533.6,93.9,-10.1,2383,18.83,10.4,172.1,169.9,177.2,170.9,714.7,709.2,723.0,711.4,69.6,68.0,0.48,0.29,106.5
00:12:51,12555.8,92.9,-9.9,2392,18.76,10.59,172.1,169.9,177.7,170.9,715.4,707.2,724.5,712.2,69.6,68.0,-0.06,-0.34,107.7
00:12:52,12573.5,93.1,-10.1,2387,18.83,10.44,172.3,169.9,177.5,171.1,714.8,707.9,724.4,712.3,69.4,67.3,0.5,0.37,107.3
00:12:53,12593.5,93.0,-10.0,2380,18.8,10.56,171.9,169.6,177.5,170.9,714.2,709.2,725.1,711.0,70.0,67.2,0.25,-0.54,106.0
00:12:54,12601.2,93.6,-9.9,2390,18.68,10.5,172.1,169.8,177.0,170.5,714.3,707.7,722.8,709.7,69.7,67.8,0.1,-1.44,107.6
00:12:55,12615.0,93.6,-10.3,2391,18.68,10.56,172.2,169.7,177.3,170.5,713.4,708.5,723.0,711.9,69.9,67.4,0.29,0.1,107.0
00:12:56,12630.3,93.9,-9.7,2392,18.63,10.51,171.5,169.2,177.0,170.4,713.1,707.6,721.6,710.7,70.3,67.6,-0.06,1.82,107.0
00:12:57,12647.6,93.1,-10.2,2389,18.77,10.39,171.7,169.1,177.0,171.1,713.3,705.9,721.7,709.0,69.7,67.9,0.27,-0.08,107.6
00:12:58,12654.0,93.4,-10.4,2384,18.72,10.53,171.9,169.0,176.3,170.7,713.3,707.0,724.5,711.8,69.9,67.2,0.22,-0.73,106.1
00:12:59,12674.9,94.2,-10.2,2385,18.7,10.37,171.6,168.9,177.1,170.3,712.8,705.3,721.1,710.3,69.9,67.2,0.38,-0.56,107.5
00:13:00,12685.7,94.2,-10.5,2387,18.72,10.5,171.1,168.9,176.1,170.6,713.7,707.6,724.7,709.6,69.7,67.8,0.47,-1.79,106.5
00:13:01,12697.5,93.1,-10.5,2389,18.65,10.45,170.8,169.6,176.4,170.1,713.6,707.9,723.3,710.7,70.2,67.7,0.43,-0.45,106.7
00:13:02,12708.8,93.9,-10.1,2381,18.7,10.45,170.9,169.2,176.3,170.2,712.9,708.5,724.5,711.4,69.8,67.0,0.41,1.49,107.8
00:13:03,12721.1,93.6,-10.1,2385,18.69,10.38,170.6,168.7,176.7,170.1,713.9,705.2,724.0,709.9,70.2,67.4,0.36,0.32,107.3
00:13:04,12743.0,93.7,-10.2,2389,18.6,10.43,171.0,168.3,176.6,169.4,713.6,708.4,723.5,710.5,69.1,67.8,0.09,0.81,107.5
00:13:05,12759.9,94.0,-10.6,2378,18.62,10.34,170.4,168.7,175.9,170.0,714.4,706.8,720.6,710.7,70.3,67.5,0.39,-0.33,106.2
00:13:06,12772.5,94.3,-10.6,2380,18.61,10.4,170.4,169.0,176.3,170.0,713.5,705.9,722.4,710.4,69.7,67.5,0.36,-1.2,106.5
00:13:07,12781.6,93.6,-10.5,2390,18.54,10.37,171.0,168.5,176.2,169.9,711.1,705.5,723.0,709.1,70.3,67.7,0.18,1.91,107.8
00:13:08,12791.7,93.0,-10.6,2377,18.55,10.42,170.0,168.5,175.3,169.5,711.6,704.9,724.3,708.1,69.5,67.3,0.36,-0.45,106.9
00:13:09,12813.3,94.1,-10.7,2382,18.6,10.49,170.7,167.8,175.6,169.7,711.7,708.1,721.9,709.9,70.1,67.4,0.04,0.49,106.5
00:13:10,12832.2,94.3,-10.6,2378,18.6,10.34,170.8,168.3,175.7,169.4,713.9,705.3,722.6,710.5,69.6,67.3,0.36,-0.72,107.6
00:13:11,12840.6,93.1,-10.5,2384,18.59,10.35,170.3,168.4,175.4,169.1,711.4,707.0,722.6,708.0,69.7,67.5,-0.14,-0.59,107.9
00:13:12,12851.2,94.4,-10.2,2384,18.63,10.46,170.3,168.3,175.3,169.6,713.9,706.8,722.3,709.7,69.4,66.7,-0.11,1.12,106.6
00:13:13,12870.9,93.6,-10.4,2376,18.48,10.33,169.5,167.5,174.9,169.4,710.3,704.1,720.7,708.2,69.9,67.0,0.36,-0.42,107.8
00:13:14,12878.4,94.6,-10.6,2384,18.56,10.42,169.5,167.7,175.3,169.0,710.5,706.4,720.6,707.5,69.3,67.1,0.34,-1.03,107.8
00:13:15,12898.1,93.6,-10.6,2382,18.56,10.39,169.3,167.7,175.5,169.1,712.0,704.1,723.2,707.5,70.0,67.3,-0.16,-0.88,107.1
00:13:16,12919.8,93.4,-10.6,2377,18.49,10.41,169.2,167.2,174.8,168.6,710.8,705.2,722.0,709.3,69.1,66.8,-0.19,-1.48,106.4
00:13:17,12922.8,93.2,-10.4,2386,18.49,10.27,169.7,167.5,174.5,168.9,713.5,707.0,720.0,707.2,70.0,67.4,-0.13,-1.94,106.6
00:13:18,12933.8,93.4,-10.8,2386,18.45,10.34,169.8,167.3,174.3,168.1,711.1,705.2,722.7,708.7,69.5,66.4,-0.07,-1.93,106.7
00:13:19,12960.4,93.7,-10.8,2376,18.42,10.42,169.1,167.3,174.6,168.4,712.9,706.5,723.2,708.8,69.6,67.4,0.23,-0.48,106.8
00:13:20,12965.0,94.7,-10.5,2382,18.44,10.26,169.0,166.8,174.8,168.4,712.2,707.3,719.7,709.0,69.4,66.6,0.03,-0.69,106.2
00:13:21,12991.0,93.1,-10.5,2375,18.43,10.38,169.1,167.2,174.2,167.7,712.4,707.3,721.1,709.1,69.6,67.3,0.35,-0.82,106.8
00:13:22,12997.2,94.2,-10.4,2374,18.51,10.29,169.5,167.3,174.5,168.4,711.3,705.8,723.3,708.2,70.2,66.6,-0.08,1.86,107.1
00:13:23,13008.1,94.4,-10.8,2380,18.49,10.33,168.6,166.5,173.8,167.5,712.0,704.9,720.0,708.9,69.2,66.6,0.02,0.78,107.1
00:13:24,13024.2,94.4,-10.7,2378,18.46,10.33,169.2,166.8,174.2,167.5,710.3,705.8,721.0,708.0,69.6,66.8,0.04,-1.33,106.6
00:13:25,13039.3,93.9,-10.9,2375,18.41,10.39,168.6,166.2,174.3,168.1,709.4,706.6,720.5,710.0,70.0,66.6,0.03,-0.98,107.4
00:13:26,13058.5,94.5,-10.9,2380,18.46,10.37,169.0,166.4,174.3,167.9,711.4,706.5,720.0,706.3,69.0,67.1,-0.06,-0.03,107.9
00:13:27,13078.4,94.4,-11.0,2380,18.4,10.32,168.7,166.3,174.3,167.9,711.4,705.4,721.3,706.2,70.2,66.3,0.31,-1.23,106.6
00:13:28,13080.8,93.8,-10.7,2379,18.34,10.23,168.6,166.0,173.7,167.5,709.7,706.3,722.1,706.3,69.6,66.4,-0.23,0.04,106.6
00:13:29,13108.2,93.6,-11.2,2384,18.38,10.27,168.3,166.5,173.3,167.8,712.6,703.5,722.6,706.3,69.3,66.7,0.08,-1.71,107.9
00:13:30,13108.1,93.2,-11.2,2384,18.42,10.38,167.7,165.6,173.4,167.2,710.4,703.7,722.7,706.3,69.4,66.6,0.29,-1.75,107.6
00:13:31,13128.8,94.1,-10.8,2386,18.32,10.18,168.0,165.7,173.7,166.8,709.3,706.0,719.5,707.8,69.7,66.5,0.05,-0.29,106.5
00:13:32,13149.0,94.4,-10.9,2380,18.42,10.2,168.4,166.0,173.1,167.3,709.9,705.1,721.0,706.7,69.7,66.9,0.03,0.97,107.1
00:13:33,13152.8,93.4,-11.4,2384,18.41,10.17,168.0,165.9,172.9,166.7,711.0,704.1,719.3,707.6,69.8,66.7,0.27,0.33,107.4
00:13:34,13164.0,93.8,-11.4,2380,18.27,10.25,167.6,165.8,173.0,166.9,711.8,702.8,722.7,708.2,69.7,66.2,-0.09,1.05,108.0
00:13:35,13187.1,93.3,-11.4,2377,18.36,10.31,167.3,165.1,173.4,166.8,708.8,703.0,721.9,707.2,70.1,66.4,-0.2,-0.43,106.4
00:13:36,13197.0,96.8,-11.2,2030,15.83,7.94,166.3,164.8,171.7,165.3,683.8,675.9,691.2,678.5,63.2,66.6,-0.01,0.28,110.0
00:13:37,13198.5,96.0,-11.0,2035,15.88,8.06,165.3,163.2,170.7,164.6,683.8,674.7,691.0,678.0,63.4,66.3,-0.27,-1.67,110.1
00:13:38,13199.2,95.3,-11.2,2031,15.88,8.02,164.8,162.3,169.3,163.7,680.8,676.4,692.7,677.8,63.2,65.8,0.14,-1.14,109.0
00:13:39,13202.2,95.8,-10.9,2030,15.81,8.02,163.3,161.1,168.5,162.7,681.7,674.5,693.2,677.2,62.4,66.0,-0.17,-0.21,109.9
00:13:40,13201.6,95.3,-10.8,2032,15.84,7.97,162.7,160.0,167.8,160.9,680.7,675.7,693.1,680.3,62.6,66.2,-0.13,0.23,109.7
00:13:41,13217.5,95.3,-11.3,2037,15.82,8.0,160.9,159.5,166.6,160.6,680.9,675.6,691.0,680.1,62.8,65.9,-0.28,-0.81,110.3
00:13:42,13218.8,96.0,-11.5,2039,15.94,8.05,159.9,158.3,166.0,159.5,681.2,674.5,691.2,680.8,62.6,65.5,0.22,-0.7,109.5
00:13:43,13206.9,96.0,-11.5,2028,15.95,7.98,158.9,157.4,165.0,157.9,683.2,674.6,693.0,679.8,63.3,66.0,-0.24,-0.24,109.7
00:13:44,13209.6,96.7,-11.5,2038,15.84,7.87,158.4,156.2,164.0,157.9,683.2,676.0,692.3,678.9,62.9,65.4,0.05,1.06,108.5
00:13:45,13218.9,95.9,-10.9,2030,15.94,7.87,157.9,155.8,163.0,156.5,682.5,675.9,690.7,679.7,62.5,65.1,0.09,0.3,108.7
00:13:46,13225.9,95.7,-11.2,2033,15.8,7.98,156.4,154.6,162.4,155.3,682.7,675.2,693.9,678.1,62.6,65.7,0.28,0.33,109.9
00:13:47,13211.2,96.2,-11.2,2032,15.94,8.03,156.1,153.9,161.7,154.5,682.1,676.8,693.0,680.6,63.2,65.6,-0.19,-0.01,108.9
00:13:48,13225.9,96.4,-10.8,2029,15.78,8.03,154.6,153.1,160.1,153.9,681.6,674.2,692.5,679.7,62.4,65.5,0.19,1.97,108.7
00:13:49,13224.7,96.4,-11.0,2026,15.91,8.03,154.1,151.6,159.1,153.1,680.8,673.8,690.3,677.7,63.2,65.1,0.28,-1.6,109.9
00:13:50,13223.8,96.7,-11.6,2037,15.83,7.88,153.0,150.8,158.3,152.6,680.7,673.8,690.6,677.4,62.7,65.2,-0.24,0.77,108.9
00:13:51,13223.7,95.7,-11.5,2037,15.83,7.94,152.5,149.8,157.5,151.0,680.1,676.1,692.7,678.8,63.2,64.5,-0.12,-1.92,109.8
00:13:52,13230.5,96.4,-11.2,2038,15.9,7.9,151.7,149.9,156.8,150.8,683.4,675.9,691.3,678.2,63.3,65.0,0.25,-0.37,110.3
00:13:53,13222.3,96.5,-11.5,2038,15.83,7.89,151.1,148.6,156.4,149.4,682.7,674.0,692.3,679.0,63.0,64.7,-0.09,-0.35,109.8
00:13:54,13225.4,96.1,-11.6,2031,15.93,7.9,149.5,147.8,155.5,149.2,680.3,675.0,691.9,676.7,63.3,64.6,-0.03,-1.13,109.9
00:13:55,13230.1,96.3,-11.2,2036,15.86,8.02,148.8,147.7,154.8,147.9,682.7,674.9,690.8,678.5,62.6,64.6,0.11,1.41,108.8
00:13:56,13239.4,96.7,-11.4,2035,15.81,7.86,148.8,146.7,153.9,147.5,681.4,674.5,692.4,678.0,63.5,64.2,-0.14,-1.15,109.0
00:13:57,13235.5,95.6,-10.9,2027,15.77,8.01,147.4,145.6,153.2,146.7,683.0,676.3,691.2,678.6,63.4,64.0,-0.21,-1.26,109.7
00:13:58,13237.6,96.7,-11.1,2035,15.91,7.92,147.6,145.1,152.5,146.2,682.3,677.1,690.9,679.8,62.4,64.9,-0.23,-0.07,109.4
00:13:59,13237.3,96.5,-11.1,2034,15.79,7.95,146.8,144.5,151.7,145.9,680.4,675.8,691.7,676.6,63.4,64.0,0.28,0.31,110.2
00:14:00,13241.2,95.6,-11.5,2027,15.87,7.9,145.3,143.3,151.2,145.2,680.2,674.8,692.7,677.1,63.1,64.6,-0.29,-1.36,109.0
00:14:01,13241.0,97.0,-11.4,2029,15.88,7.92,145.1,143.4,150.9,144.5,680.3,676.5,691.5,678.3,62.8,64.7,0.15,0.5,109.6
00:14:02,13239.6,96.4,-11.2,2032,15.79,7.95,144.1,142.0,149.9,143.0,681.9,677.2,690.6,679.9,62.7,63.8,0.17,0.92,109.1
00:14:03,13251.9,95.7,-10.9,2025,15.9,7.97,143.6,141.5,149.2,142.6,680.8,677.4,692.3,679.0,62.7,64.2,-0.15,-0.04,108.7
00:14:04,13250.1,95.8,-11.2,2023,15.82,7.93,143.5,141.2,148.9,142.1,681.9,676.6,691.9,678.8,63.3,64.0,0.07,-1.67,110.5
00:14:05,13247.8,96.9,-11.5,2024,15.89,7.89,143.0,140.1,148.2,142.0,680.3,677.1,691.9,679.4,62.3,63.9,-0.13,1.63,109.1
00:14:06,13254.5,96.1,-11.0,2027,15.81,7.98,141.7,139.5,147.5,140.9,682.8,675.1,693.3,678.2,62.5,63.6,-0.28,0.33,108.7
00:14:07,13248.9,95.7,-11.0,2027,15.88,7.92,141.7,139.1,147.3,140.3,682.0,675.7,692.0,676.4,62.5,63.5,0.09,-2.0,109.4
00:14:08,13251.9,96.0,-11.5,2025,15.75,8.01,140.8,138.8,146.8,139.5,681.1,674.0,691.9,679.1,63.2,63.4,-0.07,0.03,109.2
00:14:09,13261.4,96.2,-11.3,2029,15.76,7.99,140.4,138.2,145.6,139.5,682.4,677.3,693.2,679.7,63.1,63.5,0.26,1.91,110.5
00:14:10,13262.8,96.2,-11.5,2022,15.83,7.95,139.3,137.4,145.0,138.6,679.8,676.7,690.6,676.4,63.2,63.7,0.3,1.6,110.1
00:14:11,13263.9,95.6,-10.9,2022,15.81,7.87,139.2,137.4,145.1,137.8,682.5,674.5,692.6,677.7,63.3,63.8,0.05,0.61,109.2
00:14:12,13262.6,96.1,-11.5,2032,15.77,7.92,138.5,136.3,144.0,137.8,680.0,673.8,692.1,677.7,63.3,63.7,0.04,-1.4,110.6
00:14:13,13261.2,97.0,-10.9,2027,15.75,7.94,138.4,136.0,143.4,136.7,682.1,676.2,691.0,679.0,62.7,63.6,-0.24,-0.35,110.3
00:14:14,13269.2,95.7,-11.6,2031,15.86,7.89,137.4,136.0,143.6,136.3,683.0,675.9,691.6,679.6,62.9,63.3,-0.23,0.26,109.7
00:14:15,13267.5,97.0,-11.7,2021,15.73,7.89,137.4,134.8,142.6,136.2,682.0,675.2,693.4,677.7,62.5,63.6,-0.17,-1.89,110.3
00:14:16,13279.3,96.8,-11.5,2026,15.87,7.92,136.4,134.5,142.0,135.9,680.3,675.2,691.7,679.3,62.9,63.4,0.18,-1.92,110.1
00:14:17,13275.4,96.5,-11.2,2026,15.8,7.89,136.1,134.5,141.4,134.8,681.3,675.4,689.7,678.1,62.7,63.4,0.25,-0.32,110.7
00:14:18,13275.0,96.3,-10.9,2023,15.84,7.81,135.6,133.6,141.6,134.7,682.8,673.4,691.6,677.2,63.2,63.3,-0.06,1.26,110.1
00:14:19,13276.5,96.3,-11.0,2028,15.77,7.95,135.4,133.5,140.4,134.2,682.4,673.6,692.6,676.9,62.6,62.4,-0.08,-1.51,109.5
00:14:20,13279.8,95.6,-11.6,2030,15.86,7.82,134.4,132.3,140.6,134.2,681.9,674.7,690.4,680.1,62.4,62.5,0.07,0.62,109.6
00:14:21,13286.3,96.9,-11.3,2026,15.8,7.83,133.9,132.3,139.9,133.7,679.6,675.2,693.3,677.8,62.6,63.1,0.12,0.01,109.0
00:14:22,13289.8,95.9,-11.5,2028,15.83,7.92,134.0,131.8,139.9,132.7,680.0,675.4,691.4,680.1,63.4,62.6,0.24,-0.5,110.3
00:14:23,13290.5,96.4,-11.5,2032,15.71,7.88,133.7,131.8,139.2,132.8,681.4,676.4,689.9,677.2,63.0,62.1,-0.1,-1.67,109.0
00:14:24,13292.2,97.1,-11.0,2029,15.81,7.92,133.0,131.3,138.8,132.1,680.2,675.0,690.7,679.0,63.3,62.3,-0.11,0.85,109.9
00:14:25,13282.9,97.1,-11.4,2032,15.73,7.91,133.0,130.6,138.1,131.6,681.7,673.5,690.4,679.1,62.6,62.9,0.23,-0.06,110.7
00:14:26,13287.8,96.1,-11.1,2026,15.77,7.84,132.1,129.8,137.8,131.7,681.1,675.8,693.4,677.6,62.6,62.0,0.25,-0.68,109.4
00:14:27,13285.6,96.6,-11.5,2021,15.83,7.96,131.6,129.8,137.7,130.6,680.6,675.8,689.8,679.9,63.3,62.1,-0.23,-0.04,109.4
00:14:28,13286.5,96.7,-10.9,2027,15.8,7.8,131.8,129.1,137.6,130.4,679.5,673.7,691.3,678.5,62.9,62.5,0.16,-0.26,109.7
00:14:29,13294.1,96.2,-10.9,2019,15.75,7.82,130.8,129.3,136.8,130.5,682.6,676.9,691.1,679.1,63.0,62.4,0.06,-1.06,109.1
00:14:30,13292.6,95.7,-11.0,2028,15.72,7.91,130.8,128.4,136.9,129.5,680.0,675.8,692.6,677.2,63.1,62.3,0.17,1.07,110.9
00:14:31,13299.7,96.3,-11.5,2020,15.69,7.95,130.5,128.7,136.6,129.7,680.0,674.0,689.8,679.9,63.1,62.0,-0.07,0.13,109.2
00:14:32,13290.3,96.8,-11.1,2019,15.81,7.85,130.4,128.3,136.1,129.3,681.4,674.2,690.6,676.1,62.5,62.2,-0.0,-1.07,109.9
00:14:33,13292.7,96.9,-11.1,2029,15.72,7.93,129.9,127.8,134.9,129.1,680.2,674.1,691.6,677.3,62.4,62.2,-0.27,-0.0,110.7
00:14:34,13294.1,96.9,-11.1,2027,15.76,7.83,129.6,127.0,135.1,128.1,682.2,675.4,693.4,679.7,63.3,62.4,0.0,1.73,110.6
00:14:35,13302.3,95.9,-11.6,2025,15.73,7.87,129.0,127.2,135.2,127.5,679.6,673.3,692.7,677.2,62.2,61.7,-0.12,-0.63,109.3
00:14:36,13310.1,97.0,-11.3,2021,15.78,7.93,128.7,126.7,134.5,127.7,681.7,674.5,691.8,678.6,63.0,61.9,-0.19,-0.89,109.9
00:14:37,13307.1,97.1,-11.7,2018,15.83,7.81,127.9,126.4,134.3,127.7,678.9,676.1,691.6,678.1,62.7,61.8,-0.12,-0.62,110.4
00:14:38,13305.3,95.9,-11.1,2024,15.82,7.97,128.0,126.1,133.8,127.2,682.5,674.4,690.7,678.7,62.5,61.9,0.09,1.0,110.4
00:14:39,13312.3,96.9,-11.1,2023,15.8,7.8,127.7,125.3,133.7,127.0,680.5,673.7,692.3,676.0,63.3,61.6,-0.24,0.4,110.5
00:14:40,13314.8,96.8,-11.3,2029,15.77,7.78,127.6,125.3,133.7,126.0,681.8,676.6,690.3,675.9,63.2,61.2,0.12,0.34,110.8
00:14:41,13316.1,96.7,-11.2,2016,15.77,7.78,127.3,125.2,132.6,126.2,681.1,673.4,691.6,679.3,62.9,61.8,-0.1,0.58,109.2
00:14:42,13311.4,96.8,-11.7,2016,15.8,7.94,126.5,124.7,132.2,126.1,682.5,674.1,690.5,676.6,63.2,61.7,-0.21,0.18,110.4
00:14:43,13324.1,96.3,-11.3,2022,15.79,7.86,127.0,124.7,131.9,126.0,679.8,676.3,692.2,678.3,63.2,61.7,0.21,-0.83,110.3
00:14:44,13311.8,96.0,-11.4,2018,15.69,7.84,126.2,123.9,131.7,125.3,679.0,673.4,689.8,676.1,62.2,61.6,-0.23,0.67,110.4
00:14:45,13323.8,96.9,-11.4,2020,15.75,7.95,125.5,123.5,131.7,125.2,681.8,674.2,692.9,677.8,62.2,61.6,-0.19,1.6,109.9
00:14:46,13320.9,97.1,-11.2,2017,15.78,7.86,126.2,124.0,132.0,124.3,682.6,673.6,689.5,679.0,62.2,61.0,-0.21,-0.84,110.2
00:14:47,13331.5,96.4,-11.6,2022,15.74,7.87,125.4,123.3,131.3,124.8,680.8,673.6,690.7,676.1,62.2,60.9,0.23,-0.58,110.6
00:14:48,13321.4,95.9,-11.6,2025,15.74,7.88,125.4,123.2,131.1,124.3,681.0,674.8,690.0,679.4,63.3,60.8,-0.27,-1.54,110.0
00:14:49,13322.3,96.3,-11.5,2020,15.67,7.89,125.1,123.1,131.1,123.8,679.3,676.3,692.9,678.9,62.2,60.7,0.24,1.42,110.4
00:14:50,13330.3,96.2,-11.6,2015,15.7,7.81,125.1,123.1,130.6,124.0,679.4,672.7,691.0,677.8,62.9,61.3,0.29,0.44,110.1
00:14:51,13331.7,95.9,-11.1,2017,15.8,7.76,124.3,122.2,129.9,123.4,679.8,676.5,689.7,678.6,62.4,60.6,0.17,-1.81,110.3
00:14:52,13336.2,96.7,-11.7,2021,15.79,7.82,124.0,121.8,130.4,123.4,680.1,676.5,692.8,678.5,62.5,60.5,0.02,-1.42,110.7
00:14:53,13329.4,96.5,-11.1,2026,15.73,7.92,123.7,122.3,130.1,122.5,680.3,676.2,689.4,675.9,63.0,61.2,-0.05,-0.63,109.4
00:14:54,13333.8,96.9,-11.5,2023,15.66,7.82,123.8,121.3,129.1,122.9,682.5,674.0,690.5,679.1,63.0,60.6,0.05,-1.18,109.7
00:14:55,13338.1,96.7,-11.2,2017,15.72,7.76,123.1,120.9,129.8,122.2,680.4,675.5,692.8,678.6,62.3,60.7,-0.24,-1.98,111.1
00:14:56,13337.8,97.0,-11.8,2026,15.68,7.83,123.5,120.9,129.4,122.3,680.7,672.7,690.4,678.3,62.6,60.6,-0.07,-1.42,109.6
00:14:57,13333.4,96.3,-11.6,2015,15.75,7.87,122.6,120.5,129.0,122.3,679.0,673.2,689.6,677.8,62.7,60.8,-0.11,-0.95,110.4
00:14:58,13335.3,96.9,-11.8,2024,15.67,7.85,123.2,120.3,128.7,121.8,681.1,676.3,692.6,678.7,62.5,60.4,-0.1,1.52,110.9
00:14:59,13347.5,96.8,-11.4,2024,15.72,7.8,122.9,121.0,128.2,122.1,680.3,675.9,691.7,678.1,63.0,60.6,0.05,0.6,110.2
00:15:00,13341.7,96.7,-11.0,2024,15.69,7.92,122.0,120.3,128.7,121.0,680.3,674.5,689.6,678.0,62.5,60.8,-0.27,-0.3,109.9
00:15:01,13357.7,97.1,-11.2,2019,15.72,7.9,121.9,119.8,128.0,120.8,678.8,675.7,689.8,677.4,62.3,60.6,0.06,-1.76,110.8
00:15:02,13359.4,97.2,-11.6,2015,15.77,7.77,121.6,120.0,128.3,121.1,678.6,674.2,691.2,675.9,62.2,60.9,-0.1,-0.36,111.1
00:15:03,13350.1,97.0,-11.4,2023,15.74,7.75,121.5,119.6,128.2,120.4,679.1,673.6,692.5,676.8,62.5,60.6,0.17,0.06,109.7
00:15:04,13352.6,96.0,-11.7,2020,15.71,7.85,122.0,119.8,128.0,121.1,680.0,676.0,690.6,678.3,63.2,60.3,-0.0,0.08,110.1
00:15:05,13356.1,97.0,-11.1,2024,15.67,7.91,121.6,119.0,127.7,120.6,679.3,674.0,690.6,677.0,62.1,60.0,0.08,1.47,109.5
00:15:06,13362.8,97.2,-11.7,2025,15.74,7.89,121.0,118.7,126.8,119.9,681.1,676.3,690.9,676.5,62.8,60.3,0.21,1.62,110.3
00:15:07,13361.8,96.3,-11.3,2021,15.76,7.89,121.5,119.2,126.5,120.3,681.2,673.9,689.6,678.6,63.0,60.0,0.13,1.24,110.6
00:15:08,13368.2,96.5,-11.2,2011,15.63,7.81,120.7,118.7,127.0,120.0,680.5,672.8,691.6,675.9,63.2,59.7,0.09,-1.5,110.5
00:15:09,13364.5,97.2,-11.5,2016,15.74,7.75,120.6,118.9,126.9,120.2,679.5,675.4,690.1,676.0,62.6,60.3,0.05,-0.23,111.0
00:15:10,13361.3,96.7,-11.4,2024,15.74,7.86,120.5,118.0,126.9,119.5,680.8,674.2,691.8,677.4,63.0,60.0,-0.21,1.07,110.0
00:15:11,13364.2,96.2,-11.5,2011,15.61,7.75,120.7,118.3,126.4,119.8,681.1,672.5,691.3,677.6,62.3,60.2,0.08,-1.65,109.8
00:15:12,13363.1,96.8,-11.5,2020,15.69,7.84,120.1,118.0,126.0,119.1,680.5,675.1,689.2,677.5,62.7,59.9,0.19,0.34,111.2
00:15:13,13371.2,96.6,-11.6,2012,15.73,7.88,120.0,117.6,126.1,118.7,680.7,674.6,691.0,677.0,63.1,59.7,0.24,-0.95,110.0
00:15:14,13364.2,96.6,-11.8,2010,15.69,7.91,120.2,117.7,126.0,118.9,681.2,673.9,689.1,677.0,62.6,59.4,-0.28,-2.0,110.5
00:15:15,13364.6,97.4,-11.8,2023,15.59,7.81,119.5,117.8,125.4,118.9,680.7,674.3,692.2,678.2,62.7,60.0,-0.13,1.35,110.8
00:15:16,13379.7,96.4,-11.5,2016,15.65,7.87,119.1,117.0,125.8,118.9,681.0,674.1,689.5,678.0,62.7,59.6,0.24,0.22,110.6
00:15:17,13379.6,97.4,-11.4,2022,15.63,7.86,118.9,116.9,125.0,118.2,679.1,673.9,689.4,677.6,62.8,59.9,-0.24,-1.85,111.0
00:15:18,13373.6,96.6,-11.6,2020,15.73,7.77,119.4,116.8,124.8,117.9,681.4,673.8,691.4,676.0,63.2,60.1,-0.27,0.53,110.4
00:15:19,13375.9,97.1,-11.8,2012,15.7,7.79,119.4,117.0,125.4,118.0,680.4,674.8,691.0,676.7,62.6,59.3,-0.28,0.88,109.3
00:15:20,13385.4,96.2,-11.8,2016,15.61,7.77,118.6,117.0,124.7,117.7,679.1,672.2,689.6,678.7,62.7,59.3,-0.25,-0.95,110.6
00:15:21,13392.5,96.8,-11.3,2013,15.74,7.9,119.1,116.3,124.7,118.2,681.5,675.5,691.0,678.0,62.6,59.6,-0.3,-0.6,111.2
00:15:22,13380.1,96.4,-11.6,2017,15.68,7.88,118.3,116.4,125.1,117.5,680.5,675.5,690.6,676.8,62.8,59.3,0.21,-1.63,109.5
00:15:23,13380.5,96.1,-11.3,2013,15.74,7.88,118.5,116.2,124.7,117.5,679.1,673.5,691.0,676.4,63.1,59.7,-0.08,-0.95,110.4
00:15:24,13386.8,96.2,-11.2,2014,15.67,7.76,118.6,116.7,124.9,117.3,679.1,675.1,692.1,678.6,62.6,59.5,-0.27,-1.96,110.0
00:15:25,13382.5,96.9,-11.3,2019,15.73,7.88,117.8,116.3,124.2,117.2,680.8,674.5,690.3,676.3,62.9,58.9,-0.11,1.93,110.5
00:15:26,13384.9,96.2,-11.2,2021,15.71,7.78,118.4,116.2,124.3,117.3,679.7,673.5,691.7,678.3,63.0,59.2,0.04,-1.42,110.2
00:15:27,13397.0,96.8,-11.8,2019,15.6,7.72,118.2,115.7,123.5,116.6,681.0,675.6,691.0,675.6,62.2,59.7,0.2,-0.37,110.8
00:15:28,13403.0,97.2,-11.7,2013,15.73,7.86,117.7,115.6,123.8,116.7,680.9,673.5,692.7,678.8,62.2,59.1,-0.16,0.06,110.8
00:15:29,13406.2,97.4,-11.2,2020,15.72,7.83,118.2,115.5,124.2,116.4,679.2,675.8,692.1,678.7,62.4,58.9,-0.17,-1.94,110.5
00:15:30,13401.0,96.5,-11.4,2019,15.63,7.83,117.6,115.2,123.2,116.8,679.1,675.1,690.2,678.4,63.1,58.9,0.26,-1.6,109.9
00:15:31,13407.9,97.3,-11.5,2010,15.58,7.88,117.1,115.8,123.2,116.7,679.5,672.0,689.4,675.9,62.0,58.7,0.09,-0.14,110.6
00:15:32,13400.9,97.6,-11.7,2007,15.59,7.74,117.3,115.2,123.0,116.4,679.0,673.7,689.2,676.4,62.2,59.2,-0.28,-1.22,110.0
00:15:33,13401.9,97.6,-11.1,2007,15.61,7.7,117.4,115.3,123.7,115.8,679.9,673.2,689.5,676.6,62.3,58.9,0.18,-0.73,109.9
00:15:34,13400.6,97.0,-11.4,2007,15.57,7.76,116.8,114.6,123.2,116.6,677.9,673.1,692.1,676.0,63.0,59.1,-0.23,1.75,109.6
00:15:35,13406.9,97.4,-11.2,2006,15.57,7.83,116.5,114.9,123.5,116.3,678.1,673.5,691.4,677.1,63.0,59.3,0.05,0.16,109.9
00:15:36,13405.0,96.7,-11.8,2016,15.6,7.83,117.2,115.0,122.9,115.8,679.2,674.8,690.5,675.8,62.9,59.0,-0.05,0.63,110.3
00:15:37,13408.3,97.6,-11.6,2011,15.57,7.85,116.9,115.0,122.5,115.5,680.7,675.1,690.1,677.8,62.2,58.7,-0.07,-0.03,109.9
00:15:38,13406.4,96.2,-11.4,2009,15.57,7.85,117.1,115.1,123.0,115.6,680.6,674.8,691.8,677.6,62.2,59.1,-0.29,1.28,110.9
00:15:39,13407.0,97.3,-11.2,2016,15.61,7.8,116.6,114.6,122.9,115.9,681.5,672.5,689.3,678.3,62.4,58.5,-0.25,-0.76,111.3
00:15:40,13421.3,96.7,-11.4,2014,15.59,7.84,116.3,114.8,122.9,115.9,679.1,671.9,690.9,677.7,62.1,58.7,-0.11,1.03,109.9
00:15:41,13416.3,97.1,-11.8,2007,15.58,7.87,116.8,114.0,122.8,115.7,680.1,671.8,691.7,675.4,62.7,59.1,0.17,0.64,110.0
00:15:42,13427.2,97.4,-11.4,2013,15.58,7.76,116.8,114.5,122.5,115.0,679.3,672.6,691.8,675.4,62.7,59.1,0.03,0.07,111.2
00:15:43,13428.0,96.2,-11.6,2018,15.69,7.68,115.8,114.2,122.7,114.8,678.1,674.7,689.9,676.2,62.7,58.3,0.26,-0.09,110.3
00:15:44,13418.4,96.4,-11.9,2017,15.57,7.85,115.6,113.5,122.6,114.8,678.9,674.6,692.0,678.6,62.9,58.2,0.03,0.47,111.5
00:15:45,13418.0,96.6,-11.9,2009,15.59,7.74,116.0,114.2,122.5,115.1,678.5,674.2,690.4,674.7,62.0,59.0,-0.13,-0.93,110.0
00:15:46,13419.0,96.4,-11.8,2006,15.58,7.72,116.2,113.3,122.4,114.4,678.7,673.0,692.1,677.6,62.6,58.9,-0.14,-0.93,109.7
00:15:47,13422.9,96.8,-11.7,2013,15.59,7.74,115.3,113.5,121.6,115.1,678.1,672.5,691.3,676.9,62.6,58.5,-0.07,-0.34,109.9
00:15:48,13428.3,97.3,-11.5,2005,15.58,7.8,116.0,113.7,121.4,114.7,680.3,673.8,691.7,675.7,62.1,58.9,0.29,0.47,110.2
00:15:49,13423.1,96.2,-11.4,2016,15.62,7.73,115.9,113.5,121.6,114.2,680.6,672.6,691.3,677.0,62.5,58.0,-0.23,0.98,110.0
00:15:50,13436.8,97.0,-11.8,2004,15.62,7.78,115.6,113.8,121.3,115.0,681.3,674.3,690.3,675.9,62.3,58.0,-0.18,1.54,110.7
00:15:51,13440.3,96.3,-11.8,2013,15.67,7.84,115.8,113.2,121.9,114.8,681.4,672.6,689.4,675.3,62.3,58.6,0.19,-0.04,110.1
00:15:52,13429.6,96.6,-11.7,2016,15.6,7.78,114.9,112.8,121.7,114.3,680.6,672.5,689.3,678.3,62.2,58.1,0.2,0.12,109.9
00:15:53,13443.4,97.0,-11.8,2011,15.62,7.82,115.4,113.5,121.5,114.3,677.8,671.8,690.5,676.3,62.2,57.9,0.1,0.57,110.1
00:15:54,13432.8,96.6,-11.3,2015,15.54,7.72,115.2,113.0,121.5,114.0,679.7,673.4,692.6,676.3,62.3,58.1,0.29,1.34,111.5
00:15:55,13434.5,97.8,-11.6,2016,15.64,7.76,115.1,113.4,121.5,114.4,677.9,672.2,691.8,676.3,63.0,58.2,0.01,1.88,110.0
00:15:56,13452.2,97.7,-11.5,2007,15.58,7.85,114.6,112.7,121.3,113.7,680.3,675.1,689.7,677.0,63.1,57.9,-0.11,-0.14,110.3
00:15:57,13444.9,97.3,-11.8,2014,15.63,7.83,114.9,113.0,121.4,113.7,679.5,675.1,691.5,675.0,62.1,57.8,-0.27,-0.84,110.6
00:15:58,13442.6,97.8,-11.7,2015,15.58,7.71,114.8,112.7,121.0,114.1,679.8,672.9,691.4,677.2,62.0,58.3,-0.11,1.7,111.2
00:15:59,13455.1,97.5,-11.6,2003,15.6,7.7,114.6,112.3,120.7,114.1,678.6,672.3,691.5,676.3,62.7,58.5,-0.23,1.4,110.3
00:16:00,13458.7,96.4,-11.7,2009,15.57,7.84,114.7,112.3,120.7,114.0,678.0,671.7,688.7,675.9,62.0,58.5,-0.05,1.32,109.8
00:16:01,13460.9,97.1,-11.3,2013,15.66,7.77,114.4,112.2,121.2,113.4,678.8,673.5,690.1,677.4,62.7,57.6,-0.06,1.39,109.9
00:16:02,13450.6,97.7,-11.5,2008,15.5,7.82,114.6,112.2,120.5,113.5,678.8,673.6,692.0,675.1,62.8,57.7,0.13,-0.62,111.6
00:16:03,13454.4,97.0,-11.5,2003,15.6,7.69,114.4,112.0,121.0,113.2,680.2,674.3,691.0,677.1,62.2,57.8,-0.1,-1.39,110.0
00:16:04,13455.3,97.6,-12.0,2006,15.55,7.81,114.5,112.2,120.4,113.7,680.3,671.7,692.0,675.4,62.4,57.5,0.06,-0.2,110.2
00:16:05,13459.7,97.9,-11.8,2008,15.51,7.67,114.4,112.4,120.7,113.6,678.3,675.1,691.3,677.8,62.6,57.4,-0.2,-1.49,110.2
00:16:06,13462.5,97.5,-11.9,2010,15.6,7.76,113.7,112.1,120.6,113.4,679.7,672.2,692.2,676.9,62.0,58.1,-0.29,0.52,110.4
00:16:07,13459.3,96.7,-11.7,2002,15.59,7.79,114.3,111.8,120.6,113.6,680.2,674.9,691.8,675.3,62.2,57.4,0.27,1.68,111.2
00:16:08,13472.8,97.7,-12.0,2014,15.51,7.7,114.4,111.5,120.3,113.4,677.9,671.9,688.9,674.9,62.3,58.0,0.14,0.5,110.7
00:16:09,13473.4,97.2,-11.5,2008,15.6,7.78,113.8,111.9,120.4,113.2,677.4,673.5,689.4,676.3,62.4,58.2,-0.0,-1.7,110.5
00:16:10,13466.5,97.3,-11.8,2003,15.53,7.83,113.8,111.6,119.8,113.1,680.4,672.4,692.0,674.9,61.9,58.0,0.22,-1.97,110.0
00:16:11,13468.1,97.9,-11.3,2012,15.57,7.81,114.3,111.2,120.4,113.2,680.1,672.1,690.3,675.7,62.5,57.8,0.16,1.09,111.4
00:16:12,13463.2,97.5,-11.4,2008,15.62,7.65,114.1,111.6,120.2,113.2,679.4,673.9,691.9,674.6,62.4,57.3,-0.24,-0.58,110.7
00:16:13,13468.7,96.7,-12.0,2007,15.63,7.77,113.4,111.8,119.6,112.5,680.7,672.8,689.4,677.7,62.0,57.4,-0.08,1.26,109.8
00:16:14,13476.8,96.9,-11.5,2007,15.56,7.83,113.1,111.4,120.0,113.1,677.9,672.2,689.3,675.5,62.7,57.5,0.23,-0.38,111.8
00:16:15,13483.8,96.7,-12.1,2001,15.55,7.79,113.7,111.4,119.7,112.8,680.2,674.1,692.4,675.8,62.1,57.8,0.1,-0.74,111.0
00:16:16,13480.1,97.3,-11.7,2011,15.55,7.78,113.6,111.5,119.3,112.0,680.4,673.6,691.2,675.1,61.9,57.1,-0.05,-1.22,111.3
00:16:17,13484.6,97.2,-11.7,2009,15.58,7.69,113.0,111.1,119.2,112.0,679.8,673.7,690.2,675.2,62.1,57.5,-0.08,0.47,111.1
00:16:18,13482.0,96.7,-11.6,2010,15.53,7.63,113.3,111.6,119.6,112.2,680.9,672.3,691.6,675.3,62.8,57.0,0.08,-1.51,110.0
00:16:19,13477.3,97.6,-12.0,2008,15.56,7.71,112.9,111.5,119.7,112.2,680.3,674.0,692.1,675.2,62.9,57.5,-0.2,-0.33,110.9
00:16:20,13486.8,97.9,-11.9,2010,15.57,7.65,113.2,110.9,119.3,112.7,677.1,671.3,690.8,674.5,63.0,57.1,0.16,-0.35,111.5
00:16:21,13492.3,96.9,-11.8,2001,15.51,7.76,112.8,111.3,119.5,112.4,677.2,674.5,689.6,676.7,62.3,57.6,-0.11,-0.53,110.5
00:16:22,13495.4,96.7,-11.6,1999,15.47,7.7,112.7,110.6,119.6,111.8,680.7,671.5,690.7,676.1,62.7,57.5,0.04,-0.77,110.3
00:16:23,13480.3,97.7,-11.9,2002,15.46,7.79,112.6,111.3,118.9,112.4,678.5,672.7,689.4,677.4,62.2,57.1,0.24,-1.07,110.0
00:16:24,13493.5,97.4,-12.0,2000,15.6,7.74,112.6,110.6,119.5,112.2,681.0,673.3,690.1,676.5,62.6,57.5,-0.02,-0.55,110.7
00:16:25,13486.7,97.7,-11.8,2009,15.49,7.81,113.2,110.7,119.2,111.8,677.4,671.2,690.1,677.3,62.7,57.3,-0.29,-1.38,110.9
00:16:26,13489.0,97.0,-12.1,2007,15.55,7.81,112.6,111.0,119.2,111.4,677.5,673.7,689.1,676.0,61.9,57.7,-0.27,1.81,111.2
00:16:27,13494.0,97.2,-11.7,2008,15.48,7.71,112.6,110.8,118.8,112.2,679.5,673.5,690.4,674.7,62.9,57.1,-0.19,1.44,111.5
00:16:28,13494.9,97.4,-12.1,2007,15.52,7.8,113.0,110.8,119.2,112.1,680.8,673.3,691.5,676.8,62.4,57.5,0.17,0.25,110.1
00:16:29,13505.0,96.7,-12.1,1999,15.46,7.65,112.7,110.8,118.8,112.0,678.4,672.8,690.2,674.6,62.7,57.1,0.18,-1.9,111.2
00:16:30,13492.5,97.5,-11.8,2005,15.51,7.73,112.5,110.9,119.1,111.5,677.4,671.5,691.6,675.4,62.0,56.7,-0.17,0.36,110.9
00:16:31,13503.9,97.4,-11.5,1999,15.5,7.66,112.2,110.4,119.2,111.9,680.0,672.6,689.8,674.3,62.0,57.2,0.01,0.43,110.7
00:16:32,13509.5,98.0,-11.8,1999,15.46,7.77,112.8,110.1,119.3,111.5,679.1,672.2,691.6,674.3,61.9,57.0,0.26,-0.38,110.4
00:16:33,13501.5,97.3,-11.7,2004,15.47,7.69,112.4,110.3,118.3,111.8,678.8,672.1,688.7,675.5,61.9,56.8,-0.02,0.18,110.8
00:16:34,13501.9,96.7,-11.5,2004,15.59,7.69,112.1,110.8,118.7,111.7,680.3,673.2,691.3,677.7,62.2,56.8,-0.17,-0.67,111.7
00:16:35,13515.3,97.8,-12.0,2009,15.56,7.73,112.5,110.1,118.7,111.2,678.9,673.4,688.8,674.5,61.8,56.6,-0.27,-1.16,111.6
00:16:36,13502.5,97.7,-11.5,1997,15.59,7.71,112.2,110.2,118.5,111.1,679.8,672.7,691.1,677.3,62.2,57.1,0.06,-1.31,111.6
00:16:37,13509.9,96.9,-11.4,2007,15.59,7.67,112.5,110.1,118.3,111.4,677.4,673.8,690.7,674.9,62.2,56.5,-0.09,-0.52,110.0
00:16:38,13505.9,97.8,-11.5,1996,15.47,7.67,112.0,110.3,118.1,111.4,679.8,674.5,688.8,674.1,61.8,56.7,-0.21,-1.94,111.9
00:16:39,13519.5,97.4,-11.9,2003,15.55,7.8,111.6,109.9,118.5,110.7,679.4,673.4,689.9,677.2,62.4,57.2,-0.11,1.1,111.0
00:16:40,13525.9,97.6,-12.0,2005,15.47,7.75,111.9,110.0,118.9,110.7,680.3,671.1,692.0,675.0,62.5,56.6,0.16,-1.57,111.9
00:16:41,13516.2,96.8,-12.0,2003,15.49,7.7,112.5,109.5,118.7,110.5,677.6,670.8,689.6,674.5,61.8,56.8,-0.25,-0.32,110.5
00:16:42,13525.8,97.6,-11.9,2007,15.5,7.68,111.8,110.3,118.5,110.8,677.0,672.0,692.2,675.3,62.5,56.8,0.0,0.24,111.5
00:16:43,13519.8,97.7,-11.7,2005,15.53,7.7,112.3,110.3,118.7,110.7,678.6,673.0,691.1,675.1,62.2,56.9,-0.2,0.03,111.8
00:16:44,13532.0,97.0,-11.7,2007,15.54,7.66,111.9,109.5,118.5,111.0,680.1,673.6,689.5,674.0,62.9,56.4,-0.25,1.51,110.7
00:16:45,13517.2,97.4,-11.8,1997,15.51,7.6,111.5,109.9,118.0,111.2,680.0,670.7,689.8,677.0,61.8,57.0,-0.15,1.22,111.7
00:16:46,13533.7,96.8,-11.7,2005,15.46,7.69,111.9,109.5,117.9,110.8,680.4,673.8,688.9,674.1,62.5,56.8,0.16,-1.01,111.7
00:16:47,13532.1,97.9,-12.2,2006,15.57,7.73,111.5,109.9,118.0,110.6,679.6,671.2,692.1,673.8,62.9,56.8,-0.05,-1.14,111.1
00:16:48,13524.8,96.6,-11.9,2005,15.47,7.64,111.9,109.2,117.9,110.6,677.9,672.1,689.6,676.3,62.1,56.7,-0.02,-0.75,111.0
00:16:49,13529.7,96.8,-11.7,2007,15.44,7.65,111.9,109.0,118.3,110.3,679.9,672.5,688.4,677.2,62.2,56.3,0.3,0.31,110.9
00:16:50,13527.0,97.3,-11.8,1998,15.52,7.59,111.7,109.0,118.1,110.1,679.4,670.8,689.7,675.9,62.5,56.5,0.21,-1.78,111.7
00:16:51,13532.6,96.6,-11.7,2003,15.45,7.71,111.7,109.6,118.0,110.6,679.1,674.5,689.9,675.0,62.8,56.3,0.03,-1.52,110.1
00:16:52,13528.4,97.7,-11.8,2000,15.52,7.69,111.4,109.3,117.9,110.4,679.1,672.2,691.9,675.1,62.5,56.4,0.23,0.31,110.6
00:16:53,13546.5,96.8,-11.6,1996,15.47,7.77,111.8,109.1,117.7,110.1,680.1,674.4,691.4,675.2,62.8,57.0,-0.12,0.64,111.2
00:16:54,13536.7,96.9,-11.9,1993,15.4,7.69,111.7,109.6,117.8,110.7,676.6,673.5,691.2,674.1,62.1,56.8,0.3,0.32,110.2
00:16:55,13546.8,97.4,-11.5,2005,15.47,7.63,111.7,108.7,118.0,110.7,677.2,670.6,690.1,675.6,62.6,56.8,0.15,-1.78,112.0
00:16:56,13535.5,96.7,-11.9,1993,15.49,7.65,111.5,108.9,117.9,110.6,679.3,673.3,688.2,675.8,62.3,56.3,0.13,1.9,110.8
00:16:57,13537.5,97.3,-11.9,1996,15.49,7.68,110.8,108.9,118.0,109.9,679.2,672.4,689.7,675.3,62.7,56.7,-0.03,-1.17,110.3
00:16:58,13545.5,97.2,-12.2,1999,15.4,7.59,111.1,109.2,117.5,110.5,679.1,672.9,689.4,677.2,62.7,56.8,-0.05,-0.62,110.6
00:16:59,13555.4,96.7,-11.6,1999,15.5,7.72,111.5,109.1,117.3,110.4,677.7,673.5,690.0,675.6,62.2,56.2,-0.18,-1.06,111.0
00:17:00,13546.2,98.2,-11.6,2004,15.39,7.74,110.8,109.0,118.1,109.7,678.6,672.8,691.6,674.2,62.3,56.8,0.17,1.23,110.7
00:17:01,13551.3,97.9,-11.7,1996,15.51,7.75,110.6,108.8,118.0,110.3,678.5,674.2,691.4,675.9,62.9,56.4,-0.14,1.5,111.4
00:17:02,13547.7,97.5,-11.5,2005,15.52,7.74,111.2,109.0,118.0,109.8,676.7,672.1,692.0,674.3,62.4,56.0,-0.11,-0.46,111.2
00:17:03,13561.7,97.9,-11.7,2000,15.42,7.74,111.3,108.9,117.5,109.5,678.1,671.7,692.0,673.6,62.9,56.4,-0.28,-0.09,111.1
00:17:04,13562.1,97.8,-11.8,1996,15.44,7.73,111.4,109.1,117.1,110.0,679.8,673.1,688.1,675.2,62.6,56.8,-0.3,-1.68,111.1
00:17:05,13554.3,96.8,-12.1,1992,15.51,7.67,110.5,109.1,116.9,109.4,679.1,671.5,689.1,677.1,61.7,55.9,0.11,1.09,111.5
00:17:06,13565.2,97.0,-11.9,1996,15.53,7.65,110.5,108.5,117.8,109.7,678.3,672.6,691.3,674.9,62.6,56.7,-0.29,-1.43,110.2
00:17:07,13560.3,97.8,-11.9,1994,15.48,7.65,110.9,108.3,117.1,109.6,679.4,672.3,689.9,674.8,62.3,56.2,-0.07,-1.04,110.6
00:17:08,13557.5,97.4,-11.5,1992,15.46,7.68,110.8,108.6,117.7,109.3,678.4,672.3,689.9,675.2,62.3,55.9,-0.29,-1.3,112.0
00:17:09,13556.3,97.5,-11.6,1991,15.48,7.72,110.7,108.3,117.4,109.5,679.4,670.3,690.1,674.1,62.1,56.6,-0.23,0.95,110.4
00:17:10,13560.9,97.6,-12.2,1996,15.44,7.68,110.9,108.6,117.4,109.9,677.8,671.6,688.6,677.2,61.9,56.2,-0.21,1.35,110.9
00:17:11,13568.2,98.2,-12.1,1993,15.39,7.68,110.5,108.3,117.6,109.2,678.6,670.7,689.2,676.2,62.1,56.5,0.03,0.91,110.7
00:17:12,13571.9,98.1,-11.9,1993,15.47,7.58,110.6,108.5,117.5,109.4,676.5,672.6,689.8,674.9,62.7,55.9,-0.01,0.84,111.9
00:17:13,13569.7,97.0,-11.6,2000,15.52,7.71,110.8,108.9,116.8,109.2,680.0,671.6,688.9,676.5,62.5,56.0,-0.02,-0.48,112.0
00:17:14,13572.7,97.4,-12.1,2002,15.51,7.58,110.2,107.9,116.7,109.2,678.8,672.8,690.8,673.9,62.2,55.8,0.17,0.67,112.0
00:17:15,13580.6,97.5,-12.2,1998,15.46,7.59,110.7,108.1,116.9,109.7,679.0,670.5,691.8,674.4,62.6,55.8,-0.26,-1.27,112.1
00:17:16,13568.9,96.9,-12.1,1999,15.45,7.62,110.5,108.1,116.6,109.6,678.0,671.0,689.4,673.7,62.7,55.7,0.2,-0.86,112.0
00:17:17,13576.4,98.1,-12.2,2000,15.42,7.74,110.5,108.3,117.0,109.3,676.3,673.5,690.4,674.1,62.8,56.0,0.1,-0.43,111.4
00:17:18,13581.8,98.2,-12.2,2003,15.4,7.57,110.1,108.3,116.9,109.1,677.2,670.6,691.7,674.5,62.5,55.6,-0.13,0.94,111.5
00:17:19,13587.6,97.7,-12.0,2003,15.51,7.74,110.5,108.0,116.8,109.4,678.8,673.2,690.5,675.7,61.9,55.8,-0.06,-1.85,110.4
00:17:20,13577.3,97.9,-12.2,1996,15.39,7.7,110.5,108.3,117.0,109.3,678.6,673.3,689.4,675.8,61.8,55.8,0.22,-1.35,110.4
00:17:21,13577.0,98.1,-12.2,1991,15.47,7.74,110.0,108.6,116.8,109.7,678.0,673.7,691.8,676.9,62.4,55.7,-0.09,0.72,111.4
00:17:22,13580.6,97.7,-11.6,2002,15.37,7.67,109.8,108.1,116.7,109.0,677.8,673.1,690.1,674.8,62.0,55.7,0.27,0.83,111.5
00:17:23,13586.7,97.3,-12.0,1990,15.5,7.55,110.6,108.4,116.4,109.1,678.2,673.3,691.0,673.5,61.7,55.8,0.09,1.6,110.8
00:17:24,13585.9,97.1,-11.7,2000,15.41,7.64,110.3,107.8,116.9,108.8,678.4,670.7,688.2,674.0,61.8,55.9,0.28,1.05,111.9
00:17:25,13593.9,96.8,-12.0,2002,15.46,7.66,110.3,108.2,117.2,109.1,678.9,671.6,690.6,674.9,62.1,55.4,0.17,0.81,110.5
00:17:26,13599.0,98.4,-12.2,2000,15.44,7.65,109.8,108.2,116.6,109.0,679.6,672.6,688.6,674.4,61.7,55.8,0.01,0.84,112.2
00:17:27,13586.2,97.5,-11.8,2000,15.49,7.64,110.0,108.2,116.4,109.4,676.4,670.6,690.3,675.3,62.6,55.8,-0.27,0.41,110.9
00:17:28,13600.7,97.4,-12.0,2002,15.34,7.55,110.3,108.2,116.4,109.4,676.6,671.1,689.2,674.4,62.8,56.0,0.15,1.96,110.9
00:17:29,13589.8,98.2,-11.9,2001,15.47,7.69,109.9,107.8,116.8,108.7,678.0,670.3,690.3,673.3,61.7,55.9,-0.08,-0.96,110.9
00:17:30,13599.3,97.1,-12.3,1997,15.49,7.6,110.2,108.1,116.9,108.9,676.3,673.4,690.9,674.9,61.9,55.8,0.09,-0.59,111.5
00:17:31,13597.8,97.0,-11.8,2000,15.48,7.69,109.7,107.8,116.2,109.0,678.6,673.4,688.2,674.6,62.6,55.6,0.13,-0.96,111.1
00:17:32,13602.5,97.8,-11.8,1997,15.4,7.65,110.1,107.3,116.7,108.6,677.8,672.2,691.7,674.7,62.3,56.2,-0.11,1.91,111.0
00:17:33,13597.3,98.2,-12.0,1993,15.45,7.65,109.7,108.1,116.3,109.2,677.8,670.8,691.8,674.1,62.7,55.9,-0.13,-1.74,111.4
00:17:34,13601.0,97.5,-11.9,1990,15.4,7.54,109.5,107.2,115.9,108.4,677.7,673.7,689.3,676.7,62.2,56.2,-0.02,1.34,110.6
00:17:35,13596.8,98.2,-12.2,1988,15.37,7.57,109.3,107.4,116.8,108.8,678.7,673.5,691.6,676.9,62.4,55.5,-0.3,-1.53,111.1
00:17:36,13612.9,98.3,-11.7,1988,15.39,7.67,110.1,107.9,116.3,108.4,676.5,673.4,688.2,674.8,61.9,55.4,-0.26,-0.46,110.4
00:17:37,13602.5,98.0,-12.0,1994,15.45,7.59,109.2,107.6,115.9,108.5,676.2,672.6,691.1,674.5,62.7,55.6,-0.12,1.68,110.4
00:17:38,13616.3,97.6,-11.9,1997,15.48,7.67,109.3,107.5,116.8,109.0,675.9,673.8,689.3,675.4,62.3,56.1,0.01,-0.48,111.5
00:17:39,13620.9,98.4,-11.9,1993,15.4,7.62,109.6,107.7,116.3,108.9,676.8,673.0,688.8,675.8,61.8,56.0,-0.02,-0.93,111.6
00:17:40,13613.7,97.4,-12.3,1990,15.33,7.6,109.2,107.2,115.9,108.4,676.1,671.8,690.9,676.6,61.8,55.8,0.06,-1.94,110.5
00:17:41,13622.3,98.5,-12.1,1986,15.41,7.59,109.8,106.9,116.1,108.8,676.8,672.2,687.9,673.5,62.2,55.7,0.26,-1.68,111.5
00:17:42,13617.2,97.0,-11.6,1992,15.4,7.71,109.7,106.9,115.7,108.9,676.6,671.5,689.0,676.6,61.7,55.7,-0.09,-0.44,111.6
00:17:43,13614.5,97.9,-12.2,1989,15.34,7.57,109.2,107.8,115.8,108.6,677.0,673.1,690.6,676.1,62.5,55.8,0.26,0.5,111.3
00:17:44,13611.6,97.9,-12.2,1992,15.37,7.55,109.9,107.5,116.0,108.2,676.4,670.2,688.8,673.2,62.3,55.3,0.21,-1.61,110.5
00:17:45,13615.1,98.1,-12.2,1988,15.37,7.7,109.8,107.3,115.9,108.3,679.4,670.7,688.9,673.5,61.6,55.5,-0.04,-1.08,110.6
00:17:46,13630.8,98.2,-11.8,1991,15.39,7.62,108.9,107.5,116.1,108.4,676.7,672.2,689.9,674.7,62.3,55.4,-0.07,1.9,112.4
00:17:47,13628.0,97.8,-11.6,1986,15.45,7.64,109.2,106.9,116.2,108.8,677.2,672.1,691.1,672.9,62.1,55.1,-0.14,-1.54,110.7
00:17:48,13626.5,97.9,-11.7,1997,15.42,7.64,108.8,106.9,116.0,108.6,677.1,671.5,691.5,675.7,61.7,55.2,0.01,-0.19,111.2
00:17:49,13631.7,97.1,-11.9,1988,15.37,7.58,108.8,107.0,116.1,108.1,676.8,673.7,691.7,672.8,62.3,56.0,-0.28,0.58,111.4
00:17:50,13626.0,98.3,-12.1,1996,15.41,7.55,109.3,107.6,115.6,107.8,677.5,673.1,689.8,676.1,62.2,55.5,0.11,-0.17,111.2
00:17:51,13634.9,98.1,-12.4,1990,15.38,7.67,109.4,107.4,115.7,107.8,678.2,672.3,688.5,676.7,62.5,55.4,0.17,-0.95,110.5
00:17:52,13637.8,97.6,-12.1,1986,15.4,7.52,109.0,106.9,116.2,108.4,675.8,673.1,689.3,673.4,62.4,55.0,0.04,0.58,111.1
00:17:53,13635.6,98.2,-12.3,1997,15.38,7.6,109.1,107.0,116.0,107.7,679.3,669.9,689.4,674.5,61.8,55.3,-0.06,-1.68,112.1
00:17:54,13634.8,97.3,-12.2,1990,15.32,7.68,108.7,106.6,116.0,107.8,675.8,673.0,687.8,674.0,62.2,55.5,-0.04,0.19,110.8
00:17:55,13638.3,98.0,-11.7,1985,15.33,7.63,109.4,107.1,115.8,107.6,676.6,672.8,689.1,673.0,61.9,55.9,0.29,-1.94,111.2
00:17:56,13630.8,98.2,-12.0,1997,15.36,7.6,108.7,106.8,116.3,108.4,676.6,671.8,690.0,674.5,62.2,55.8,-0.04,-1.58,111.8
00:17:57,13636.8,97.9,-11.9,1997,15.38,7.66,108.6,106.5,115.4,108.0,678.7,671.9,690.3,672.7,62.6,55.3,0.03,-0.72,110.9
00:17:58,13638.7,97.6,-12.0,1988,15.39,7.57,108.5,106.9,115.9,108.1,678.8,670.8,689.4,675.2,62.5,55.8,-0.19,-0.29,111.6
00:17:59,13636.3,97.7,-11.7,1987,15.4,7.62,109.3,107.2,115.6,107.5,677.8,672.4,687.8,674.7,62.0,55.5,0.03,1.36,112.4
00:18:00,13645.3,97.6,-12.0,1993,15.38,7.71,108.9,107.2,116.0,108.2,675.9,670.6,688.6,672.8,61.8,55.1,-0.12,1.72,111.0
00:18:01,13648.9,97.1,-11.9,1996,15.35,7.68,108.5,106.8,115.3,107.5,678.0,672.3,690.2,672.7,62.7,55.2,0.19,1.08,111.5
00:18:02,13640.1,98.3,-12.1,1991,15.36,7.6,109.1,106.8,116.1,107.7,676.4,669.9,688.1,674.1,62.0,55.0,0.17,1.99,111.1
00:18:03,13644.5,97.8,-11.8,1984,15.42,7.65,108.4,106.4,115.8,107.8,678.2,670.1,691.3,673.6,62.1,55.1,-0.06,-1.35,110.8
00:18:04,13647.3,97.9,-12.0,1994,15.4,7.65,108.9,106.8,115.1,108.2,676.2,672.9,690.4,676.0,62.3,55.6,0.09,-0.72,112.5
00:18:05,13643.6,97.9,-11.7,1994,15.35,7.7,108.4,106.8,115.5,107.7,678.4,673.0,691.6,674.2,62.3,54.9,0.2,0.9,111.9
00:18:06,13650.3,98.0,-11.8,1995,15.41,7.55,108.9,106.3,115.6,108.2,678.0,669.7,689.4,674.0,61.6,55.6,-0.14,0.78,111.6
00:18:07,13664.0,98.4,-11.9,1986,15.29,7.63,108.5,106.4,115.2,107.9,676.5,672.6,690.0,673.3,62.0,55.0,0.16,1.59,112.1
00:18:08,13651.4,97.3,-12.1,1990,15.31,7.52,108.9,106.5,115.5,108.0,678.5,672.6,688.9,674.4,61.9,54.9,0.29,-1.11,112.6
00:18:09,13649.9,97.9,-11.8,1993,15.29,7.6,108.9,106.5,115.8,107.8,678.7,670.8,691.0,674.2,62.4,54.9,0.11,-0.71,110.8
00:18:10,13654.2,97.5,-12.0,1992,15.4,7.63,108.8,106.4,115.6,107.1,679.3,672.5,687.9,673.6,62.5,54.7,0.24,-0.09,110.7
00:18:11,13664.2,97.2,-11.8,1992,15.3,7.66,108.5,106.4,115.1,107.5,676.1,670.9,688.2,675.7,61.5,55.6,0.08,1.08,111.5
00:18:12,13663.4,97.7,-12.2,1994,15.33,7.5,108.5,106.0,115.8,107.5,675.9,669.9,687.9,672.7,61.9,55.6,0.11,0.21,110.7
00:18:13,13670.1,97.2,-12.1,1983,15.27,7.6,108.4,106.5,115.8,107.1,675.7,672.2,691.6,674.5,61.8,55.4,0.17,-0.36,112.6
00:18:14,13672.3,98.2,-12.0,1988,15.3,7.52,108.0,106.4,115.3,107.8,679.0,670.2,690.7,675.1,62.6,54.7,0.19,-0.66,112.6
00:18:15,13670.5,97.3,-11.8,1985,15.32,7.61,108.7,106.7,115.6,107.9,675.9,672.7,689.8,674.0,61.8,54.9,-0.02,0.18,112.2
00:18:16,13674.5,97.8,-11.9,1985,15.32,7.64,108.1,106.4,115.1,107.0,677.8,669.7,689.8,675.8,61.8,54.8,-0.16,-1.67,111.2
00:18:17,13666.4,98.3,-12.3,1988,15.36,7.6,108.4,106.1,115.0,107.4,677.1,671.6,690.8,673.2,61.6,54.7,0.22,-0.67,111.4
00:18:18,13679.2,98.3,-11.9,1992,15.28,7.56,108.6,106.1,115.5,107.4,675.9,672.4,690.9,674.9,61.6,54.8,0.02,-1.55,112.3
00:18:19,13666.8,98.3,-12.0,1994,15.26,7.52,108.4,106.3,115.6,107.0,677.9,673.3,691.0,673.5,61.6,54.9,-0.29,-0.04,112.2
00:18:20,13668.9,97.7,-11.8,1982,15.34,7.51,108.0,105.9,115.2,107.6,677.4,672.0,688.9,674.4,62.1,54.5,0.16,-1.39,111.6
00:18:21,13684.7,98.2,-12.2,1994,15.4,7.64,108.4,106.0,115.6,107.0,679.1,670.5,687.8,676.0,61.7,54.8,0.03,-1.21,110.7
00:18:22,13681.5,97.8,-12.3,1981,15.29,7.5,108.4,105.9,115.5,107.3,675.8,670.0,690.1,672.3,62.2,54.5,0.21,1.44,111.9
00:18:23,13686.1,98.2,-11.8,1992,15.34,7.66,108.6,106.1,114.8,106.8,678.6,673.0,690.9,676.2,62.4,55.3,0.27,-1.61,111.9
00:18:24,13687.6,98.5,-12.4,1989,15.4,7.64,108.4,106.4,115.2,107.1,678.1,671.0,688.8,672.9,62.0,55.3,-0.18,1.16,111.8
00:18:25,13685.7,97.7,-12.2,1990,15.29,7.6,107.7,105.9,115.1,107.4,676.4,669.8,690.3,674.2,62.1,55.2,0.18,-0.78,112.7
00:18:26,13687.0,98.7,-12.4,1987,15.28,7.68,108.3,105.7,115.1,107.2,677.1,672.8,687.8,672.8,62.5,55.3,-0.22,-0.17,111.2
00:18:27,13677.6,98.7,-11.9,1985,15.35,7.55,108.3,105.5,115.1,106.8,677.4,671.6,687.9,676.2,61.6,54.6,0.09,-1.7,112.6
00:18:28,13685.7,97.6,-11.7,1983,15.27,7.66,108.3,105.5,114.8,107.1,678.2,671.0,690.8,674.2,62.5,54.5,-0.05,0.22,111.3
00:18:29,13683.4,98.7,-12.5,1994,15.37,7.57,108.1,105.6,114.6,107.4,678.9,671.9,689.7,675.1,61.7,54.4,0.18,1.12,112.2
00:18:30,13681.4,98.6,-11.8,1992,15.38,7.52,107.7,106.2,115.4,107.1,678.3,671.6,687.9,675.7,62.6,54.6,0.28,0.9,112.2
00:18:31,13685.4,98.1,-12.4,1990,15.29,7.57,107.7,105.5,114.7,107.2,676.1,671.6,688.2,673.1,62.3,54.9,-0.1,-0.94,110.8
00:18:32,13701.6,97.9,-11.8,1980,15.29,7.66,107.5,106.3,115.3,106.7,677.1,671.1,688.0,675.2,62.0,54.5,0.04,1.09,112.0
00:18:33,13692.9,97.3,-12.4,1987,15.34,7.63,107.4,106.2,115.2,107.0,679.0,670.3,691.4,675.5,61.8,54.6,0.07,-1.27,112.5
00:18:34,13699.8,98.3,-12.4,1992,15.38,7.65,107.6,106.2,114.7,107.0,678.7,670.0,690.0,674.7,62.4,54.8,-0.16,-0.82,111.8
00:18:35,13695.3,97.8,-11.8,1984,15.32,7.5,107.5,106.0,115.0,106.6,675.6,672.9,687.7,672.7,61.8,55.1,0.13,-0.92,112.2
00:18:36,13703.5,97.4,-11.8,1982,15.23,7.51,107.6,106.1,114.5,106.9,678.7,672.0,691.3,675.3,61.8,55.1,0.14,-0.2,110.9
00:18:37,13700.2,98.0,-12.2,1990,15.38,7.53,107.9,105.8,114.3,106.4,677.8,669.5,691.5,674.4,61.7,55.1,-0.12,1.99,110.9
00:18:38,13693.0,97.5,-12.2,1986,15.25,7.65,107.7,105.4,114.3,106.9,677.0,671.2,691.4,674.2,62.6,54.3,0.27,1.18,112.6
00:18:39,13703.7,97.3,-12.1,1989,15.35,7.59,107.3,106.1,114.7,106.5,675.7,671.2,691.3,673.1,61.6,55.2,-0.19,1.67,111.4
00:18:40,13703.9,97.6,-11.9,1990,15.33,7.53,107.3,105.5,114.7,106.5,678.9,672.5,691.5,675.7,62.6,54.4,0.13,-1.7,111.0
00:18:41,13701.3,98.8,-12.0,1982,15.26,7.51,108.2,105.9,114.5,106.7,676.5,672.2,689.0,672.7,62.3,55.2,-0.21,1.04,112.2
00:18:42,13705.8,97.6,-12.0,1991,15.25,7.59,108.0,105.7,114.2,106.3,675.7,672.3,689.8,673.9,62.6,54.7,-0.25,0.01,112.1
00:18:43,13711.7,98.7,-12.2,1985,15.32,7.55,107.2,105.5,115.1,106.6,675.2,671.5,687.7,673.0,61.6,54.3,0.11,1.71,112.0
00:18:44,13713.0,98.6,-12.4,1985,15.29,7.65,107.9,105.6,115.0,106.5,675.4,671.7,691.3,674.0,62.0,55.2,-0.2,0.46,112.5
00:18:45,13715.6,97.7,-12.1,1986,15.29,7.52,107.1,105.5,114.4,107.0,675.1,669.1,687.6,673.9,62.3,54.5,0.02,0.93,111.4
00:18:46,13720.1,98.3,-12.2,1987,15.22,7.56,107.2,105.1,114.3,106.4,678.0,671.4,689.0,673.9,62.4,54.4,-0.28,0.26,111.1
00:18:47,13712.7,98.0,-12.1,1985,15.31,7.64,107.9,105.1,114.4,106.7,676.2,670.0,689.4,675.8,62.1,54.7,0.0,-0.35,112.2
00:18:48,13707.4,97.4,-11.8,1986,15.36,7.64,107.2,105.6,114.8,106.3,676.8,671.1,690.0,674.2,61.8,55.1,-0.14,1.11,112.2
00:18:49,13725.9,97.9,-12.0,1979,15.21,7.53,107.5,105.5,115.0,106.7,675.6,670.7,691.3,672.2,62.5,54.4,-0.22,-0.98,111.1
00:18:50,13720.1,97.5,-12.2,1985,15.25,7.54,107.5,105.4,114.0,106.4,675.2,672.3,689.3,675.4,62.3,54.6,0.06,-0.31,112.6
00:18:51,13713.8,98.2,-12.1,1982,15.24,7.57,107.2,105.1,114.0,106.6,676.0,669.1,690.5,675.6,61.4,54.8,0.09,-0.75,112.4
00:18:52,13729.3,98.1,-12.0,1986,15.36,7.61,107.0,104.9,114.3,106.7,675.5,670.0,689.3,672.5,62.5,54.6,-0.17,1.83,111.9
00:18:53,13729.1,98.4,-12.5,1988,15.3,7.64,107.9,105.6,114.9,106.6,677.7,670.5,691.4,674.3,62.2,54.1,0.12,-1.13,111.1
00:18:54,13727.5,98.5,-12.2,1989,15.22,7.63,107.0,105.0,114.0,106.2,676.5,671.6,688.4,675.0,62.2,54.4,-0.22,-0.01,112.6
00:18:55,13732.0,98.1,-12.2,1981,15.24,7.6,107.8,104.8,114.5,106.8,676.9,672.8,688.0,672.5,62.5,54.5,0.13,0.08,111.4
00:18:56,13720.8,97.9,-12.2,1978,15.32,7.57,107.8,105.1,114.7,106.7,678.1,671.0,687.7,673.0,62.2,54.6,0.01,-0.86,111.8
00:18:57,13723.2,98.1,-12.2,1982,15.34,7.46,107.4,105.1,114.1,106.5,678.4,672.3,689.4,674.3,62.1,55.0,0.24,-1.97,112.8
00:18:58,13722.9,97.8,-11.8,1986,15.34,7.61,107.7,105.4,114.8,106.5,675.8,671.0,690.7,675.4,62.4,54.7,-0.2,0.05,111.1
00:18:59,13726.6,98.8,-12.1,1979,15.35,7.59,106.9,105.5,114.0,105.9,678.6,672.1,689.7,672.9,61.5,54.2,-0.02,0.03,112.8
00:19:00,13739.4,98.9,-12.1,1978,15.34,7.47,106.7,104.8,114.2,106.3,676.3,671.6,687.9,675.8,61.8,54.4,-0.19,-0.25,112.0
00:19:01,13731.3,97.6,-12.3,1989,15.22,7.57,107.3,105.4,114.5,106.2,678.6,672.6,690.0,675.7,61.5,54.1,0.05,0.57,112.9
00:19:02,13741.7,98.4,-12.5,1989,15.25,7.63,106.7,105.2,114.6,106.5,675.2,669.1,689.0,675.3,61.5,54.6,-0.17,1.13,111.5
00:19:03,13744.7,98.3,-12.4,1985,15.32,7.6,107.0,104.6,114.3,106.4,675.8,671.3,691.3,671.9,61.9,54.2,0.29,0.2,111.9
00:19:04,13741.0,98.1,-12.0,1988,15.2,7.55,107.1,105.4,114.0,105.7,675.4,672.7,691.2,673.1,61.5,54.2,-0.1,-0.64,111.8
00:19:05,13748.2,98.5,-11.9,1989,15.26,7.64,106.6,104.5,114.3,106.0,676.7,669.9,689.0,673.8,61.8,54.7,-0.25,-0.51,111.0
00:19:06,13736.7,98.5,-12.5,1982,15.28,7.53,107.2,105.4,114.2,106.1,676.0,670.4,689.6,672.0,62.1,54.9,0.29,1.06,112.8
00:19:07,13749.5,98.6,-11.9,1977,15.24,7.64,107.0,104.4,114.6,105.6,676.6,671.3,690.7,674.9,62.0,54.8,-0.07,-1.33,112.8
00:19:08,13740.6,98.2,-12.2,1987,15.27,7.58,107.2,104.8,114.3,105.7,678.2,670.8,688.0,675.1,62.5,54.5,-0.27,-1.51,111.9
00:19:09,13754.4,98.3,-12.0,1985,15.32,7.5,107.3,105.0,113.9,106.0,677.1,672.2,689.3,672.0,62.5,54.1,-0.28,-1.35,112.2
00:19:10,13742.2,98.4,-12.5,1976,15.25,7.63,106.7,105.1,113.9,105.5,677.7,672.2,689.9,673.6,62.1,54.5,-0.26,-0.36,112.5
00:19:11,13751.8,97.5,-12.6,1982,15.26,7.44,106.6,105.2,114.1,106.0,674.8,669.4,691.1,672.6,61.5,54.8,0.27,0.11,112.5
00:19:12,13756.7,97.9,-11.9,1979,15.27,7.48,107.2,104.7,113.8,105.5,676.3,669.9,688.0,674.9,61.8,54.6,-0.24,-0.61,112.1
00:19:13,13748.7,98.3,-12.5,1988,15.23,7.56,107.0,104.9,113.8,105.6,676.9,670.5,689.9,674.0,62.1,54.2,0.11,1.31,111.8
00:19:14,13754.3,97.9,-12.0,1983,15.32,7.58,107.0,105.0,114.5,106.0,678.1,670.3,691.1,671.8,62.0,54.3,-0.19,0.14,111.4
00:19:15,13760.2,98.9,-11.9,1976,15.27,7.49,107.0,104.6,114.1,105.4,678.6,670.2,688.1,674.7,62.4,54.3,-0.17,-0.57,111.8
00:19:16,13758.7,98.9,-12.3,1989,15.26,7.51,107.1,105.1,114.2,106.0,678.5,669.7,688.5,673.3,62.6,54.4,0.28,0.44,111.2
00:19:17,13755.5,98.7,-12.4,1981,15.33,7.48,106.8,104.9,113.9,106.3,677.8,670.3,689.5,675.5,61.8,53.9,-0.1,-0.72,111.0
00:19:18,13766.8,98.8,-12.0,1982,15.31,7.58,107.1,105.1,114.4,105.9,674.8,669.4,688.2,673.3,61.5,54.5,0.29,-0.3,111.3
00:19:19,13754.0,98.3,-12.6,1977,15.3,7.51,107.1,104.5,113.5,105.2,676.5,671.1,687.4,671.8,61.8,54.3,0.07,0.65,111.3
00:19:20,13754.8,98.0,-12.3,1985,15.28,7.51,107.1,104.9,114.3,105.4,675.3,672.0,688.2,672.5,61.8,54.1,-0.08,-0.37,111.9
00:19:21,13757.8,97.6,-12.6,1978,15.24,7.45,107.1,104.2,114.0,105.5,677.1,669.1,690.5,673.4,62.0,53.9,-0.11,-0.31,111.2
00:19:22,13755.2,97.9,-12.1,1984,15.32,7.5,106.8,104.2,114.1,105.6,677.3,668.9,688.0,672.2,62.0,54.6,-0.01,0.29,111.4
00:19:23,13766.1,98.2,-12.2,1975,15.28,7.52,106.9,104.7,114.2,105.9,676.2,671.1,690.9,674.2,61.6,54.5,-0.05,1.26,112.3
00:19:24,13760.7,97.8,-12.5,1984,15.24,7.55,106.9,104.6,113.7,105.4,678.5,669.9,689.5,672.5,61.7,54.6,-0.22,-0.96,111.4
00:19:25,13776.2,98.9,-12.2,1987,15.21,7.59,107.1,104.5,113.5,105.5,677.0,669.3,687.5,672.3,62.0,54.4,0.01,-0.63,112.9
00:19:26,13762.0,98.9,-12.6,1985,15.22,7.57,106.3,104.2,113.5,105.2,678.6,669.8,690.1,673.6,62.4,54.5,-0.04,-1.64,111.5
00:19:27,13776.9,98.1,-12.1,1981,15.16,7.62,106.6,104.0,113.6,106.0,676.5,669.0,687.9,675.3,61.9,54.1,-0.25,-1.78,111.4
00:19:28,13775.6,98.3,-11.9,1985,15.21,7.52,106.9,104.4,113.4,105.6,675.5,671.3,688.0,673.0,61.4,53.9,-0.15,0.41,113.1
00:19:29,13767.8,98.1,-12.7,1974,15.21,7.44,106.1,104.4,113.6,105.2,677.0,668.8,688.5,672.5,61.8,54.0,0.06,-1.62,112.2
00:19:30,13778.9,98.1,-12.0,1975,15.24,7.44,106.7,104.4,113.3,105.2,676.2,671.3,690.1,674.1,61.7,53.8,-0.03,0.48,111.3
00:19:31,13776.9,98.6,-11.9,1982,15.24,7.57,106.7,104.4,114.1,105.4,675.4,671.5,688.3,675.0,62.3,54.2,0.18,0.67,111.6
00:19:32,13774.0,99.1,-12.4,1978,15.23,7.48,106.9,104.2,113.5,105.6,676.1,669.3,689.7,675.0,62.2,53.9,-0.11,-0.21,112.7
00:19:33,13771.8,98.5,-12.5,1980,15.24,7.52,106.0,104.3,113.5,105.3,676.3,669.6,691.0,673.3,61.5,54.4,-0.18,0.06,112.5
00:19:34,13785.8,99.0,-12.6,1979,15.3,7.6,106.2,104.1,113.9,105.7,678.2,670.6,688.7,671.7,61.7,54.5,0.23,0.38,111.5
00:19:35,13775.7,99.1,-12.2,1982,15.18,7.46,106.4,104.1,113.7,105.0,677.4,670.1,691.2,674.3,61.9,54.3,-0.17,-1.82,112.5
00:19:36,13791.6,97.6,-11.9,1975,15.18,7.47,106.2,104.0,114.0,105.8,675.0,669.0,690.0,673.9,62.5,54.2,0.01,-1.4,112.2
00:19:37,13776.5,97.9,-12.4,1974,15.22,7.57,106.4,104.4,113.6,105.3,677.7,671.0,689.9,674.4,62.4,53.8,0.2,1.35,112.5
00:19:38,13778.0,98.4,-12.2,1987,15.22,7.54,106.3,103.8,113.8,105.3,676.8,669.4,690.9,673.1,62.0,53.8,-0.12,-1.8,111.4
00:19:39,13795.6,98.8,-12.1,1982,15.27,7.52,106.6,104.6,113.8,104.9,678.2,669.6,688.6,673.8,61.4,54.3,0.14,-0.14,111.8
00:19:40,13792.8,98.4,-12.1,1983,15.21,7.45,106.6,104.5,113.6,105.7,676.4,669.9,688.8,673.3,61.5,53.9,-0.29,0.66,112.6
00:19:41,13792.1,98.6,-12.7,1981,15.28,7.42,105.8,104.3,113.7,104.9,677.3,669.2,689.6,673.7,61.4,54.2,-0.14,-0.01,111.8
00:19:42,13789.0,97.6,-12.5,1985,15.16,7.6,106.2,104.3,113.7,105.0,676.7,669.2,687.4,672.2,61.5,54.2,-0.23,0.7,112.8
00:19:43,13799.5,98.9,-12.1,1983,15.29,7.57,106.3,104.2,113.4,105.0,675.3,672.2,691.1,675.4,62.5,54.3,-0.14,1.84,112.0
00:19:44,13791.9,98.7,-12.2,1987,15.28,7.6,106.4,103.8,113.5,105.2,678.0,671.4,688.2,674.9,61.4,54.4,0.01,0.1,111.3
00:19:45,13787.2,98.1,-12.0,1986,15.17,7.42,106.2,104.1,113.4,105.1,674.6,670.7,688.3,674.3,61.8,53.8,-0.28,-1.13,112.4
00:19:46,13791.1,98.1,-12.1,1977,15.18,7.56,106.2,103.9,113.2,105.3,674.5,669.5,690.6,672.8,62.3,53.8,-0.11,-0.32,111.3
00:19:47,13794.1,97.9,-12.1,1977,15.15,7.52,106.4,104.0,113.9,105.0,675.7,671.4,690.9,673.0,61.4,53.9,-0.05,0.29,112.3
00:19:48,13792.3,97.9,-12.7,1986,15.17,7.58,106.5,104.2,113.6,105.4,677.6,671.4,690.5,673.1,62.1,54.4,-0.24,-0.75,111.8
00:19:49,13805.4,98.8,-12.3,1984,15.28,7.5,105.9,104.0,113.7,105.1,677.8,669.6,689.9,673.0,61.4,53.7,-0.17,-1.13,112.4
00:19:50,13792.7,98.3,-12.2,1979,15.14,7.6,106.1,104.0,113.1,104.9,676.9,668.5,689.1,672.9,62.4,54.0,0.01,-1.91,111.8
00:19:51,13802.9,98.8,-12.3,1975,15.13,7.46,105.6,103.8,113.5,104.9,677.5,670.1,689.7,674.3,62.3,53.9,-0.01,1.24,113.1
00:19:52,13795.8,97.7,-12.3,1982,15.25,7.57,105.6,103.6,113.0,105.2,677.6,669.1,687.8,671.6,62.4,53.8,-0.08,-0.79,111.9
00:19:53,13797.8,98.7,-12.6,1975,15.2,7.45,106.0,103.8,113.2,104.7,674.6,672.3,690.8,674.5,61.8,54.1,0.28,-1.32,112.0
00:19:54,13805.0,98.2,-12.4,1983,15.29,7.44,106.1,103.4,113.0,105.0,676.6,672.2,687.9,673.9,62.2,53.7,0.03,-1.21,111.4
00:19:55,13804.1,98.2,-12.6,1985,15.22,7.54,105.5,103.4,113.3,105.3,675.9,670.2,689.6,674.5,62.2,54.0,0.11,0.73,111.9
00:19:56,13815.5,98.0,-12.4,1974,15.21,7.58,105.5,103.5,112.9,105.2,674.4,672.1,688.8,673.3,61.8,53.8,0.1,-0.24,111.6
00:19:57,13816.6,98.1,-12.4,1985,15.22,7.49,105.7,103.3,112.9,105.3,674.4,668.5,689.9,674.8,62.1,53.9,0.15,-1.1,111.5
00:19:58,13817.2,98.2,-12.5,1983,15.16,7.45,106.1,103.5,113.3,104.8,674.8,669.3,688.5,674.8,62.2,53.7,0.26,1.51,113.0
00:19:59,13813.5,98.2,-12.3,1983,15.26,7.56,105.4,103.6,113.6,105.1,677.1,671.2,690.7,672.8,61.8,54.1,-0.17,-1.47,112.3
00:20:00,13812.1,97.9,-12.1,1981,15.16,7.56,105.6,103.8,113.2,105.2,677.9,670.8,691.2,671.5,61.5,54.2,0.05,1.07,111.4
00:20:01,13817.7,98.4,-12.0,1975,15.27,7.49,105.8,104.2,113.2,105.2,675.2,671.8,690.1,671.8,61.8,54.1,0.14,0.06,113.2
00:20:02,13823.8,98.2,-12.8,1972,15.2,7.49,105.4,103.7,113.3,105.1,675.2,668.9,687.9,675.1,62.2,54.0,-0.18,-1.75,112.0
00:20:03,13819.1,98.5,-12.6,1979,15.24,7.52,106.2,103.3,113.0,104.9,676.4,672.2,689.1,672.2,61.8,53.9,0.11,1.37,111.6
00:20:04,13813.4,97.8,-12.6,1975,15.22,7.41,105.4,103.3,113.5,104.9,675.5,671.8,687.4,675.0,62.2,54.3,-0.29,1.48,112.4
00:20:05,13815.7,98.7,-12.0,1979,15.12,7.41,106.1,103.2,112.7,104.3,678.3,671.3,689.7,671.5,61.9,53.9,-0.16,-1.42,113.1
00:20:06,13825.9,99.3,-12.3,1982,15.27,7.49,105.7,103.4,112.9,104.7,678.0,670.3,688.3,672.2,61.4,54.0,-0.3,1.93,111.7
00:20:07,13831.3,98.6,-12.5,1976,15.19,7.53,105.9,103.9,113.6,104.4,675.2,670.2,688.1,673.2,62.0,53.7,0.1,-0.87,112.7
00:20:08,13831.8,98.4,-12.4,1979,15.14,7.47,105.9,104.0,113.3,104.6,677.5,671.5,691.1,674.7,62.2,53.7,0.18,-0.88,112.7
00:20:09,13831.9,98.1,-12.2,1980,15.23,7.44,105.8,103.4,112.7,104.7,677.5,668.7,688.5,672.2,62.1,53.8,-0.23,-1.2,113.1
00:20:10,13826.8,98.0,-12.5,1976,15.16,7.4,105.7,103.7,113.6,104.8,674.9,669.2,689.9,673.9,62.4,54.2,-0.01,-0.97,112.3
00:20:11,13824.2,99.0,-12.0,1979,15.23,7.45,106.0,103.7,113.4,105.1,676.2,668.3,689.8,674.3,61.6,53.6,0.06,0.37,111.3
00:20:12,13826.9,98.8,-12.0,1976,15.23,7.44,105.3,103.1,112.8,104.3,674.2,671.7,688.2,674.7,62.5,53.7,0.06,-0.42,111.5
00:20:13,13827.2,97.9,-12.8,1981,15.22,7.49,105.4,103.2,113.0,104.9,677.6,669.4,690.2,673.5,62.0,53.7,0.07,1.48,111.4
00:20:14,13827.4,98.8,-12.1,1980,15.26,7.57,105.4,103.3,113.0,104.2,676.2,672.1,689.0,675.1,61.6,53.9,-0.18,0.69,112.0
00:20:15,13832.0,99.1,-12.8,1971,15.12,7.45,105.4,103.8,112.7,104.8,675.8,671.5,687.7,672.9,61.4,54.3,-0.07,-0.69,112.1
00:20:16,13833.8,98.8,-12.3,1984,15.14,7.42,106.0,103.4,112.9,104.2,675.1,671.0,689.0,672.8,61.6,53.6,0.26,-0.24,112.0
00:20:17,13828.6,97.9,-12.0,1974,15.18,7.44,105.2,103.6,112.9,104.3,676.0,668.3,690.4,673.2,61.8,53.4,0.27,-0.37,113.1
00:20:18,13834.4,98.2,-12.7,1979,15.15,7.46,105.5,103.1,113.2,104.9,674.9,670.4,687.6,673.3,61.3,53.4,0.11,-0.53,111.9
00:20:19,13834.2,97.9,-12.6,1981,15.18,7.59,105.0,103.1,113.0,104.1,676.1,670.1,687.9,672.6,61.3,54.0,-0.18,-1.87,113.0
00:20:20,13836.7,99.3,-12.3,1981,15.23,7.49,105.8,103.5,113.0,104.8,675.5,672.1,687.7,671.5,62.5,53.7,0.15,-1.23,113.1
00:20:21,13840.9,98.5,-12.8,1973,15.23,7.59,105.2,102.9,113.2,104.9,675.0,671.5,688.2,671.2,61.4,54.2,-0.04,0.29,112.0
00:20:22,13834.0,98.1,-12.3,1982,15.18,7.4,105.8,103.7,112.8,104.3,677.8,671.1,688.4,672.5,62.1,54.1,0.19,1.22,112.7
00:20:23,13850.9,98.9,-12.7,1983,15.21,7.46,105.8,102.9,112.6,104.1,677.7,670.2,691.3,674.4,62.1,54.1,-0.14,-0.47,113.1
00:20:24,13848.1,98.7,-12.7,1984,15.21,7.5,105.5,103.3,113.2,103.9,674.8,670.3,688.1,672.4,62.2,54.1,0.3,-1.27,111.5
00:20:25,13838.0,97.8,-12.6,1977,15.16,7.41,105.6,103.2,113.1,104.1,677.3,669.3,688.4,674.2,61.8,54.2,-0.01,-0.32,113.3
00:20:26,13851.1,98.4,-12.2,1979,15.23,7.41,105.6,103.4,112.5,104.3,677.3,669.4,687.4,673.4,61.5,54.0,0.24,-1.9,113.1
00:20:27,13846.9,98.8,-12.2,1980,15.1,7.47,105.0,103.1,113.3,104.7,676.3,671.3,688.6,673.3,61.9,53.7,-0.24,0.5,112.9
00:20:28,13851.1,98.0,-12.1,1982,15.22,7.46,105.0,103.3,113.0,103.9,674.6,671.7,690.8,671.5,61.9,53.4,0.27,1.07,112.2
00:20:29,13842.0,99.1,-12.2,1978,15.16,7.45,105.8,103.4,112.6,104.4,674.3,671.0,690.3,672.3,62.3,54.0,-0.09,1.56,112.3
00:20:30,13860.3,99.2,-12.3,1977,15.12,7.54,105.3,102.8,112.4,104.3,677.6,668.3,688.9,673.7,61.4,53.9,-0.12,-1.65,111.9
00:20:31,13848.8,98.4,-12.5,1983,15.24,7.46,105.2,103.4,113.2,104.4,674.9,670.8,689.9,673.2,62.4,53.7,-0.04,-0.6,112.2
00:20:32,13846.0,98.1,-12.8,1973,15.14,7.41,105.7,103.1,112.4,104.5,676.7,669.1,689.1,672.7,61.5,53.6,0.03,0.98,112.2
00:20:33,13858.9,98.4,-12.5,1972,15.14,7.49,105.7,103.5,112.4,104.6,676.9,668.8,688.6,671.1,62.5,54.2,0.13,1.94,112.7
00:20:34,13851.9,98.1,-12.4,1980,15.2,7.41,105.7,102.7,113.2,104.1,678.1,671.1,690.8,673.6,61.6,53.7,-0.02,0.9,113.4
00:20:35,13864.8,98.6,-12.7,1973,15.11,7.5,104.8,103.6,112.4,103.7,677.7,668.3,691.2,672.6,62.1,53.9,0.21,0.35,112.3
00:20:36,13863.1,97.9,-12.3,1973,15.15,7.46,104.9,103.0,112.4,104.2,677.8,668.1,690.3,673.0,61.6,53.4,-0.13,-1.18,111.8
00:20:37,13852.8,98.1,-12.0,1978,15.19,7.43,105.6,103.4,113.0,103.8,676.4,668.9,691.3,672.8,61.8,53.9,-0.0,0.9,112.7
00:20:38,13859.2,98.6,-12.7,1976,15.16,7.44,105.4,103.3,112.9,104.4,677.5,669.5,690.8,671.1,62.3,53.6,-0.18,1.47,112.1
00:20:39,13866.0,98.5,-12.8,1974,15.21,7.58,105.4,102.7,112.3,103.8,675.3,670.9,691.0,671.3,62.2,54.1,0.21,0.64,112.3
00:20:40,13861.2,98.7,-12.8,1972,15.15,7.46,104.7,103.0,113.0,103.8,675.9,669.3,690.5,673.3,61.9,53.5,-0.22,-0.62,112.8
00:20:41,13868.6,98.0,-12.8,1970,15.21,7.46,105.1,102.7,112.9,103.8,675.4,669.5,690.7,671.6,61.4,53.3,0.07,-0.06,113.1
00:20:42,13874.2,97.9,-12.4,1977,15.17,7.51,105.0,102.8,112.3,104.0,675.0,670.1,687.5,674.1,61.4,53.9,0.0,0.65,112.4
00:20:43,13871.3,98.2,-12.1,1977,15.15,7.51,105.0,102.9,113.2,103.8,675.4,671.0,690.2,674.9,61.4,53.8,0.28,1.79,113.4
00:20:44,13867.8,98.3,-12.3,1978,15.17,7.44,105.1,102.5,113.1,104.3,675.9,671.5,689.6,672.1,61.8,53.8,0.18,-0.9,113.4
00:20:45,13870.3,98.2,-12.5,1973,15.13,7.48,105.1,102.6,112.7,104.1,674.4,668.4,688.2,671.8,61.6,53.3,0.13,-1.22,111.7
00:20:46,13863.8,98.1,-12.6,1980,15.17,7.5,105.1,102.9,112.6,104.5,674.9,668.5,690.4,672.3,62.3,53.8,-0.22,-0.14,111.8
00:20:47,13864.3,99.1,-12.3,1974,15.13,7.56,104.6,102.9,112.3,103.9,676.8,671.1,687.8,674.9,61.6,53.6,-0.11,1.4,113.4
00:20:48,13871.5,98.2,-12.1,1975,15.09,7.47,104.9,102.7,112.4,103.8,677.9,668.2,691.3,671.5,62.4,53.7,0.24,1.11,113.2
00:20:49,13869.1,98.7,-12.5,1979,15.11,7.43,105.0,102.4,112.4,104.5,677.3,671.6,689.5,673.8,62.2,53.4,0.2,1.92,113.1
00:20:50,13869.1,99.2,-12.1,1970,15.22,7.4,104.8,102.8,112.7,104.0,676.4,671.6,689.5,673.4,62.3,54.0,0.11,1.08,112.2
00:20:51,13882.6,98.8,-12.5,1974,15.16,7.47,104.5,103.1,112.5,104.2,676.9,668.2,688.1,673.9,61.3,53.8,0.29,1.19,112.6
00:20:52,13873.9,99.4,-12.5,1979,15.17,7.56,105.0,102.9,112.7,103.8,675.4,669.8,690.6,674.0,62.3,53.3,0.01,0.59,112.0
00:20:53,13878.4,99.2,-12.6,1971,15.11,7.42,105.4,102.8,112.3,104.3,675.6,669.2,689.0,671.7,61.6,53.4,-0.23,-1.14,113.4
00:20:54,13877.3,98.1,-12.3,1970,15.14,7.46,104.6,102.8,112.1,104.2,675.8,670.1,689.9,674.0,61.5,53.3,-0.05,-1.42,113.1
00:20:55,13877.1,98.7,-12.7,1979,15.19,7.47,104.5,102.8,112.4,103.4,677.3,671.4,687.6,673.0,61.3,53.3,-0.11,1.88,112.8
00:20:56,13890.8,99.0,-12.3,1981,15.19,7.39,104.8,103.0,112.9,104.3,676.4,670.2,688.7,674.8,62.0,53.8,0.06,-1.77,113.3
00:20:57,13882.5,98.3,-12.8,1977,15.19,7.42,104.9,102.6,113.0,103.3,677.6,669.4,690.4,672.0,62.2,53.4,0.06,1.28,112.9
00:20:58,13887.2,99.1,-12.8,1982,15.19,7.54,104.5,102.7,112.3,103.7,675.9,668.1,688.2,674.1,62.2,53.6,0.14,0.74,112.2
00:20:59,13889.1,98.4,-12.2,1973,15.18,7.43,104.7,102.5,112.6,103.7,677.2,668.9,687.7,674.4,62.4,53.8,0.25,1.95,113.5
00:21:00,13888.7,98.5,-12.6,1975,15.17,7.39,104.8,102.8,112.2,103.6,677.8,670.1,689.5,671.6,62.0,53.9,0.18,1.82,113.1
00:21:01,13890.1,98.4,-12.1,1978,15.11,7.56,104.6,102.4,112.9,104.3,675.8,669.9,690.0,674.1,62.2,53.2,0.25,0.3,112.7
00:21:02,13890.0,98.6,-12.5,1977,15.08,7.57,104.8,102.6,112.7,104.1,677.1,670.5,688.3,671.3,61.5,53.9,0.11,0.3,112.0
00:21:03,13897.7,98.5,-12.6,1977,15.16,7.44,105.2,102.8,113.0,103.6,676.2,670.4,688.2,674.3,61.6,53.9,-0.1,0.82,112.7
00:21:04,13897.7,98.5,-12.6,1975,15.2,7.45,104.9,102.7,112.4,103.6,675.2,670.3,687.6,672.6,62.4,53.9,0.23,0.36,113.4
00:21:05,13885.1,98.8,-12.7,1973,15.14,7.41,104.5,102.3,112.5,103.8,675.5,669.8,687.7,671.2,62.0,53.4,0.03,1.87,112.2
00:21:06,13887.0,98.5,-12.6,1977,15.14,7.43,105.1,102.5,112.8,103.3,676.7,671.8,689.0,673.5,62.4,53.4,-0.08,-0.55,112.6
00:21:07,13898.2,98.8,-12.8,1982,15.09,7.44,105.1,103.0,112.1,103.3,676.1,668.8,690.0,671.3,61.9,53.3,-0.2,-1.06,112.5
00:21:08,13902.9,98.6,-12.8,1980,15.2,7.53,105.0,102.6,112.7,103.8,674.5,670.8,689.8,674.0,61.7,53.7,0.0,1.52,111.6
00:21:09,13904.4,98.3,-12.6,1971,15.17,7.42,105.0,102.8,112.6,103.6,677.6,670.2,688.7,674.5,61.6,53.9,-0.24,-1.72,112.3
00:21:10,13907.2,98.0,-12.3,1973,15.19,7.53,105.0,103.0,112.4,103.8,674.7,670.1,689.6,674.0,61.7,53.9,-0.02,0.68,111.9
00:21:11,13907.6,98.0,-12.3,1969,15.15,7.55,104.4,102.7,112.6,104.0,675.5,670.6,687.5,674.0,61.9,53.6,0.14,1.37,111.7
00:21:12,13906.1,98.0,-12.7,1981,15.09,7.41,105.0,102.4,112.7,103.7,677.8,668.1,687.5,673.9,61.8,53.1,-0.26,1.38,113.1
00:21:13,13901.1,99.5,-12.7,1977,15.15,7.56,104.5,102.6,112.5,103.4,675.9,669.4,691.3,670.9,62.4,53.3,-0.03,-0.08,113.2
00:21:14,13902.9,99.4,-12.4,1969,15.14,7.41,104.9,102.6,112.9,104.0,676.7,670.5,690.5,671.3,62.4,53.6,-0.08,-1.71,112.4
00:21:15,13903.1,98.4,-12.7,1978,15.07,7.38,104.3,102.6,112.5,104.1,674.8,670.9,690.6,672.2,61.6,53.4,0.14,-0.53,112.1
00:21:16,13898.2,99.4,-12.3,1971,15.12,7.48,104.9,102.6,112.8,103.7,677.4,669.3,691.0,673.4,61.5,53.4,-0.03,-0.96,113.3
00:21:17,13912.7,98.4,-12.5,1977,15.17,7.37,104.2,102.6,112.8,103.2,677.2,668.8,688.1,672.4,62.3,53.1,0.23,1.92,111.8
00:21:18,13910.2,98.0,-12.9,1975,15.2,7.47,105.0,102.6,112.6,103.3,676.8,670.3,688.5,671.2,61.6,53.9,-0.23,0.26,112.6
00:21:19,13903.0,98.5,-12.6,1979,15.06,7.37,104.8,102.4,112.4,103.6,674.7,671.4,687.8,673.0,61.3,53.9,0.27,-1.42,113.5
00:21:20,13912.6,98.3,-12.9,1974,15.13,7.44,104.6,102.3,112.1,103.3,675.5,669.2,690.7,673.6,62.4,53.6,0.23,0.53,113.0
00:21:21,13915.9,98.3,-12.4,1982,15.12,7.54,104.4,102.5,112.1,104.0,674.3,670.9,689.2,674.7,61.3,52.9,0.13,1.41,113.1
00:21:22,13907.3,99.3,-12.7,1969,15.2,7.46,104.9,102.5,112.7,103.3,676.0,671.7,689.0,673.8,62.2,53.3,0.26,-0.13,113.4
00:21:23,13905.1,99.2,-12.2,1980,15.07,7.44,104.9,102.6,112.0,103.3,676.8,669.4,688.1,674.6,61.7,53.9,0.03,1.29,113.0
00:21:24,13921.6,98.7,-12.2,1977,15.2,7.54,104.4,102.1,112.7,103.1,675.5,670.3,690.9,671.2,61.9,53.7,0.21,-0.99,113.1
00:21:25,13909.4,98.7,-12.4,1978,15.18,7.44,104.7,102.8,112.5,103.9,675.5,668.0,688.9,671.4,62.2,53.6,0.02,-0.16,113.2
00:21:26,13908.2,98.5,-12.8,1978,15.06,7.56,104.4,102.2,112.4,103.6,676.6,671.6,688.1,674.4,62.3,53.2,-0.08,1.75,112.2
00:21:27,13915.7,98.4,-12.6,1980,15.21,7.41,104.3,102.6,112.5,103.5,674.9,668.3,690.2,674.5,62.2,53.6,-0.2,-0.49,112.7
00:21:28,13917.3,98.1,-12.9,1971,15.1,7.56,104.8,102.6,112.3,103.5,677.7,670.3,691.3,673.0,61.6,53.3,-0.18,1.97,113.0
00:21:29,13913.7,98.5,-12.3,1975,15.12,7.56,104.7,102.7,112.2,103.1,674.2,670.5,689.5,672.2,61.4,53.2,-0.2,-1.26,113.0
00:21:30,13916.1,98.8,-12.3,1970,15.09,7.44,104.2,102.8,112.0,103.7,674.2,671.6,690.9,674.2,61.5,53.8,-0.05,-1.16,112.0
00:21:31,13917.7,99.3,-12.4,1970,15.08,7.55,104.7,102.3,111.9,103.7,676.1,669.6,687.5,674.4,62.0,53.1,-0.17,-1.36,112.9
00:21:32,13920.3,99.0,-12.9,1972,15.12,7.49,104.0,102.3,112.5,103.4,677.2,671.4,690.1,671.0,61.4,53.4,-0.24,0.03,113.3
00:21:33,13922.4,99.5,-12.4,1974,15.1,7.43,104.0,102.3,112.5,103.3,675.6,670.0,689.2,673.7,62.1,53.0,0.1,0.01,111.7
00:21:34,13929.5,98.1,-12.3,1979,15.1,7.36,104.1,101.8,111.9,103.6,674.9,668.9,690.9,672.6,61.5,53.4,-0.15,-0.31,112.2
00:21:35,13924.6,98.0,-12.3,1968,15.07,7.38,104.6,101.8,112.1,103.8,674.7,670.7,687.6,672.7,62.1,53.6,-0.12,-0.48,112.4
00:21:36,13921.4,98.7,-12.9,1979,15.15,7.46,104.4,102.7,112.5,103.8,676.7,667.9,688.2,673.3,62.2,52.9,0.04,1.4,113.2
00:21:37,13922.1,98.8,-12.3,1971,15.1,7.45,104.2,102.1,112.7,103.7,675.0,671.4,688.2,672.9,62.0,53.1,0.1,-1.9,113.6
00:21:38,13935.0,98.7,-12.9,1981,15.05,7.45,104.8,102.3,112.0,103.5,676.7,670.1,690.5,673.0,62.0,53.3,0.11,1.94,112.7
00:21:39,13920.6,98.4,-12.4,1974,15.05,7.42,104.1,102.3,111.9,103.5,674.4,668.6,690.2,674.7,61.3,52.9,-0.07,-0.8,112.4
00:21:40,13924.5,98.6,-12.4,1976,15.09,7.39,104.7,101.9,112.0,103.0,674.9,669.0,688.4,672.6,61.4,53.5,0.23,-1.27,112.5
00:21:41,13931.9,98.6,-12.4,1977,15.05,7.53,104.1,101.9,112.0,103.7,676.5,671.0,691.3,674.7,62.0,53.3,0.02,0.82,112.1
00:21:42,13935.9,98.2,-12.8,1973,15.09,7.44,103.8,102.0,112.2,103.7,675.4,669.0,688.5,673.8,61.5,52.9,0.14,-0.78,113.1
00:21:43,13928.0,99.3,-12.8,1973,15.18,7.49,104.2,102.4,112.5,103.2,676.4,667.7,688.4,671.8,61.6,53.1,-0.06,-0.24,113.1
00:21:44,13933.6,98.1,-12.3,1969,15.19,7.52,103.9,102.2,112.6,103.7,674.1,668.5,690.0,673.5,62.3,53.6,0.06,0.52,113.4
00:21:45,13927.1,99.3,-12.7,1970,15.18,7.55,103.8,102.5,112.5,102.9,675.1,667.9,690.4,671.7,62.1,53.6,0.15,-0.92,112.4
00:21:46,13938.3,98.4,-12.7,1977,15.06,7.53,104.0,102.5,112.2,103.7,676.5,670.3,688.3,673.5,62.2,53.3,-0.23,1.21,112.0
00:21:47,13932.2,98.2,-12.5,1981,15.19,7.46,104.1,102.6,111.9,103.4,674.7,670.9,689.2,671.3,62.4,53.4,0.03,1.78,111.9
00:21:48,13932.9,99.2,-12.7,1968,15.15,7.48,104.6,102.3,112.2,103.3,677.3,669.0,689.9,671.0,61.4,53.0,-0.25,0.52,112.3
00:21:49,13944.0,98.3,-12.6,1972,15.16,7.42,104.0,101.7,112.2,103.2,673.9,671.5,689.1,674.3,61.6,53.6,0.25,1.69,112.0
00:21:50,13940.2,98.1,-12.7,1969,15.04,7.48,104.5,102.0,111.9,103.2,677.7,670.6,689.6,674.4,62.2,53.7,0.17,-1.16,113.2
00:21:51,13938.5,98.3,-12.4,1971,15.06,7.43,104.1,102.1,112.0,102.8,676.7,671.3,691.2,672.2,61.5,53.3,0.08,0.85,113.1
00:21:52,13935.1,98.3,-12.4,1974,15.03,7.41,104.0,101.6,112.0,103.1,677.7,670.4,688.7,673.7,61.8,53.6,-0.01,-1.06,113.6
00:21:53,13947.9,99.5,-12.3,1975,15.16,7.54,103.9,101.8,112.5,102.7,673.9,668.3,688.4,671.8,62.4,53.2,-0.14,0.64,113.1
00:21:54,13952.3,98.1,-12.8,1968,15.05,7.44,104.5,102.5,112.3,102.9,676.7,669.9,689.6,672.4,61.3,53.2,-0.17,-0.61,112.3
00:21:55,13945.4,98.8,-12.7,1980,15.12,7.37,103.9,102.0,112.1,103.2,676.6,669.4,688.6,671.1,61.7,53.7,-0.18,-1.8,112.0
00:21:56,13944.6,99.6,-12.6,1971,15.18,7.5,103.6,102.2,112.1,102.9,676.0,668.7,689.1,674.0,61.5,53.6,-0.19,1.08,112.9
00:21:57,13952.2,98.1,-12.8,1979,15.07,7.4,103.7,102.1,112.1,103.1,676.6,670.5,690.8,672.6,62.4,52.8,0.23,1.47,113.3
00:21:58,13956.4,99.4,-12.2,1969,15.13,7.5,104.1,102.4,111.7,102.8,677.4,670.1,688.4,672.4,61.4,53.3,-0.17,-1.44,112.6
00:21:59,13957.5,99.1,-12.4,1975,15.07,7.49,104.0,102.0,112.2,103.5,675.9,670.4,688.9,671.2,61.5,53.1,-0.13,-1.23,112.5
00:22:00,13954.2,99.2,-12.9,1969,15.13,7.53,103.8,102.0,112.6,103.2,674.7,669.0,690.2,673.8,61.8,53.5,-0.26,0.49,113.5
00:22:01,13946.9,98.4,-12.8,1971,15.09,7.4,103.8,102.1,112.5,102.7,677.3,667.7,690.9,674.7,62.2,53.4,-0.05,1.98,113.4
00:22:02,13946.2,99.4,-12.5,1979,15.1,7.55,104.4,102.2,111.8,103.5,675.6,670.3,689.0,673.8,62.2,53.6,-0.27,0.02,112.8
00:22:03,13952.5,98.5,-12.9,1968,15.03,7.39,104.1,101.7,112.2,103.1,675.3,671.2,687.9,671.9,62.2,52.9,-0.07,-0.73,113.3
00:22:04,13946.8,99.2,-12.9,1972,15.05,7.55,103.8,102.0,112.3,103.1,674.5,669.0,690.5,673.8,62.1,53.7,-0.28,-0.64,111.8
00:22:05,13959.1,99.3,-12.4,1972,15.18,7.46,103.9,101.8,112.2,103.5,676.4,670.1,687.7,673.7,62.1,53.6,-0.17,-1.06,113.5
00:22:06,13959.6,99.3,-12.6,1979,15.12,7.36,104.4,102.1,112.2,102.7,674.2,669.0,689.8,674.2,61.5,53.5,-0.12,-0.47,112.3
00:22:07,13961.8,99.5,-12.5,1975,15.14,7.5,104.2,101.7,111.9,103.1,676.6,669.9,690.6,673.9,61.5,52.8,-0.2,1.32,113.1
00:22:08,13966.7,98.9,-12.3,1975,15.1,7.41,104.1,101.9,112.4,102.8,677.7,671.0,689.3,674.4,61.3,53.7,-0.26,1.67,113.5
00:22:09,13968.0,98.6,-12.3,1970,15.13,7.36,103.7,102.3,112.3,103.1,675.5,668.9,690.7,673.6,61.5,53.0,0.01,-0.75,112.0
00:22:10,13960.9,98.4,-12.3,1976,15.17,7.41,103.6,102.4,111.9,103.1,677.0,671.1,690.2,671.7,62.3,53.5,-0.03,-0.22,113.1
00:22:11,13953.2,99.1,-12.9,1980,15.03,7.39,103.7,102.0,111.6,102.7,676.7,669.9,688.0,672.2,61.9,53.6,0.04,-0.34,112.9
00:22:12,13958.2,99.1,-12.3,1970,15.08,7.38,103.8,101.9,112.3,103.4,675.1,668.2,688.4,673.1,61.6,52.9,-0.11,-0.77,113.3
00:22:13,13966.0,99.6,-12.5,1978,15.18,7.43,104.0,102.3,112.2,102.5,675.7,669.8,689.9,670.8,61.6,53.3,-0.1,-1.75,112.9
00:22:14,13971.1,98.8,-12.8,1981,15.09,7.53,103.6,101.7,112.6,102.5,675.2,670.3,691.1,673.1,62.1,52.8,-0.02,-0.61,113.5
00:22:15,13957.9,99.6,-12.3,1981,15.04,7.47,103.7,102.0,112.4,102.7,675.9,669.8,688.1,673.4,61.7,53.4,-0.09,1.72,112.7
00:22:16,13968.8,98.2,-12.6,1969,15.18,7.42,103.5,102.1,111.9,103.3,675.5,667.9,690.4,672.4,61.5,53.1,0.03,-1.35,113.5
00:22:17,13966.7,98.6,-12.5,1972,15.14,7.54,103.9,101.8,112.1,103.2,676.6,670.6,688.7,671.9,61.4,53.7,-0.27,-1.01,112.9
00:22:18,13969.9,98.7,-12.5,1981,15.14,7.45,104.2,101.4,112.5,103.3,676.3,667.7,690.9,671.2,62.0,52.9,0.15,-1.55,112.5
00:22:19,13964.5,99.4,-12.4,1982,15.06,7.53,103.8,101.5,112.5,103.2,676.5,671.3,690.8,673.4,61.3,53.0,-0.22,-0.38,112.8
00:22:20,13972.7,98.6,-12.9,1974,15.07,7.49,103.6,101.9,111.9,103.2,674.9,668.4,691.6,673.9,61.6,53.1,0.18,1.22,111.8
00:22:21,13970.5,99.6,-12.5,1978,15.11,7.42,104.0,101.7,111.9,102.6,677.1,668.5,687.9,671.1,61.3,53.3,0.07,-0.69,111.9
00:22:22,13972.9,99.7,-13.0,1971,15.1,7.53,103.8,102.1,111.6,103.2,674.1,670.8,689.7,670.8,61.5,53.6,0.29,-0.66,112.6
00:22:23,13978.8,99.4,-12.7,1973,15.11,7.54,104.4,101.8,111.8,102.8,677.2,670.8,691.0,672.6,61.7,53.0,0.14,-1.87,113.2
00:22:24,13980.9,98.1,-12.8,1973,15.15,7.47,103.5,102.1,111.6,102.5,674.4,668.5,690.3,672.0,62.3,53.3,-0.12,0.97,112.0
00:22:25,13970.9,98.5,-12.9,1975,15.16,7.48,104.2,101.3,111.7,102.4,675.7,669.8,689.9,671.8,62.4,52.8,0.23,1.22,113.3
00:22:26,13979.5,98.7,-12.3,1978,15.06,7.49,103.6,101.3,111.8,102.8,676.8,668.1,687.9,673.9,62.1,53.4,0.11,-1.67,112.0
00:22:27,13982.5,99.5,-12.6,1970,15.12,7.46,103.9,102.0,112.3,103.0,675.8,670.9,688.3,672.6,62.2,53.0,-0.27,-1.71,113.7
00:22:28,13972.4,99.7,-12.7,1981,15.09,7.35,104.0,101.7,111.7,102.7,675.6,668.6,689.0,673.0,62.3,53.2,-0.09,-1.06,112.5
00:22:29,13981.4,98.3,-12.5,1976,15.06,7.5,103.9,101.6,111.7,103.3,674.3,670.1,689.5,671.6,61.8,53.5,-0.22,0.43,113.2
00:22:30,13969.8,98.9,-12.4,1969,15.07,7.42,103.8,101.6,112.5,102.6,676.6,670.1,690.8,671.6,62.1,53.2,-0.14,-1.94,113.2
00:22:31,13976.8,98.4,-12.8,1977,15.06,7.35,103.7,101.4,111.6,102.4,675.2,671.0,688.2,672.4,61.9,53.3,0.25,0.02,113.2
00:22:32,13981.4,99.2,-12.4,1969,15.05,7.45,103.8,101.8,112.5,102.5,675.2,669.9,688.6,673.4,61.3,53.6,0.09,0.72,113.7
00:22:33,13989.4,99.4,-12.3,1981,15.02,7.39,104.0,101.7,112.1,102.6,673.9,668.8,688.1,670.9,62.2,53.6,0.01,1.84,112.7
00:22:34,13989.0,98.7,-12.9,1969,15.16,7.46,104.2,102.0,111.7,103.1,675.7,670.3,690.5,671.6,61.4,53.5,0.09,1.47,113.4
00:22:35,13975.0,98.8,-12.4,1975,15.1,7.53,103.4,101.9,111.9,102.4,674.9,671.4,688.9,671.2,61.9,53.1,0.28,0.05,113.7
00:22:36,13976.8,99.0,-12.7,1968,15.05,7.38,103.4,101.7,112.1,102.8,675.6,670.4,689.4,670.9,62.4,53.2,0.23,-1.45,112.2
00:22:37,13978.5,99.1,-13.0,1982,15.05,7.53,103.9,101.7,112.0,103.0,674.6,667.8,690.4,674.0,61.8,53.1,-0.03,-1.06,112.4
00:22:38,13983.7,99.7,-12.7,1978,15.1,7.47,104.1,101.7,111.9,103.0,676.9,669.9,689.9,672.1,62.3,52.9,0.08,-0.71,113.1
00:22:39,13981.5,98.6,-13.1,1976,15.13,7.46,103.3,101.5,111.7,102.4,676.3,669.8,690.9,673.6,62.4,53.2,-0.23,-0.34,111.9
00:22:40,13995.9,98.3,-12.4,1975,15.05,7.37,103.5,102.2,112.4,102.4,674.6,670.1,689.5,673.0,62.4,52.7,-0.26,0.44,112.6
00:22:41,13980.4,99.5,-12.7,1982,15.04,7.49,103.9,101.9,112.2,103.1,674.3,671.3,688.1,671.4,61.7,53.3,0.16,0.63,111.8
00:22:42,13984.1,98.4,-12.9,1978,15.16,7.38,104.0,101.6,112.3,102.6,674.7,671.4,688.4,672.2,62.3,53.4,-0.15,-1.75,113.6
00:22:43,13986.9,99.4,-12.7,1975,15.16,7.48,103.3,101.3,112.2,102.8,675.5,670.4,689.1,671.2,62.1,53.3,0.14,1.2,113.0
00:22:44,13983.2,98.4,-12.6,1977,15.09,7.54,103.5,101.5,112.2,102.9,673.8,670.8,691.5,673.1,61.7,53.0,0.04,-0.06,111.8
00:22:45,13989.1,99.4,-12.9,1977,15.1,7.48,103.6,101.4,111.6,102.6,675.4,667.7,691.2,674.1,62.1,52.7,0.02,1.04,113.2
00:22:46,13990.7,99.0,-12.8,1970,15.06,7.45,103.5,102.1,111.8,103.1,674.0,671.0,688.6,674.5,61.9,53.3,0.01,-1.19,112.3
00:22:47,14000.3,99.6,-12.4,1968,15.1,7.52,104.0,101.8,111.6,102.9,676.2,668.1,690.7,674.6,62.1,53.0,-0.07,-0.67,112.7
00:22:48,13998.1,98.3,-12.8,1979,15.11,7.46,104.2,101.9,112.0,103.2,674.2,670.8,689.6,670.8,61.6,52.9,0.21,-0.53,113.0
00:22:49,13989.7,99.5,-12.7,1973,15.03,7.42,104.0,102.0,112.1,102.6,677.4,668.2,690.5,673.9,61.5,52.8,-0.11,1.39,113.5
00:22:50,14001.2,99.5,-12.5,1978,15.14,7.39,103.6,101.8,112.0,102.7,676.3,669.7,689.3,671.6,61.7,53.1,-0.07,-1.11,113.2
00:22:51,14001.9,98.4,-12.7,1970,15.04,7.42,103.6,101.3,111.7,102.6,676.9,669.4,688.1,671.1,62.2,53.3,0.22,1.77,112.2
00:22:52,14005.8,98.4,-12.4,1974,15.16,7.54,103.3,101.5,111.6,103.1,677.4,670.2,691.1,672.8,62.0,52.9,0.02,0.47,113.4
00:22:53,14006.6,99.6,-12.7,1980,15.09,7.42,103.3,101.3,112.3,102.3,677.4,668.7,690.7,672.0,62.5,53.2,-0.3,-0.88,113.2
00:22:54,14002.2,99.5,-12.7,1969,15.09,7.44,103.2,101.5,112.2,102.3,673.7,670.5,691.7,671.8,62.1,53.1,-0.11,-0.02,111.9
00:22:55,13991.8,99.6,-12.9,1977,15.07,7.5,103.8,102.1,111.8,102.4,676.7,671.4,689.1,671.2,62.4,52.6,-0.19,0.08,112.4
00:22:56,14006.1,99.7,-12.5,1982,15.12,7.37,104.2,101.8,112.4,102.6,674.1,670.8,689.4,673.8,61.8,53.1,0.21,-0.56,113.8
00:22:57,14002.3,99.1,-13.1,1970,15.06,7.52,103.3,101.9,112.3,102.5,677.2,669.6,689.2,673.0,61.7,52.7,-0.02,-1.15,112.1
00:22:58,14007.9,98.9,-12.6,1975,15.06,7.48,103.7,101.1,111.9,102.8,673.9,669.1,691.1,671.3,62.0,52.6,-0.28,0.84,112.2
00:22:59,14007.7,99.1,-13.0,1973,15.09,7.36,103.6,102.0,112.2,102.3,676.2,668.0,688.4,671.5,61.4,53.2,-0.15,1.34,113.6
00:23:00,14010.5,98.4,-13.1,1970,15.04,7.42,103.2,101.2,112.4,102.3,675.5,670.5,689.0,674.0,61.6,52.7,-0.06,0.85,112.7
00:23:01,13998.0,98.3,-12.9,1969,15.07,7.35,103.8,101.2,112.4,102.8,675.2,667.9,691.4,670.9,62.4,52.9,-0.01,0.14,112.0
00:23:02,13996.4,99.2,-12.6,1974,15.02,7.38,103.3,101.2,112.4,102.8,675.6,671.5,688.6,674.0,61.4,53.5,0.21,-0.92,112.3
00:23:03,14012.8,98.4,-12.5,1974,15.1,7.4,103.6,101.5,112.1,102.4,676.4,668.2,689.7,673.5,62.2,53.0,0.17,1.43,112.7
00:23:04,14000.1,98.9,-12.8,1975,15.08,7.37,104.1,101.6,111.6,102.4,676.8,670.6,688.1,671.0,62.2,53.4,-0.04,0.69,112.7
00:23:05,14014.0,98.3,-12.5,1972,15.17,7.54,103.8,102.0,111.6,102.7,675.3,671.6,690.0,673.5,61.8,53.1,-0.16,1.46,113.7
00:23:06,14004.8,99.5,-12.5,1981,15.12,7.47,104.0,102.0,111.8,102.3,677.6,668.3,688.2,672.4,62.3,52.9,0.02,1.66,112.6
00:23:07,14004.0,99.2,-13.0,1975,15.16,7.35,103.9,101.6,111.8,102.5,675.3,670.9,690.8,670.8,61.6,52.9,-0.18,0.43,112.0
00:23:08,14011.5,98.9,-12.8,1981,15.16,7.37,103.6,101.4,111.6,102.2,677.6,669.7,691.3,671.5,61.3,52.9,-0.23,-0.23,112.5
00:23:09,14006.8,98.2,-13.0,1981,15.04,7.42,103.2,101.1,111.9,103.1,677.6,670.6,689.4,671.4,62.1,53.4,-0.27,-1.76,113.7
00:23:10,14014.4,99.3,-12.4,1981,15.17,7.44,104.1,101.4,111.5,102.8,674.2,670.7,688.3,671.4,61.3,53.2,-0.3,1.09,112.7
00:23:11,14011.8,99.0,-12.9,1981,15.1,7.47,104.0,101.4,112.5,102.5,676.2,671.5,691.3,671.0,62.2,53.0,-0.25,-0.32,112.3
00:23:12,14006.6,98.2,-12.9,1978,15.13,7.52,103.5,101.3,112.0,102.2,676.2,670.2,691.7,671.2,61.8,53.3,-0.05,-0.72,111.9
00:23:13,14007.8,99.1,-12.8,1982,15.17,7.41,103.3,102.0,112.4,102.7,675.3,670.6,688.9,673.6,61.9,53.4,-0.19,-0.69,113.2
00:23:14,14006.5,98.5,-12.6,1979,15.14,7.43,103.8,101.8,112.1,102.4,675.8,668.2,690.4,670.8,61.4,53.3,-0.09,1.21,112.7
00:23:15,14024.1,99.2,-13.0,1980,15.11,7.55,103.8,101.0,111.8,103.1,674.4,671.3,691.4,674.1,62.3,52.6,0.09,-1.85,112.7
00:23:16,14018.6,99.6,-12.4,1977,15.03,7.41,104.1,101.3,112.5,102.6,677.1,667.9,691.7,672.5,62.2,52.8,-0.07,1.25,111.9
00:23:17,14013.2,98.7,-13.0,1971,15.1,7.51,103.2,101.2,112.0,102.3,677.1,669.3,691.5,674.4,61.9,52.6,-0.0,1.34,113.8
00:23:18,14018.6,98.3,-13.1,1979,15.13,7.42,103.3,101.7,112.4,102.5,677.0,669.5,688.8,672.4,62.2,52.8,0.07,0.09,113.8
00:23:19,14025.6,98.8,-12.4,1970,15.13,7.49,103.6,101.0,112.4,102.1,674.5,668.4,688.6,673.9,61.6,53.0,-0.12,1.45,113.5
00:23:20,14024.3,99.3,-12.5,1975,15.14,7.54,103.8,101.3,111.7,102.4,677.2,669.2,691.8,673.4,61.6,52.9,0.09,1.1,113.5
00:23:21,14015.3,98.3,-12.6,1977,15.11,7.45,103.7,101.9,112.1,102.4,676.4,670.3,692.0,672.5,61.9,53.1,0.13,0.62,113.5
00:23:22,14023.9,99.3,-12.7,1983,15.13,7.43,103.8,101.3,112.4,102.5,677.2,670.0,690.0,673.5,61.6,53.3,0.23,-1.38,112.4
00:23:23,14013.2,99.0,-12.4,1971,15.05,7.43,103.4,101.0,112.4,102.6,677.4,668.7,690.3,670.7,62.3,53.3,-0.22,1.64,112.1
00:23:24,14019.3,98.2,-12.9,1973,15.04,7.46,103.9,101.2,111.7,102.2,676.9,671.1,691.1,673.0,61.6,53.4,-0.04,-0.57,112.4
00:23:25,14022.3,98.3,-12.6,1976,15.03,7.42,103.8,101.2,111.9,102.9,673.8,671.5,691.6,672.5,62.1,53.2,-0.22,-0.79,113.0
00:23:26,14024.6,98.8,-12.6,1974,15.06,7.45,103.2,101.9,111.7,102.3,674.3,670.6,689.4,673.7,62.3,53.4,0.06,-1.33,113.7
00:23:27,14024.7,98.8,-12.7,1982,15.02,7.42,103.8,101.6,111.9,102.8,674.0,670.6,691.9,672.5,61.4,53.1,-0.13,1.78,112.8
00:23:28,14016.9,98.5,-13.0,1977,15.03,7.48,103.2,101.6,112.1,102.8,677.4,667.8,689.8,671.5,61.5,52.9,-0.05,-1.7,113.3
00:23:29,14023.4,99.5,-12.9,1983,15.15,7.38,104.0,101.1,112.5,102.1,674.8,671.2,688.7,671.2,61.5,53.5,0.24,-1.22,112.7
00:23:30,14026.3,98.5,-12.6,1976,15.12,7.46,103.3,101.5,112.4,102.9,677.5,669.4,691.1,672.7,61.4,53.0,0.26,1.22,112.3
00:23:31,14019.7,99.1,-12.4,1979,15.05,7.39,103.3,101.9,112.0,102.3,674.5,669.7,689.5,671.2,61.4,53.0,0.13,-0.99,112.4
00:23:32,14022.5,99.2,-12.7,1972,15.05,7.5,103.8,101.9,112.3,102.8,674.1,668.8,691.1,673.5,61.9,52.9,0.04,-1.05,113.0
00:23:33,14022.5,99.3,-12.5,1976,15.16,7.38,103.6,101.1,112.6,102.2,677.3,667.7,691.9,672.0,61.7,52.9,0.1,0.54,112.8
00:23:34,14024.6,98.4,-12.7,1971,15.08,7.45,104.0,101.5,112.2,102.2,677.2,670.5,692.1,673.7,61.7,52.9,0.26,1.3,113.1
00:23:35,14024.6,99.3,-12.7,1974,15.1,7.5,103.8,101.5,112.0,102.3,675.3,668.4,689.6,673.1,61.3,52.7,-0.27,0.66,112.1
00:23:36,14029.2,98.5,-12.6,1979,15.15,7.47,103.4,101.3,111.9,102.5,677.6,670.1,689.7,671.5,61.5,53.4,0.22,0.06,111.9
00:23:37,14039.1,98.7,-12.9,1973,15.05,7.51,103.3,101.6,111.8,102.6,674.6,670.2,690.6,672.5,62.2,52.6,-0.03,-0.69,112.4
00:23:38,14036.0,99.2,-12.7,1981,15.12,7.53,103.9,102.0,111.7,102.4,674.2,668.2,689.7,674.7,62.4,52.9,0.05,-0.7,113.9
00:23:39,14029.0,98.3,-13.1,1982,15.07,7.47,103.6,101.4,112.6,102.8,675.2,669.4,692.0,673.6,62.1,53.4,0.17,-0.62,113.7
00:23:40,14025.3,98.3,-12.7,1979,15.15,7.5,103.6,101.6,112.3,103.0,676.0,669.5,690.2,672.4,61.6,52.6,0.18,0.66,112.1
00:23:41,14036.0,98.6,-12.8,1973,15.09,7.54,103.7,101.8,111.9,102.1,675.6,669.0,691.7,671.9,61.6,52.9,0.09,0.38,112.1
00:23:42,14039.8,99.7,-13.1,1974,15.14,7.41,103.4,101.5,112.0,102.3,676.5,668.8,689.1,674.3,61.4,52.6,-0.27,-1.61,113.0
00:23:43,14028.2,98.3,-13.0,1974,15.17,7.53,103.3,101.6,111.7,102.7,674.3,671.2,692.0,670.9,62.1,53.2,0.28,-0.05,113.6
00:23:44,14040.2,99.7,-13.2,1981,15.17,7.51,103.9,101.2,111.7,102.3,677.6,668.2,692.2,672.6,61.9,53.1,0.23,0.15,112.4
00:23:45,14030.3,98.5,-12.7,1982,15.02,7.47,103.9,101.0,112.2,102.2,674.3,669.0,690.6,673.7,61.9,52.7,0.26,-0.49,113.6
00:23:46,14032.8,99.1,-12.6,1982,15.08,7.41,103.7,101.7,112.4,102.4,674.9,667.7,690.3,671.8,62.2,53.2,0.09,1.44,113.8
00:23:47,14044.0,98.7,-12.5,1984,15.09,7.4,103.3,101.4,112.3,103.0,676.1,668.0,692.0,673.0,62.5,53.0,0.16,-0.16,113.2
00:23:48,14042.0,99.2,-12.8,1983,15.04,7.39,103.4,101.9,112.3,102.1,677.2,670.9,690.3,674.1,62.3,52.6,-0.12,-1.05,112.7
00:23:49,14042.8,99.3,-12.7,1982,15.02,7.55,104.0,101.7,112.4,103.1,676.6,667.9,691.2,673.2,62.0,52.7,-0.15,-1.79,112.3
00:23:50,14043.4,98.2,-12.7,1983,15.08,7.44,103.8,101.6,112.0,102.6,673.8,669.8,690.0,673.1,61.5,53.3,0.27,-1.45,113.5
00:23:51,14044.1,98.8,-12.5,1983,15.12,7.55,103.4,101.8,112.1,102.7,677.3,670.4,689.6,671.2,62.0,52.9,-0.29,-0.2,113.2
00:23:52,14032.5,98.3,-13.1,1985,15.04,7.41,103.9,101.8,111.9,103.0,675.4,668.1,689.3,674.5,61.9,53.0,0.28,-0.55,112.2
00:23:53,14041.7,98.7,-13.0,1980,15.1,7.5,104.0,101.8,112.6,102.7,674.8,669.6,690.2,673.4,61.5,53.4,-0.19,-1.46,112.6
00:23:54,14045.1,99.0,-12.4,1972,15.08,7.48,103.6,101.3,112.1,102.7,677.4,669.0,690.3,673.2,61.6,52.8,0.14,-1.13,112.1
00:23:55,14039.7,99.7,-12.9,1972,15.02,7.36,103.5,101.2,112.7,102.2,676.6,668.9,690.9,674.3,61.8,53.0,-0.1,1.06,112.0
00:23:56,14037.7,98.5,-12.5,1982,15.04,7.55,103.9,101.9,111.8,102.6,674.4,671.2,692.3,673.3,61.4,53.1,0.14,0.9,112.4
00:23:57,14044.6,98.8,-12.9,1977,15.11,7.39,103.9,101.5,111.9,102.7,673.8,668.9,689.7,672.8,62.4,52.9,-0.28,0.07,113.4
00:23:58,14052.8,98.9,-13.1,1974,15.02,7.47,103.2,101.4,112.4,102.3,675.5,671.3,689.2,672.4,61.4,53.0,-0.1,-1.37,113.0
00:23:59,14047.5,99.7,-12.6,1985,15.17,7.54,104.0,101.1,112.2,102.4,676.0,668.5,690.7,672.3,62.5,52.5,-0.3,-1.15,113.8
00:24:00,14051.2,99.7,-13.2,1982,15.17,7.45,103.6,101.4,112.5,102.2,677.3,670.0,688.8,673.9,61.5,52.5,0.26,-0.83,113.0
00:24:01,14047.8,99.6,-12.6,1985,15.1,7.51,104.0,101.3,112.3,102.4,677.3,670.9,689.8,673.9,61.5,53.1,-0.03,-0.92,113.0
00:24:02,14049.3,99.1,-12.6,1979,15.1,7.5,104.0,101.2,111.8,102.3,673.9,667.8,692.4,671.0,61.8,52.5,-0.17,0.97,113.6
00:24:03,14053.4,99.4,-12.6,1984,15.13,7.52,104.0,101.0,112.0,102.9,675.0,670.1,689.4,672.8,61.4,52.5,-0.21,-0.8,111.9
00:24:04,14049.6,99.1,-12.9,1981,15.16,7.48,103.3,101.2,112.4,102.9,673.9,670.7,691.8,672.9,61.8,53.2,-0.11,-1.14,112.6
00:24:05,14049.5,98.8,-13.2,1976,15.16,7.51,103.3,101.2,112.0,102.4,674.7,668.2,690.9,671.5,62.2,52.6,-0.25,-0.02,113.5
00:24:06,14050.6,99.7,-13.0,1978,15.03,7.43,103.5,101.3,112.1,102.1,675.1,670.3,692.2,674.6,61.8,53.2,-0.2,-0.63,112.5
00:24:07,14057.1,98.5,-13.2,1984,15.04,7.44,103.1,101.8,112.5,102.5,673.9,670.8,688.8,670.8,61.5,52.8,-0.28,1.22,113.4
00:24:08,14058.5,98.4,-13.1,1979,15.04,7.5,104.1,101.7,111.9,103.0,677.2,669.6,688.8,673.8,61.8,53.0,-0.16,-0.0,112.6
00:24:09,14049.4,98.7,-12.9,1983,15.13,7.43,104.1,101.0,112.5,102.6,677.4,669.8,688.8,672.1,62.1,52.5,0.13,-1.78,112.7
00:24:10,14044.8,99.4,-13.0,1985,15.16,7.53,103.6,101.6,111.8,103.0,675.8,670.6,692.3,672.8,62.4,53.4,0.2,0.36,112.7
00:24:11,14052.1,98.3,-12.7,1980,15.12,7.55,103.2,101.3,112.5,102.1,677.8,668.9,689.6,673.4,62.5,53.2,-0.21,0.17,111.9
00:24:12,14054.9,98.7,-12.9,1981,15.16,7.55,103.6,101.4,112.8,102.3,674.8,671.2,689.3,671.8,61.4,52.6,0.2,-1.65,113.0
00:24:13,14050.0,99.5,-12.7,1980,15.16,7.37,103.5,101.6,112.7,102.5,674.7,670.6,691.6,673.2,61.8,52.5,0.18,1.3,112.6
00:24:14,14059.8,98.4,-12.7,1981,15.03,7.52,103.2,101.6,112.4,102.4,675.2,669.7,689.2,670.9,61.9,53.0,0.15,1.83,113.5
00:24:15,14045.9,99.6,-12.5,1981,15.05,7.41,103.8,101.6,112.8,103.0,676.9,668.8,689.7,674.3,62.3,53.4,0.11,1.96,113.0
00:24:16,14059.5,99.8,-12.5,1979,15.17,7.54,103.9,101.4,112.5,102.9,676.3,669.2,690.3,672.4,61.5,52.6,0.09,-0.83,111.9
00:24:17,14056.7,99.1,-13.1,1976,15.06,7.41,104.0,101.8,112.1,102.5,676.7,670.1,689.3,671.7,61.8,52.9,0.12,0.02,113.0
00:24:18,14061.6,98.7,-13.0,1983,15.13,7.38,103.9,101.3,112.9,103.0,675.3,671.1,690.6,674.3,62.4,52.5,-0.28,-0.37,113.1
00:24:19,14048.0,99.5,-13.1,1981,15.02,7.51,103.9,101.1,112.4,103.0,676.4,670.1,692.5,672.3,62.5,52.7,-0.07,-1.41,113.3
00:24:20,14051.4,98.2,-12.8,1984,15.05,7.42,103.2,101.1,112.1,102.4,674.2,668.3,691.6,673.9,62.2,52.6,-0.23,1.18,112.3
00:24:21,14061.3,99.0,-12.7,1983,15.02,7.54,103.1,101.3,112.5,102.2,676.7,669.4,691.0,673.1,61.8,52.8,-0.3,1.3,112.8
00:24:22,14061.6,99.1,-12.7,1985,15.16,7.43,103.3,101.1,111.9,103.1,674.9,668.6,692.0,673.6,61.6,52.5,-0.23,1.31,112.8
00:24:23,14062.8,99.4,-12.8,1980,15.03,7.54,104.0,101.7,112.5,102.4,675.5,671.2,691.0,674.3,61.7,52.9,0.23,1.33,112.1
00:24:24,14061.5,98.6,-12.9,1979,15.05,7.46,104.0,101.8,112.3,102.6,677.0,668.2,690.1,671.4,61.9,53.2,-0.12,1.13,112.0
00:24:25,14059.0,99.7,-12.6,1979,15.02,7.41,103.4,101.3,112.6,102.7,675.0,670.1,690.1,673.3,62.0,53.1,-0.02,0.59,113.7
00:24:26,14061.1,99.5,-12.7,1978,15.07,7.5,104.0,101.5,112.3,102.3,677.7,670.5,692.7,671.5,61.6,53.2,0.3,-0.46,113.7
00:24:27,14053.8,98.9,-13.2,1977,15.09,7.51,104.1,101.1,112.7,102.7,675.4,670.0,690.4,674.2,61.4,52.8,0.25,-1.48,112.2
00:24:28,14067.4,98.3,-12.7,1981,15.13,7.53,103.3,101.6,112.7,102.4,677.8,668.1,690.1,672.2,61.5,52.7,0.2,-0.32,113.8
00:24:29,14060.8,98.4,-12.5,1975,15.07,7.57,103.7,102.0,112.5,103.0,677.4,671.6,691.9,670.9,61.6,53.3,0.16,0.28,113.3
00:24:30,14067.5,98.5,-12.6,1978,15.04,7.57,104.1,101.2,112.7,103.0,674.9,670.8,692.4,673.5,62.3,52.7,0.16,0.52,112.1
00:24:31,14054.4,99.2,-12.5,1988,15.08,7.39,103.2,101.8,112.9,103.1,675.4,671.8,690.1,674.1,62.4,52.9,-0.13,-1.6,112.1
00:24:32,14062.2,99.1,-13.1,1974,15.17,7.42,103.6,101.3,112.1,102.2,676.8,668.5,690.6,673.5,61.8,52.8,-0.2,-0.24,112.7
00:24:33,14058.8,98.8,-12.9,1977,15.05,7.51,103.8,101.1,112.5,103.2,677.0,669.6,689.8,674.8,61.8,53.4,0.12,0.62,113.0
00:24:34,14060.9,98.6,-12.7,1979,15.18,7.53,103.2,101.5,112.0,102.9,675.9,668.8,690.7,673.5,61.6,52.8,0.05,-1.6,113.0
00:24:35,14063.3,98.4,-12.9,1975,15.05,7.44,103.4,101.3,112.0,102.9,676.1,671.9,691.3,673.1,62.0,52.7,0.29,0.38,112.1
00:24:36,14062.6,99.6,-12.8,1978,15.03,7.49,103.4,101.5,112.6,103.1,676.4,669.1,692.9,671.2,62.4,53.3,0.09,-0.57,113.8
00:24:37,14059.8,99.7,-12.5,1975,15.09,7.41,103.9,101.8,112.5,102.6,674.9,669.5,692.8,674.5,61.9,52.4,0.15,0.51,113.7
00:24:38,14059.5,99.2,-13.1,1988,15.05,7.52,104.0,101.6,113.0,102.9,674.6,669.4,689.6,672.6,61.6,52.7,-0.04,-0.98,113.6
00:24:39,14071.8,99.5,-13.2,1986,15.08,7.52,103.5,101.6,112.7,102.8,676.8,671.7,689.6,672.7,61.8,52.8,0.16,-1.32,112.5
00:24:40,14069.5,98.4,-12.5,1982,15.12,7.51,103.8,102.1,112.1,102.7,676.2,669.4,692.4,674.9,61.8,52.5,-0.19,-0.18,113.8
00:24:41,14075.4,99.6,-12.7,1988,15.18,7.48,103.2,101.7,112.7,102.7,675.9,671.6,690.4,672.7,61.7,52.8,0.2,0.84,113.0
00:24:42,14067.7,99.5,-12.9,1982,15.16,7.43,103.3,101.4,112.9,102.8,675.8,671.3,693.0,671.0,62.2,52.8,0.09,1.24,113.0
00:24:43,14077.2,98.8,-12.5,1979,15.03,7.49,103.3,101.9,112.8,102.7,674.4,669.3,691.3,671.1,62.5,52.6,-0.11,0.08,112.0
00:24:44,14067.7,99.6,-12.5,1980,15.05,7.44,103.5,101.6,112.5,102.7,675.3,670.1,690.1,671.4,61.6,53.2,-0.09,-0.63,113.8
00:24:45,14071.4,98.4,-13.1,1983,15.03,7.42,103.3,101.9,112.3,102.7,677.4,669.0,690.2,673.4,61.8,52.7,0.06,0.13,113.4
00:24:46,14076.8,99.3,-12.9,1985,15.1,7.46,104.0,101.4,113.0,102.7,677.0,671.8,690.5,673.9,61.6,53.3,-0.25,0.73,112.4
00:24:47,14067.1,99.1,-12.9,1977,15.18,7.43,104.0,101.5,113.0,102.9,676.0,669.5,689.6,674.5,62.2,53.1,0.14,-1.66,112.2
00:24:48,14079.2,99.0,-12.5,1986,15.17,7.39,103.4,101.9,112.8,103.0,674.0,669.7,691.6,673.6,62.3,52.9,0.06,1.58,113.1
00:24:49,14076.6,98.3,-12.6,1987,15.19,7.45,103.3,101.9,113.0,102.4,677.7,670.8,692.3,673.8,62.2,53.0,0.18,-0.42,112.0
00:24:50,14078.7,98.4,-12.7,1984,15.03,7.48,104.2,101.3,112.8,102.5,675.6,671.6,689.8,675.0,61.6,53.1,-0.03,0.77,112.9
00:24:51,14063.8,98.9,-13.2,1981,15.13,7.53,104.2,101.6,112.9,102.6,677.3,670.9,690.8,671.0,62.3,53.1,0.02,-1.07,112.5
00:24:52,14079.1,99.2,-12.5,1989,15.12,7.46,103.9,102.1,113.2,103.3,676.4,669.5,692.8,672.6,62.1,52.6,0.08,1.8,112.4
00:24:53,14068.4,99.2,-12.6,1978,15.07,7.5,104.0,102.0,112.6,103.0,677.7,669.7,689.5,673.3,61.6,52.5,0.29,-1.91,112.2
00:24:54,14081.1,98.6,-12.6,1986,15.19,7.5,104.0,101.9,112.8,102.7,675.2,671.4,689.4,672.2,61.5,53.4,-0.1,1.5,112.8
00:24:55,14075.8,99.6,-13.0,1983,15.17,7.45,103.4,101.6,112.6,103.0,674.9,671.9,690.3,674.1,62.5,53.0,0.22,0.35,112.6
00:24:56,14081.7,99.7,-12.8,1988,15.09,7.43,103.6,101.9,112.4,103.3,677.3,671.3,689.6,674.1,61.8,53.2,0.09,-0.96,113.1
00:24:57,14073.8,99.5,-12.6,1988,15.11,7.45,103.6,102.2,113.1,103.1,674.2,668.6,692.6,671.8,62.2,53.0,-0.13,-1.47,113.5
00:24:58,14081.9,99.0,-13.0,1990,15.15,7.44,103.4,102.1,112.5,102.3,676.1,668.8,692.6,672.8,62.5,52.4,-0.1,-0.26,113.6
00:24:59,14084.2,99.5,-13.0,1979,15.18,7.39,103.4,101.6,113.1,102.9,675.0,669.4,692.3,673.2,62.5,53.3,0.29,-1.36,113.2
00:25:00,14072.6,99.7,-13.1,1978,15.14,7.45,103.4,101.6,112.3,103.2,676.2,671.8,692.6,674.6,61.5,53.0,0.1,-1.08,112.9
00:25:01,14068.6,98.3,-13.0,1977,15.09,7.42,103.5,101.3,113.3,103.0,677.5,670.5,690.1,672.5,61.8,52.6,-0.23,1.9,112.1
00:25:02,14072.2,98.8,-12.5,1984,15.13,7.44,104.3,101.5,112.6,102.6,677.0,671.5,689.8,671.6,62.4,52.6,-0.04,0.78,113.7
00:25:03,14080.8,98.6,-12.9,1990,15.04,7.49,104.1,101.4,113.3,103.2,674.5,671.5,689.9,672.9,62.4,52.5,0.03,1.28,112.9
00:25:04,14080.6,98.7,-12.8,1981,15.13,7.51,103.9,102.2,113.2,103.1,674.9,668.3,692.6,671.5,61.6,52.9,0.11,-1.08,113.5
00:25:05,14072.7,99.0,-12.8,1980,15.08,7.56,103.4,101.9,113.3,102.7,675.6,668.8,691.6,673.2,61.9,52.5,-0.23,0.43,112.5
00:25:06,14079.7,98.7,-13.0,1987,15.1,7.54,103.4,101.7,113.1,102.4,676.5,668.2,692.6,674.7,61.9,53.2,0.08,1.68,111.8
00:25:07,14083.9,99.4,-12.7,1979,15.17,7.4,104.0,101.8,113.3,102.6,674.5,672.0,690.8,674.9,61.5,52.7,0.19,-1.93,113.6
00:25:08,14072.1,98.4,-13.1,1984,15.05,7.56,104.3,101.4,112.6,103.1,674.4,671.4,692.1,673.0,62.2,53.2,-0.27,-1.68,112.5
00:25:09,14080.7,99.1,-12.8,1979,15.16,7.53,104.0,102.1,113.4,102.8,677.4,671.8,690.8,671.9,61.7,53.2,-0.01,0.35,112.3
00:25:10,14085.9,99.1,-13.0,1981,15.16,7.58,103.8,101.6,113.3,102.5,677.1,669.1,692.3,673.5,61.5,53.3,-0.28,-0.08,112.7
00:25:11,14083.3,98.7,-13.1,1990,15.14,7.48,103.5,102.1,113.3,103.1,675.0,669.5,692.9,672.7,62.0,52.5,0.15,0.81,112.6
00:25:12,14073.2,98.7,-12.5,1983,15.06,7.54,103.8,101.7,113.0,103.3,674.9,669.8,690.6,672.8,62.5,53.2,-0.07,-0.29,112.7
00:25:13,14076.7,99.4,-13.0,1984,15.2,7.45,103.9,101.7,112.6,102.9,675.4,670.4,690.7,672.2,62.5,52.8,-0.27,-1.54,112.4
00:25:14,14078.0,99.5,-12.9,1990,15.09,7.47,104.1,101.4,113.0,102.7,674.8,669.1,693.5,673.4,62.1,53.0,0.09,-0.99,112.1
00:25:15,14088.1,99.2,-12.8,1978,15.14,7.54,103.4,101.8,113.4,102.8,677.7,669.0,689.8,672.4,61.9,52.5,0.23,-0.58,113.1
00:25:16,14083.1,99.5,-12.9,1991,15.07,7.43,104.2,102.2,113.3,103.3,674.9,669.4,693.5,671.8,61.9,53.2,-0.12,-1.1,112.2
00:25:17,14074.5,98.7,-13.0,1990,15.05,7.48,103.8,101.5,113.3,103.4,675.7,671.7,692.2,672.4,62.6,53.0,-0.26,1.78,113.5
00:25:18,14077.1,99.2,-13.1,1980,15.14,7.5,104.1,101.8,112.9,103.3,675.6,671.8,692.0,672.0,61.9,53.2,0.27,-1.81,113.3
00:25:19,14090.6,99.2,-13.1,1991,15.1,7.59,103.5,101.8,113.4,103.3,674.3,669.6,692.6,674.7,62.4,52.5,-0.02,1.88,113.3
00:25:20,14087.9,99.1,-12.5,1980,15.07,7.54,103.9,102.0,113.2,102.9,676.0,670.9,691.9,672.5,61.8,52.5,-0.27,-1.47,113.4
00:25:21,14091.2,98.4,-13.2,1987,15.08,7.53,104.3,102.1,113.2,102.6,677.3,669.5,690.0,674.4,62.4,52.9,0.22,0.84,113.3
00:25:22,14092.8,98.6,-12.8,1982,15.1,7.5,104.2,101.7,113.4,103.5,676.8,671.3,691.6,675.0,61.8,52.6,0.23,-1.78,113.6
00:25:23,14089.4,98.9,-12.9,1992,15.16,7.59,104.1,101.4,112.8,102.8,677.7,671.9,689.9,673.3,61.6,53.1,0.05,-1.31,113.0
00:25:24,14085.9,99.1,-12.6,1986,15.11,7.4,103.8,101.7,112.6,102.8,675.8,671.6,693.0,674.2,61.6,52.5,-0.12,-1.09,112.5
00:25:25,14076.4,99.4,-12.6,1987,15.08,7.46,103.6,101.8,112.9,103.5,676.2,669.2,693.0,673.4,61.5,52.9,0.13,-1.14,112.5
00:25:26,14093.9,99.0,-12.7,1985,15.08,7.51,104.0,102.4,113.3,102.8,675.5,669.5,690.1,671.4,61.9,52.8,-0.24,0.58,112.9
00:25:27,14089.3,99.3,-12.6,1992,15.06,7.45,103.6,101.7,113.5,103.3,678.2,670.6,691.5,673.6,62.2,53.4,-0.24,1.55,113.0
00:25:28,14089.0,99.0,-12.9,1990,15.07,7.5,103.7,101.5,113.2,103.5,678.0,671.8,691.0,674.9,61.7,52.9,-0.15,-1.88,113.6
00:25:29,14095.2,99.6,-12.7,1992,15.14,7.45,103.9,102.2,113.6,102.8,675.4,671.7,693.6,672.2,62.3,53.0,-0.03,1.44,112.8
00:25:30,14080.1,99.5,-13.2,1988,15.1,7.56,104.4,101.7,113.3,103.1,676.6,671.7,691.4,672.9,62.0,52.4,0.23,0.36,112.4
00:25:31,14085.4,98.6,-12.7,1980,15.17,7.43,104.0,101.7,113.2,102.6,676.1,669.1,690.7,673.0,61.7,52.6,-0.11,-1.17,113.4
00:25:32,14084.8,99.4,-12.5,1981,15.18,7.57,103.7,101.8,112.8,103.0,675.5,670.2,691.3,673.4,62.2,53.3,0.28,-0.88,112.7
00:25:33,14083.9,98.9,-12.5,1988,15.06,7.55,104.5,102.1,113.3,103.4,674.9,671.3,692.6,673.2,61.9,53.4,0.03,1.64,111.8
00:25:34,14088.6,99.4,-12.5,1980,15.12,7.54,103.6,102.3,113.6,102.6,675.4,668.8,690.6,672.0,61.6,53.3,0.22,0.51,112.4
00:25:35,14087.0,99.7,-12.9,1992,15.1,7.5,104.1,102.2,112.8,103.6,675.9,670.8,693.5,673.2,61.7,53.2,-0.22,0.68,112.7
00:25:36,14089.7,98.8,-12.8,1981,15.16,7.44,104.3,102.3,113.5,103.5,674.5,670.3,690.7,673.9,62.3,53.2,0.27,1.23,113.7
00:25:37,14095.5,99.7,-13.1,1988,15.2,7.59,103.9,101.8,113.0,103.0,675.0,668.3,692.6,671.9,62.4,52.4,0.13,1.42,111.8
00:25:38,14086.1,98.5,-12.9,1992,15.08,7.47,104.0,101.7,113.4,103.5,677.7,668.8,692.7,671.7,62.5,52.7,0.09,1.17,112.7
00:25:39,14083.0,99.3,-12.8,1989,15.1,7.6,103.9,102.4,113.5,103.4,678.2,671.4,691.2,674.7,62.6,52.6,-0.23,-1.4,112.5
00:25:40,14091.6,98.5,-13.1,1990,15.1,7.57,104.1,101.6,113.6,102.9,675.4,670.9,692.3,674.1,61.5,53.0,0.19,1.25,112.5
00:25:41,14096.3,99.2,-13.0,1986,15.19,7.49,104.5,102.2,113.8,103.0,675.4,668.4,690.1,671.9,62.6,52.6,0.17,-0.83,113.0
00:25:42,14082.9,99.1,-13.3,1988,15.06,7.58,104.1,102.2,113.1,103.5,677.8,669.0,690.6,674.1,62.1,52.5,0.02,-0.78,111.9
00:25:43,14085.0,98.7,-12.5,1993,15.2,7.43,103.8,102.3,113.5,103.7,675.7,671.8,690.1,672.4,62.4,52.9,-0.16,0.75,111.8
00:25:44,14093.1,98.7,-13.2,1988,15.12,7.58,104.6,102.0,112.9,102.7,674.6,671.7,691.8,673.0,62.7,53.0,0.13,-1.28,112.8
00:25:45,14086.1,99.4,-12.7,1994,15.18,7.46,104.0,102.3,113.9,103.1,675.0,671.9,691.8,673.3,62.3,53.3,-0.29,1.08,113.2
00:25:46,14097.5,99.2,-13.3,1992,15.11,7.59,104.5,102.4,113.4,103.2,675.1,670.1,692.6,672.3,62.3,53.2,0.22,-0.6,112.4
00:25:47,14084.4,98.5,-13.2,1986,15.14,7.47,104.1,101.6,113.3,103.4,675.4,671.4,690.7,671.4,62.6,53.0,0.08,-0.4,112.5
00:25:48,14097.2,98.5,-12.7,1987,15.12,7.6,104.3,102.5,113.3,103.6,676.7,668.6,692.4,673.6,61.7,52.7,-0.1,0.02,112.4
00:25:49,14098.8,98.8,-12.8,1994,15.12,7.56,104.6,102.2,113.6,103.5,675.5,671.0,691.0,675.0,61.6,53.0,-0.08,1.3,112.4
00:25:50,14085.1,99.5,-13.3,1988,15.12,7.57,103.9,102.1,113.9,103.4,676.3,668.8,692.5,672.4,61.5,53.0,-0.13,1.18,112.8
00:25:51,14084.3,99.5,-12.9,1986,15.09,7.52,104.7,101.7,113.8,102.8,675.1,672.2,690.7,673.8,62.7,53.1,0.12,0.02,112.2
00:25:52,14088.3,99.5,-13.1,1992,15.21,7.54,104.4,102.2,113.7,103.2,675.8,669.7,691.1,674.1,61.6,53.0,0.29,0.45,113.5
00:25:53,14084.2,99.5,-12.7,1990,15.07,7.42,103.9,102.4,113.2,103.8,675.7,670.4,690.6,672.4,62.7,53.2,0.22,-0.72,113.3
00:25:54,14085.9,99.5,-13.1,1994,15.14,7.44,104.5,102.5,113.5,103.6,674.8,671.9,693.6,672.3,62.5,53.3,-0.1,1.01,112.4
00:25:55,14085.7,98.6,-12.7,1987,15.17,7.53,104.7,102.1,113.8,103.8,678.4,669.5,691.3,675.2,61.6,53.1,-0.02,-1.11,113.5
00:25:56,14087.4,98.6,-13.1,1996,15.17,7.44,104.8,101.9,113.3,103.3,675.3,670.6,692.9,675.2,61.7,52.6,-0.04,1.64,113.1
00:25:57,14099.4,98.3,-13.1,1987,15.17,7.46,104.1,101.8,113.6,103.7,678.1,670.1,691.6,675.5,62.0,52.5,0.28,-1.73,112.9
00:25:58,14101.0,99.2,-12.7,1987,15.1,7.53,104.8,102.3,113.3,103.2,676.1,670.8,692.1,672.6,62.1,53.1,0.07,1.45,112.6
00:25:59,14095.7,99.5,-13.3,1986,15.1,7.62,104.4,102.2,113.8,103.4,677.8,670.0,692.6,672.5,62.4,53.4,0.23,0.96,113.4
00:26:00,14097.4,99.5,-12.8,1989,15.22,7.47,104.2,102.7,114.0,103.8,676.2,669.3,691.7,675.1,62.3,52.8,-0.26,-1.42,111.7
00:26:01,14097.0,99.5,-13.0,1988,15.11,7.44,104.9,101.8,113.5,103.2,676.5,669.7,691.6,673.9,61.6,53.1,0.26,-1.06,111.9
00:26:02,14091.1,99.5,-12.6,1986,15.23,7.48,104.2,102.7,113.7,103.0,674.7,671.1,693.8,673.4,61.8,53.4,-0.03,1.82,113.6
00:26:03,14098.2,99.0,-12.7,1990,15.21,7.49,104.8,102.2,113.6,103.8,677.3,668.8,693.0,673.5,62.0,53.2,0.14,-1.9,113.4
00:26:04,14094.5,99.6,-12.9,1993,15.11,7.45,104.8,102.8,113.8,103.6,676.6,671.7,691.0,672.7,62.6,53.0,0.25,1.36,112.3
00:26:05,14091.3,99.0,-12.9,1993,15.2,7.47,104.1,102.2,113.5,103.5,675.9,671.3,690.8,671.9,62.7,53.3,-0.14,1.36,112.4
00:26:06,14100.8,99.6,-12.6,1998,15.18,7.47,104.6,102.8,113.8,103.3,677.9,671.2,692.4,671.7,62.4,52.8,0.16,-1.65,113.6
00:26:07,14099.0,99.6,-13.1,1985,15.21,7.45,104.7,102.4,114.2,103.2,677.1,669.8,690.6,675.5,61.7,53.4,-0.05,1.18,113.0
00:26:08,14089.6,98.1,-12.8,1997,15.2,7.51,104.1,102.5,113.3,103.7,676.7,669.3,693.5,673.8,62.0,52.6,0.15,-1.02,112.6
00:26:09,14088.1,98.1,-13.0,1988,15.13,7.61,104.4,102.4,114.2,104.0,677.3,669.4,692.7,672.1,61.8,52.6,-0.12,-1.52,113.4
00:26:10,14100.0,99.0,-13.2,1988,15.1,7.56,104.9,102.5,114.0,103.2,677.5,670.3,691.6,673.3,62.3,52.4,0.19,-1.43,112.7
00:26:11,14094.9,99.1,-13.0,1985,15.23,7.58,104.2,102.7,114.0,103.7,677.3,671.8,694.0,674.9,62.7,53.3,0.29,-1.53,113.6
00:26:12,14103.1,98.5,-13.3,1987,15.18,7.6,104.6,102.1,114.2,103.5,675.9,671.1,690.9,671.9,62.5,52.6,0.08,1.68,113.2
00:26:13,14087.8,98.9,-12.6,1992,15.13,7.47,104.7,102.3,114.1,103.6,677.5,672.1,693.1,672.8,62.1,53.1,0.0,-1.34,112.4
00:26:14,14089.9,99.2,-13.2,1998,15.24,7.5,104.9,102.3,114.3,103.9,676.9,672.3,691.3,672.8,62.0,53.4,-0.12,-1.76,113.1
00:26:15,14095.5,99.1,-13.1,1988,15.12,7.62,104.8,102.3,114.2,103.8,675.0,671.0,691.8,675.5,62.2,52.5,-0.29,0.42,113.1
00:26:16,14091.7,98.5,-12.7,1986,15.22,7.49,105.0,102.7,113.7,103.9,678.6,670.7,694.4,673.1,62.6,52.9,0.17,-1.93,113.0
00:26:17,14094.5,98.6,-12.5,1997,15.18,7.48,104.7,102.5,114.2,104.0,678.5,669.1,691.5,672.1,62.7,52.8,0.07,0.46,112.0
00:26:18,14093.9,99.5,-13.0,1995,15.16,7.48,104.2,102.8,113.6,103.4,675.4,669.7,693.1,673.4,61.9,52.7,0.22,-1.95,112.9
00:26:19,14099.2,98.1,-12.8,1992,15.11,7.45,104.9,102.8,113.5,103.5,676.9,669.9,691.8,675.7,62.6,53.0,0.03,1.49,112.9
00:26:20,14096.1,98.7,-13.0,1999,15.21,7.55,104.3,103.0,114.1,104.0,675.8,669.5,692.2,672.3,62.4,53.1,0.21,-0.12,112.8
00:26:21,14094.6,99.0,-12.8,1986,15.11,7.63,104.2,102.5,113.7,103.5,675.4,671.2,693.8,672.4,62.7,53.0,0.29,-0.72,112.3
00:26:22,14099.4,98.8,-12.8,1991,15.25,7.54,104.5,102.1,113.7,103.8,675.5,669.8,691.7,671.9,61.7,52.5,-0.05,0.08,112.5
00:26:23,14102.4,98.8,-12.9,1992,15.2,7.58,104.2,102.3,114.0,103.5,678.6,669.5,693.2,673.2,61.7,52.8,0.04,1.65,113.3
00:26:24,14097.8,99.6,-12.6,1996,15.15,7.47,104.6,102.2,114.0,104.1,678.7,672.2,691.9,672.4,61.8,52.6,0.0,-0.74,113.0
00:26:25,14103.9,99.3,-12.9,1999,15.16,7.45,104.5,102.2,114.0,103.8,678.4,670.7,691.0,673.0,62.4,52.9,-0.19,-1.73,113.5
00:26:26,14096.7,98.4,-12.9,1998,15.12,7.6,104.5,102.2,114.5,103.7,675.5,671.8,693.6,675.7,62.5,53.4,-0.14,-0.37,112.0
00:26:27,14102.8,98.7,-12.6,1989,15.18,7.46,105.1,102.9,114.2,103.3,676.4,672.0,693.5,675.0,62.6,52.8,0.03,0.59,112.6
00:26:28,14104.5,98.6,-13.3,1994,15.24,7.51,105.2,103.0,114.1,103.5,676.3,669.0,694.4,673.4,62.5,53.2,0.15,-1.42,113.5
00:26:29,14099.8,98.1,-13.1,1993,15.23,7.48,104.5,102.5,114.1,103.3,675.8,669.8,692.3,674.9,62.6,52.6,-0.04,0.23,113.2
00:26:30,14098.4,98.1,-12.7,1996,15.15,7.62,104.4,102.2,113.9,103.9,677.8,669.5,692.1,672.4,62.0,52.5,-0.05,-0.62,112.3
00:26:31,14104.8,99.4,-13.2,1991,15.15,7.51,104.5,102.9,113.8,104.1,677.1,672.0,692.3,673.3,62.4,53.0,0.27,1.8,111.8
00:26:32,14102.2,99.0,-13.1,2000,15.17,7.58,105.3,103.0,114.2,103.8,677.7,670.0,691.0,672.8,61.7,53.2,-0.22,0.68,113.4
00:26:33,14100.2,98.8,-12.5,1997,15.17,7.48,104.6,102.9,114.5,103.6,674.9,669.4,693.1,675.7,62.8,53.2,0.22,0.58,112.1
00:26:34,14103.4,98.3,-12.6,1996,15.14,7.47,105.1,102.9,113.8,103.4,677.3,670.3,694.7,675.3,62.0,53.0,0.12,0.28,112.5
00:26:35,14105.1,98.2,-13.1,2001,15.21,7.51,105.0,102.8,113.9,103.5,677.4,672.5,692.5,675.8,62.0,53.4,0.22,1.27,112.7
00:26:36,14099.3,99.0,-12.6,1993,15.15,7.47,104.4,102.3,114.7,104.0,675.4,670.2,691.8,672.2,62.4,53.3,0.28,-1.1,113.1
00:26:37,14094.8,98.3,-13.3,2002,15.2,7.56,105.2,102.9,114.4,103.5,675.1,671.6,691.1,672.0,61.8,52.8,-0.29,-1.95,113.0
00:26:38,14104.2,98.3,-12.7,1994,15.11,7.65,105.2,103.0,113.9,103.4,675.8,669.6,694.6,674.3,62.4,52.6,0.09,-1.5,111.9
00:26:39,14099.9,98.1,-13.3,1990,15.21,7.54,105.0,102.7,114.8,104.2,675.3,672.6,693.6,672.1,61.8,52.9,-0.06,-0.69,113.5
00:26:40,14094.6,98.5,-12.6,2001,15.19,7.55,105.0,102.9,114.3,103.9,676.8,669.1,694.2,672.3,62.5,53.2,0.16,1.77,112.9
00:26:41,14099.0,98.1,-12.8,1990,15.14,7.47,104.8,102.4,114.5,103.6,675.2,672.0,691.4,674.9,62.1,53.4,-0.23,0.4,113.4
00:26:42,14100.4,98.5,-12.9,1992,15.18,7.52,104.6,102.4,114.9,103.7,678.5,671.6,694.0,674.7,62.5,52.7,0.12,-0.2,111.9
00:26:43,14094.1,98.8,-13.1,1995,15.12,7.61,104.7,102.9,114.9,103.7,675.4,669.4,693.6,673.8,62.9,52.7,-0.03,-0.29,112.6
00:26:44,14107.8,99.0,-13.1,1998,15.21,7.51,105.0,102.9,114.7,103.8,675.1,671.5,694.6,675.7,62.6,52.5,0.12,1.2,111.8
00:26:45,14106.9,98.3,-13.1,1999,15.25,7.62,105.3,102.4,114.8,104.2,677.9,670.9,691.4,674.2,62.2,53.0,0.25,0.46,112.3
00:26:46,14095.0,99.3,-13.0,1998,15.2,7.6,105.1,102.7,114.8,103.9,678.1,672.0,693.7,673.9,62.1,53.4,0.05,0.95,113.5
00:26:47,14099.5,99.2,-12.8,1991,15.12,7.49,104.6,103.2,114.9,103.9,678.0,672.5,691.2,672.1,61.8,53.4,-0.2,0.28,113.0
00:26:48,14093.2,98.4,-12.9,2002,15.17,7.54,105.3,102.6,114.2,103.9,676.1,672.9,691.9,674.8,61.8,52.5,0.09,1.57,112.8
00:26:49,14103.7,98.9,-12.6,1995,15.18,7.58,105.2,102.8,114.6,103.7,677.9,670.0,691.3,673.8,62.0,53.3,0.22,1.42,112.2
00:26:50,14101.9,99.0,-13.2,1993,15.26,7.57,105.5,102.6,115.1,104.4,677.5,670.7,692.6,672.7,62.0,53.2,-0.03,0.91,113.5
00:26:51,14091.1,99.4,-12.8,2002,15.24,7.49,105.3,103.1,114.8,104.5,677.8,672.9,692.1,674.3,62.4,52.7,-0.08,-1.5,111.8
00:26:52,14093.8,98.9,-13.0,1998,15.12,7.56,105.5,103.1,115.1,104.0,677.0,669.4,692.1,675.3,62.9,52.5,0.16,1.73,113.4
00:26:53,14105.0,99.4,-13.0,1999,15.14,7.6,105.6,103.4,114.7,104.6,676.4,669.6,691.8,672.4,61.7,52.7,-0.27,-0.58,112.4
00:26:54,14097.0,99.2,-12.7,1991,15.23,7.6,104.7,102.9,115.2,104.4,676.8,669.4,692.2,673.9,61.8,53.2,-0.09,-0.5,113.0
00:26:55,14102.8,98.6,-12.7,1996,15.16,7.48,104.8,103.5,115.1,104.1,677.0,669.9,694.1,674.5,62.9,52.5,-0.1,-1.96,113.4
00:26:56,14107.2,98.4,-12.6,2000,15.16,7.48,105.5,103.4,114.9,103.8,677.6,671.2,692.6,674.9,62.6,52.7,-0.1,-0.19,112.0
00:26:57,14101.9,98.5,-13.2,1993,15.13,7.65,105.6,103.1,114.8,103.9,676.7,672.9,692.4,673.3,62.0,52.7,0.11,1.29,112.3
00:26:58,14107.5,98.7,-13.1,1997,15.21,7.47,105.6,103.4,114.6,103.7,678.8,671.1,692.6,675.9,62.6,52.5,-0.24,-0.77,111.6
00:26:59,14107.0,99.5,-12.9,1995,15.21,7.56,105.4,102.9,114.7,104.0,678.4,673.1,694.6,672.4,62.1,53.0,-0.3,-0.82,113.4
00:27:00,14105.1,98.1,-13.1,2000,15.14,7.48,104.8,103.2,114.8,104.1,675.2,671.9,693.6,674.4,62.0,53.2,0.11,0.89,112.2
00:27:01,14103.8,98.8,-12.9,1997,15.14,7.57,105.7,102.7,115.2,104.4,676.8,672.6,691.4,672.8,62.6,53.3,0.16,0.66,111.9
00:27:02,14102.3,99.0,-13.1,2000,15.25,7.59,105.4,103.3,114.6,104.4,675.4,672.3,693.4,672.2,62.2,52.7,-0.19,-0.06,112.3
00:27:03,14106.8,98.4,-12.9,2003,15.13,7.62,104.9,102.7,114.7,104.4,678.2,671.3,694.2,673.6,62.7,52.6,-0.08,-1.72,111.7
00:27:04,14106.4,98.0,-13.2,2004,15.2,7.57,105.2,103.5,114.5,104.3,678.0,670.7,691.5,674.9,62.1,53.2,-0.1,0.95,112.4
00:27:05,14093.3,99.3,-13.0,2004,15.27,7.56,105.2,103.1,114.5,104.1,677.1,669.7,695.3,675.7,61.7,53.0,-0.26,-0.76,113.2
00:27:06,14101.6,98.0,-13.3,2000,15.21,7.61,105.3,102.8,114.7,104.8,677.4,671.5,692.1,675.0,62.8,53.4,0.01,1.56,113.5
00:27:07,14097.0,99.4,-12.6,2003,15.18,7.48,105.1,103.0,114.6,104.2,677.8,672.4,695.2,673.9,62.8,52.9,-0.14,-1.26,112.7
00:27:08,14095.9,99.2,-13.0,2004,15.29,7.57,105.4,103.0,114.5,104.8,678.2,669.5,692.0,675.9,62.8,53.2,-0.26,-0.75,111.6
00:27:09,14096.3,98.4,-13.0,1998,15.3,7.62,105.0,103.4,115.0,104.5,675.5,670.2,692.0,672.6,62.4,53.1,-0.0,-1.51,112.5
00:27:10,14092.0,98.2,-13.1,2003,15.18,7.62,105.5,103.6,114.6,104.4,676.7,671.8,694.4,675.5,62.2,53.4,0.06,1.69,112.0
00:27:11,14095.7,99.2,-12.8,1998,15.3,7.66,104.9,103.6,114.8,104.0,675.3,670.7,694.0,675.5,62.7,53.1,0.24,-1.57,112.4
00:27:12,14099.0,99.0,-12.7,2004,15.29,7.5,105.1,103.2,114.9,103.9,675.6,670.6,694.1,674.4,61.9,53.4,-0.06,1.12,111.9
00:27:13,14098.7,98.2,-12.9,1999,15.18,7.66,105.9,103.5,115.1,104.6,675.9,671.4,694.5,674.0,62.5,53.3,-0.22,0.27,112.6
00:27:14,14099.6,98.8,-12.7,2004,15.16,7.61,105.3,103.3,115.2,104.9,676.2,669.5,694.6,674.2,61.9,52.7,0.19,-0.71,113.0
00:27:15,14092.2,98.1,-12.8,2004,15.23,7.59,105.3,103.7,114.8,105.0,675.8,673.0,694.1,676.1,62.1,53.4,0.05,1.7,112.3
00:27:16,14099.4,98.9,-12.9,1999,15.22,7.67,105.1,103.6,115.4,104.8,675.5,670.1,694.9,673.1,62.9,53.3,-0.0,-0.64,111.9
00:27:17,14091.7,99.4,-13.2,1997,15.3,7.58,105.8,103.6,114.7,104.1,677.2,672.4,692.7,673.0,61.9,52.9,-0.2,2.0,113.2
00:27:18,14107.1,98.4,-13.0,2001,15.17,7.57,105.1,103.0,115.0,104.9,676.6,669.5,694.4,673.3,62.2,53.3,-0.2,-0.99,112.1
00:27:19,14100.2,99.2,-13.3,1998,15.27,7.64,105.9,103.4,115.1,104.7,679.3,673.1,695.3,676.2,62.5,53.2,0.25,1.57,112.3
00:27:20,14094.7,98.3,-13.3,1997,15.27,7.61,105.3,103.1,115.2,105.0,677.6,671.2,692.2,672.7,62.2,53.2,0.19,0.25,112.0
00:27:21,14094.7,99.0,-12.7,2004,15.26,7.67,105.6,103.6,115.0,104.3,676.9,672.9,692.4,672.4,62.7,52.7,0.27,0.0,112.8
00:27:22,14100.1,97.8,-13.2,2005,15.25,7.56,105.6,103.9,115.8,104.5,678.3,671.2,694.7,672.7,62.4,52.8,0.26,1.97,112.7
00:27:23,14098.5,98.9,-12.8,2002,15.22,7.68,106.0,103.7,115.1,104.9,676.2,672.2,695.6,674.5,62.3,52.8,-0.24,1.75,112.9
00:27:24,14101.7,99.3,-13.2,2008,15.18,7.58,105.9,103.3,115.8,104.8,676.6,672.0,694.8,675.3,62.5,53.3,-0.18,0.97,112.6
00:27:25,14097.5,98.9,-13.1,1996,15.23,7.64,105.7,103.3,115.0,104.6,677.8,669.4,692.4,672.7,62.4,53.3,-0.02,0.31,113.1
00:27:26,14099.0,97.8,-13.0,1998,15.31,7.52,105.9,103.1,115.6,104.5,677.5,671.0,694.0,674.8,62.9,52.5,-0.23,-0.2,112.2
00:27:27,14090.2,98.4,-13.1,1998,15.28,7.58,105.5,103.7,115.2,104.4,678.5,669.8,694.6,673.4,62.1,53.4,-0.22,1.15,113.1
00:27:28,14090.5,99.0,-12.9,2007,15.25,7.51,105.4,103.5,115.0,105.0,676.0,670.5,693.5,675.4,61.9,53.0,-0.11,-0.51,113.0
00:27:29,14107.3,98.4,-12.9,1999,15.3,7.6,106.1,103.6,115.7,105.1,676.0,670.8,692.7,673.1,62.9,53.2,-0.04,-1.71,111.9
00:27:30,14091.1,98.4,-13.3,2009,15.17,7.56,105.8,103.7,115.5,104.4,678.6,671.8,693.1,675.9,62.6,52.5,0.15,1.7,112.0
00:27:31,14096.2,98.9,-12.7,2010,15.29,7.53,106.1,103.2,115.4,104.4,676.0,673.4,693.9,675.2,63.0,52.9,-0.26,-0.2,113.2
00:27:32,14095.5,98.1,-13.1,2009,15.29,7.66,106.2,103.7,115.9,104.3,678.7,673.3,694.5,674.1,62.8,53.2,0.16,1.99,113.4
00:27:33,14092.0,99.4,-13.0,2001,15.27,7.5,105.6,103.5,115.7,104.7,678.1,671.7,692.8,674.7,62.6,53.4,0.2,0.43,113.3
00:27:34,14093.4,98.0,-12.9,1999,15.2,7.62,105.4,103.6,115.5,104.6,677.1,670.7,695.8,675.9,62.0,53.5,0.0,0.13,112.4
00:27:35,14097.4,98.0,-12.6,2006,15.29,7.62,105.6,103.4,116.1,104.4,678.4,670.6,694.5,675.7,62.6,52.6,-0.11,-0.1,111.8
00:27:36,14096.6,98.9,-12.6,2008,15.26,7.57,106.0,103.9,116.0,105.3,677.4,669.6,693.1,676.3,62.5,52.7,-0.02,1.33,111.6
00:27:37,14090.4,99.2,-12.7,2010,15.19,7.51,105.6,104.0,116.2,104.5,678.0,669.7,694.1,673.6,62.3,53.4,-0.28,1.65,113.0
00:27:38,14094.0,98.4,-13.2,2001,15.32,7.59,106.0,103.4,115.7,104.8,678.3,672.9,695.1,676.4,62.7,52.9,0.0,-1.86,111.6
00:27:39,14102.9,98.6,-13.3,2001,15.18,7.52,105.9,103.9,115.9,105.2,676.7,673.5,693.5,672.6,62.6,53.4,0.07,1.21,111.8
00:27:40,14097.9,98.3,-12.9,2005,15.22,7.64,106.1,104.0,116.1,105.2,677.1,671.8,694.6,676.0,62.6,53.4,-0.06,-0.56,111.9
00:27:41,14101.2,98.9,-13.3,1998,15.25,7.66,106.1,103.7,116.0,104.6,677.9,673.3,695.7,675.5,63.0,52.6,-0.02,0.78,113.0
00:27:42,14098.6,98.3,-12.5,1999,15.18,7.58,105.5,103.6,116.0,104.8,678.9,670.7,692.5,674.2,62.2,53.2,-0.15,-0.87,111.8
00:27:43,14099.5,98.1,-12.9,2007,15.18,7.51,106.0,104.3,116.3,104.8,675.8,673.1,693.0,675.6,62.7,53.3,-0.22,1.08,112.3
00:27:44,14100.6,97.9,-12.9,2009,15.29,7.53,105.6,103.5,116.3,105.0,679.1,671.6,694.0,675.3,61.9,53.3,0.21,0.21,113.1
00:27:45,14099.5,98.7,-12.8,2006,15.21,7.53,106.2,104.1,116.3,105.5,677.3,671.3,693.7,676.6,62.2,52.6,0.07,1.96,113.2
00:27:46,14099.4,98.5,-13.2,2005,15.24,7.71,105.9,104.4,115.8,104.9,679.4,673.2,692.4,672.8,62.1,53.0,-0.18,1.79,112.4
00:27:47,14099.7,99.0,-12.5,2002,15.26,7.59,105.7,103.9,116.3,105.5,676.3,669.9,693.0,673.9,61.9,53.3,-0.28,-1.02,112.3
00:27:48,14095.5,98.4,-12.6,2001,15.26,7.52,106.4,104.3,116.0,105.4,676.8,671.1,694.9,675.0,62.9,52.7,-0.17,-0.42,111.8
00:27:49,14094.0,98.3,-12.9,2001,15.25,7.63,106.2,103.6,116.2,105.3,679.4,670.5,695.2,675.2,62.7,52.6,-0.29,1.73,113.1
00:27:50,14091.6,99.0,-12.9,2002,15.26,7.61,106.6,103.7,115.7,105.5,675.9,673.0,693.1,674.2,62.0,52.8,0.15,-0.2,111.8
00:27:51,14087.2,98.2,-13.1,2001,15.2,7.63,106.1,103.9,116.1,104.9,677.4,671.4,692.6,674.9,62.9,52.9,-0.27,-0.54,112.8
00:27:52,14095.5,99.3,-12.7,2006,15.24,7.62,105.9,104.0,116.3,104.8,676.1,670.2,693.3,676.7,62.8,53.3,-0.03,0.15,112.8
00:27:53,14090.6,98.4,-12.7,2005,15.22,7.66,105.9,104.1,116.4,105.3,678.5,672.0,696.3,674.1,62.3,52.9,0.18,-1.27,113.1
00:27:54,14092.4,99.1,-12.7,2004,15.32,7.72,106.7,103.7,115.7,104.9,678.2,669.9,693.0,674.9,62.5,52.6,0.13,0.69,112.2
00:27:55,14094.6,98.7,-13.1,2004,15.26,7.53,106.7,104.3,115.8,105.5,677.4,672.3,695.0,673.4,62.9,53.6,0.21,0.45,112.6
00:27:56,14088.5,98.2,-13.3,2002,15.3,7.63,106.1,103.7,116.6,105.6,677.4,670.9,695.6,675.7,62.8,53.5,0.29,-0.6,111.7
00:27:57,14090.1,98.5,-13.1,2006,15.27,7.72,106.3,104.0,116.6,105.6,677.2,672.4,692.4,675.9,62.0,53.4,0.13,1.21,111.5
00:27:58,14087.9,98.1,-12.9,2001,15.25,7.66,106.7,104.5,116.1,105.5,678.5,672.8,692.4,676.4,63.0,53.2,0.15,1.98,111.6
00:27:59,14096.8,99.0,-13.1,2013,15.24,7.67,106.1,104.1,115.9,105.0,679.5,670.4,692.6,676.0,62.1,53.4,0.11,0.45,112.1
00:28:00,14088.4,97.7,-13.0,2014,15.27,7.62,106.5,104.6,116.3,105.6,677.8,671.3,693.3,675.5,62.5,53.1,-0.19,1.79,112.7
00:28:01,14093.6,99.2,-12.7,2008,15.26,7.7,106.2,104.7,115.9,105.8,677.7,673.8,692.6,676.7,63.0,53.4,0.12,-0.36,112.5
00:28:02,14086.9,98.8,-12.6,2003,15.32,7.6,106.7,104.3,116.1,105.6,677.7,673.5,693.7,676.5,63.1,52.6,0.18,1.51,112.4
00:28:03,14101.3,97.9,-13.2,2002,15.24,7.59,106.5,104.6,115.8,105.6,677.5,673.0,695.7,673.5,62.7,53.5,-0.2,-0.09,111.9
00:28:04,14087.8,98.2,-12.5,2002,15.25,7.64,106.1,104.4,116.6,105.6,676.0,670.5,693.0,673.2,62.9,53.0,0.15,0.73,112.6
00:28:05,14101.1,99.2,-12.9,2013,15.33,7.71,106.0,104.4,116.1,105.2,676.8,673.7,693.7,674.5,62.4,53.0,-0.06,1.31,111.5
00:28:06,14100.0,98.6,-12.9,2006,15.25,7.59,106.4,104.1,116.6,105.5,677.4,673.8,693.9,673.8,62.0,53.4,0.17,-1.68,112.2
00:28:07,14084.9,98.7,-12.6,2007,15.32,7.68,106.4,103.9,116.1,105.4,676.9,672.7,695.1,675.3,62.8,53.3,0.15,-1.96,112.0
00:28:08,14090.9,97.8,-13.3,2007,15.32,7.69,106.8,104.3,116.6,105.3,677.7,672.3,694.7,673.0,62.0,53.4,-0.02,0.96,113.2
00:28:09,14086.5,98.5,-13.1,2013,15.28,7.6,106.4,104.7,116.5,105.1,676.5,672.7,694.3,675.1,62.4,52.9,0.18,-0.33,112.5
00:28:10,14083.8,98.6,-13.1,2009,15.29,7.7,106.6,104.3,116.3,106.0,678.7,671.8,695.6,675.9,62.6,53.1,-0.28,-1.5,112.2
00:28:11,14097.0,97.9,-12.8,2008,15.36,7.56,106.6,104.3,116.6,105.4,677.7,671.3,695.5,674.0,62.9,53.1,0.3,0.87,111.8
00:28:12,14083.2,99.1,-12.8,2008,15.25,7.72,106.5,104.5,116.1,105.9,676.9,671.5,695.5,674.0,62.9,52.9,-0.28,-1.68,112.8
00:28:13,14094.7,99.2,-13.1,2004,15.34,7.72,106.4,104.5,116.7,105.9,676.0,670.3,695.3,673.8,62.0,53.3,0.13,-0.01,111.6
00:28:14,14086.0,98.9,-12.9,2014,15.22,7.71,106.3,104.2,116.9,106.1,676.9,673.5,694.9,673.3,62.1,53.5,0.18,1.82,112.8
00:28:15,14090.3,98.4,-12.5,2008,15.27,7.54,106.6,104.6,116.5,106.0,676.2,671.7,695.3,676.4,62.3,52.6,0.29,-0.15,112.2
00:28:16,14089.9,97.9,-12.8,2010,15.28,7.69,106.7,104.9,116.2,105.3,676.5,670.8,696.0,673.1,62.9,53.3,0.07,0.79,112.1
00:28:17,14095.3,98.2,-13.2,2004,15.23,7.66,106.6,104.7,117.1,105.8,679.0,670.4,693.0,676.3,62.7,53.0,0.02,0.4,111.4
00:28:18,14087.2,98.5,-12.9,2005,15.33,7.7,106.7,104.1,116.3,105.8,677.2,672.5,694.1,673.9,62.5,53.3,0.26,1.13,112.7
00:28:19,14084.6,97.8,-13.2,2018,15.34,7.56,107.1,104.9,116.9,106.2,678.0,672.0,694.1,674.6,62.7,53.2,0.17,0.26,113.1
00:28:20,14086.7,99.0,-12.5,2017,15.29,7.68,106.3,104.9,117.3,106.2,676.7,670.6,696.5,676.6,62.7,52.9,-0.26,0.66,112.4
00:28:21,14092.1,97.8,-12.6,2010,15.28,7.58,106.6,104.4,117.0,105.7,677.3,670.9,696.1,676.8,62.7,52.9,0.13,-1.23,111.5
00:28:22,14086.4,97.6,-13.1,2017,15.27,7.67,107.0,104.2,116.4,106.3,679.0,674.0,696.1,673.2,63.1,53.4,-0.17,-0.99,111.8
00:28:23,14081.4,98.4,-13.2,2006,15.23,7.64,107.3,104.5,116.5,105.6,678.2,671.7,695.6,675.6,62.3,53.1,-0.1,0.66,112.8
00:28:24,14093.1,98.5,-12.5,2008,15.34,7.66,106.8,105.1,116.6,105.8,677.6,671.2,695.4,675.2,62.5,53.2,-0.25,-0.78,112.6
00:28:25,14090.5,99.1,-13.1,2008,15.32,7.57,106.4,104.5,116.6,105.7,679.0,671.3,696.7,676.3,62.6,53.2,-0.26,-1.67,112.8
00:28:26,14087.9,98.6,-12.9,2012,15.34,7.69,107.3,105.0,116.7,106.1,678.7,672.0,695.2,676.6,62.0,53.0,0.21,-1.87,112.0
00:28:27,14081.0,99.1,-12.5,2016,15.28,7.73,106.7,104.8,116.9,106.1,676.8,670.4,695.4,675.6,62.7,53.0,0.01,0.37,111.3
00:28:28,14091.9,98.3,-13.1,2013,15.35,7.75,106.5,104.6,116.7,105.8,678.9,672.2,693.6,676.5,62.9,53.3,0.28,1.17,112.7
00:28:29,14085.1,99.0,-12.5,2012,15.24,7.6,107.3,105.3,116.7,105.5,677.0,672.7,696.5,675.0,62.3,52.9,0.29,-0.28,112.0
00:28:30,14082.9,97.6,-12.7,2016,15.37,7.69,107.0,104.6,117.1,106.4,680.2,671.9,694.2,677.2,63.1,52.9,0.18,0.22,111.3
00:28:31,14090.4,97.5,-12.9,2011,15.27,7.69,107.1,104.8,117.2,105.7,677.4,672.3,694.6,677.2,62.6,53.3,-0.26,-1.21,111.4
00:28:32,14087.0,98.9,-12.9,2013,15.24,7.72,106.6,104.5,116.8,106.2,677.3,672.8,694.4,674.3,62.7,53.1,-0.0,-1.4,112.1
00:28:33,14076.8,98.8,-12.7,2009,15.36,7.62,106.6,105.1,117.4,106.3,677.3,673.7,695.1,674.2,62.2,52.8,0.17,-1.69,111.2
00:28:34,14090.0,98.1,-12.9,2011,15.35,7.68,107.0,105.4,117.2,106.6,680.3,670.9,694.1,673.8,62.3,52.9,-0.19,0.45,113.0
00:28:35,14078.7,98.9,-12.6,2010,15.25,7.66,107.2,105.1,117.4,106.4,677.4,674.2,695.6,673.8,63.1,53.3,-0.24,-1.24,112.6
00:28:36,14076.0,98.4,-12.5,2013,15.4,7.67,106.7,105.0,117.5,105.9,680.2,670.4,696.5,674.5,63.1,53.5,0.23,1.63,111.3
00:28:37,14076.4,97.5,-13.2,2021,15.3,7.66,106.9,104.7,116.9,105.8,678.7,673.8,694.8,673.3,62.1,52.9,0.13,-1.16,111.3
00:28:38,14082.4,98.5,-12.5,2014,15.34,7.7,107.2,105.1,117.5,106.3,678.7,673.3,694.5,674.7,62.8,53.5,0.16,-1.15,111.5
00:28:39,14078.0,98.4,-13.1,2009,15.3,7.57,107.3,104.7,117.2,105.9,677.9,671.4,697.0,676.7,62.8,53.2,0.21,1.72,111.1
00:28:40,14080.7,97.5,-13.1,2016,15.37,7.7,107.4,105.1,117.2,105.8,677.9,673.1,696.1,677.3,62.7,53.5,0.13,-0.16,111.7
00:28:41,14075.0,98.6,-13.2,2018,15.39,7.77,107.4,105.0,117.0,106.2,680.0,673.8,695.0,673.5,62.4,53.5,0.03,-0.46,111.7
00:28:42,14087.5,98.9,-12.7,2009,15.28,7.57,107.2,104.7,117.0,105.8,679.1,671.9,695.6,677.1,62.8,53.1,-0.21,1.88,112.9
00:28:43,14088.4,98.3,-12.8,2015,15.37,7.63,107.6,105.5,117.3,106.8,678.7,673.8,695.9,675.3,62.1,53.5,-0.06,-0.92,112.4
00:28:44,14085.9,98.8,-13.1,2019,15.36,7.61,107.3,104.8,117.2,106.5,679.8,674.1,695.9,676.9,62.7,53.3,-0.23,-1.71,111.4
00:28:45,14083.5,97.9,-13.2,2013,15.39,7.7,106.8,105.3,117.1,105.9,676.9,671.4,697.2,673.7,62.6,53.5,0.06,0.62,112.4
00:28:46,14073.9,97.8,-12.8,2017,15.4,7.76,107.2,105.7,117.9,106.0,677.9,673.3,696.7,677.0,62.1,53.1,0.29,-0.29,112.8
00:28:47,14073.4,99.0,-12.9,2013,15.36,7.63,107.8,105.2,117.9,106.4,676.7,672.8,694.5,675.2,63.2,53.3,0.04,1.06,111.2
00:28:48,14086.0,98.9,-13.2,2017,15.39,7.63,107.2,105.7,117.1,106.9,678.8,674.2,696.8,676.1,62.7,52.9,-0.13,1.88,111.9
00:28:49,14084.2,97.5,-12.7,2017,15.27,7.74,107.9,105.1,118.0,106.3,680.1,673.6,694.7,677.1,62.1,52.8,-0.11,1.95,112.3
00:28:50,14085.3,98.8,-12.9,2012,15.31,7.6,107.0,105.7,118.0,106.1,677.6,671.6,693.6,674.0,62.9,53.2,-0.23,1.15,111.8
00:28:51,14084.7,98.1,-12.5,2016,15.34,7.63,107.7,105.1,117.5,106.6,677.9,671.2,697.0,675.3,62.2,52.8,-0.15,1.97,112.4
00:28:52,14085.3,98.0,-12.6,2011,15.38,7.74,107.8,105.8,117.2,106.4,679.8,674.0,694.9,675.9,62.1,53.3,0.22,-1.07,112.1
00:28:53,14075.3,97.7,-12.6,2016,15.29,7.73,108.0,105.3,117.4,106.0,677.3,670.7,693.7,676.1,63.0,53.7,-0.24,-0.69,112.9
00:28:54,14073.3,98.1,-12.7,2021,15.32,7.59,107.7,105.0,118.1,106.2,677.3,674.2,695.1,675.3,62.5,52.9,0.1,0.63,111.0
00:28:55,14079.5,98.2,-13.2,2023,15.37,7.71,107.6,105.5,117.8,106.6,680.4,674.3,695.9,673.8,63.0,53.5,0.11,-0.09,111.3
00:28:56,14083.8,98.7,-13.1,2011,15.27,7.75,107.7,106.0,117.3,106.9,677.0,673.9,695.8,676.5,62.6,53.4,0.22,1.42,111.2
00:28:57,14081.3,98.0,-13.2,2013,15.37,7.71,107.4,105.4,117.9,106.3,678.4,672.1,696.1,677.4,62.1,53.3,-0.01,1.68,111.0
00:28:58,14071.9,98.6,-12.7,2016,15.3,7.6,107.6,105.2,118.0,106.5,678.3,674.6,694.0,676.5,62.3,53.5,-0.14,-1.29,111.2
00:28:59,14078.9,98.5,-12.6,2019,15.42,7.61,108.1,105.1,118.0,107.1,677.1,672.2,695.2,674.8,62.3,52.9,0.01,1.91,111.4
00:29:00,14073.4,98.4,-13.1,2019,15.31,7.75,108.0,105.6,118.2,106.5,677.3,671.9,696.6,673.8,63.0,53.3,-0.08,0.25,112.9
00:29:01,14081.7,98.0,-13.1,2020,15.35,7.63,107.7,105.3,118.2,107.0,678.6,670.7,694.0,675.2,62.8,53.4,0.09,-1.08,111.5
00:29:02,14072.2,98.3,-13.0,2020,15.31,7.62,107.9,105.9,117.8,106.3,677.8,673.4,696.1,674.5,62.3,53.5,0.28,1.14,112.0
00:29:03,14078.6,98.0,-12.7,2023,15.36,7.78,108.0,105.7,117.6,107.1,680.4,672.9,694.8,674.5,63.2,53.3,0.01,0.05,112.5
00:29:04,14071.9,97.7,-12.5,2026,15.42,7.61,107.7,105.8,117.7,106.3,678.4,673.7,696.3,675.0,62.8,53.0,-0.22,-0.72,112.0
00:29:05,14065.8,97.8,-13.0,2013,15.36,7.77,107.8,105.4,118.3,106.8,677.6,672.9,695.5,675.5,62.9,53.5,0.06,-1.1,112.7
00:29:06,14068.4,98.6,-12.8,2025,15.44,7.76,107.8,106.1,118.1,106.7,677.5,672.9,697.6,675.6,62.3,53.2,-0.11,-0.37,111.4
00:29:07,14068.8,97.9,-12.7,2019,15.32,7.66,108.3,105.4,118.1,106.4,678.6,672.9,694.4,676.9,63.0,53.3,0.23,-1.37,111.3
00:29:08,14063.4,98.5,-12.8,2015,15.44,7.74,108.2,105.3,117.8,107.0,678.5,672.8,695.7,677.5,62.6,52.9,-0.29,-0.73,112.0
00:29:09,14073.9,97.6,-12.8,2024,15.32,7.73,107.7,105.6,118.0,106.5,678.6,674.7,695.4,674.9,62.4,53.0,-0.14,-0.26,111.1
00:29:10,14074.6,98.6,-13.2,2021,15.29,7.78,108.0,105.5,118.4,107.2,679.6,673.0,697.9,677.6,62.2,53.0,-0.28,-1.96,111.7
00:29:11,14073.2,98.5,-12.7,2020,15.33,7.62,108.3,105.8,118.5,107.2,678.4,674.3,696.4,675.0,62.9,53.4,-0.11,-1.63,111.5
00:29:12,14063.2,97.4,-12.7,2023,15.34,7.7,107.7,105.6,118.5,107.2,677.4,671.2,695.5,675.3,63.2,53.5,-0.02,-0.64,112.0
00:29:13,14070.8,97.5,-13.2,2018,15.34,7.73,107.8,106.3,118.1,107.1,677.8,672.4,695.1,674.9,62.2,53.7,-0.25,0.59,111.4
00:29:14,14072.0,97.6,-12.6,2015,15.3,7.65,108.5,106.2,118.7,106.5,677.9,672.8,694.3,677.0,63.1,53.3,0.27,-0.69,111.6
00:29:15,14068.9,97.3,-12.5,2018,15.4,7.72,108.2,106.3,118.2,106.6,679.2,673.9,695.2,677.1,63.1,52.8,0.17,0.44,112.1
00:29:16,14076.1,98.7,-13.0,2019,15.41,7.62,108.3,106.4,118.4,107.4,680.8,674.4,697.5,674.4,63.3,53.2,-0.15,1.09,112.2
00:29:17,14065.8,98.6,-12.9,2027,15.37,7.62,108.4,106.3,118.9,107.2,677.5,672.3,696.4,674.0,63.0,53.3,-0.04,1.73,111.3
00:29:18,14069.5,97.6,-13.1,2021,15.41,7.66,108.4,106.2,118.9,107.5,680.1,672.1,696.5,676.4,62.2,53.6,-0.26,1.75,112.5
00:29:19,14064.2,97.3,-12.9,2017,15.41,7.65,107.8,106.4,118.6,106.9,677.9,672.0,695.3,675.1,62.3,53.1,-0.06,-0.32,110.8
00:29:20,14074.3,98.8,-12.9,2025,15.46,7.64,108.4,105.7,118.2,107.6,677.5,674.3,695.5,675.4,62.5,53.0,0.19,-1.8,112.6
00:29:21,14068.9,98.5,-12.5,2016,15.37,7.8,108.6,106.0,118.3,107.5,679.2,673.4,696.5,676.6,62.4,53.4,-0.1,-1.0,112.6
00:29:22,14060.1,98.0,-13.1,2022,15.34,7.72,108.0,106.5,118.9,107.0,677.2,673.2,696.4,675.8,63.2,53.6,-0.01,1.04,111.9
00:29:23,14059.2,97.7,-13.2,2019,15.35,7.77,108.0,106.3,118.4,107.7,680.2,671.3,697.2,677.9,62.5,53.4,-0.08,0.95,111.1
00:29:24,14057.4,97.6,-12.5,2020,15.32,7.67,108.5,106.3,118.9,107.3,680.0,673.1,694.9,675.9,62.3,53.0,0.22,1.97,111.1
00:29:25,14071.1,98.3,-13.1,2022,15.32,7.64,107.8,106.2,119.1,107.5,678.7,672.8,695.0,677.8,62.9,53.3,-0.23,1.68,111.9
00:29:26,14061.9,98.2,-12.9,2028,15.35,7.64,108.7,106.3,119.2,107.1,678.6,672.8,696.0,674.4,62.8,53.8,0.16,-0.58,112.3
00:29:27,14067.2,98.3,-12.8,2030,15.4,7.65,108.6,105.8,118.6,107.1,680.4,673.1,694.5,674.7,62.5,53.7,0.16,0.83,112.1
00:29:28,14062.3,98.7,-12.7,2021,15.47,7.78,108.6,106.3,118.3,107.7,680.9,671.4,694.7,675.0,63.2,53.2,-0.22,1.44,110.8
00:29:29,14052.6,98.5,-12.7,2030,15.41,7.65,108.0,105.8,118.8,107.4,679.9,672.7,698.1,676.8,62.8,53.7,-0.21,1.49,112.7
00:29:30,14068.7,98.3,-12.8,2022,15.45,7.68,108.3,106.1,118.5,107.0,677.5,671.7,695.9,676.2,62.3,53.7,0.14,0.52,111.9
00:29:31,14057.2,98.7,-13.1,2021,15.42,7.75,108.1,105.9,118.6,107.4,679.8,673.7,695.6,675.5,62.3,53.4,-0.02,-1.0,112.4
00:29:32,14067.6,98.8,-13.2,2026,15.48,7.71,108.1,106.4,119.2,107.6,677.2,674.4,694.4,676.8,62.8,53.6,-0.18,-0.12,111.3
00:29:33,14052.3,98.1,-12.9,2017,15.34,7.72,108.6,106.6,119.4,107.9,679.0,672.5,697.8,674.3,62.7,53.3,-0.29,-0.78,112.3
00:29:34,14063.5,98.5,-12.9,2024,15.39,7.74,109.0,106.6,119.2,107.1,678.1,675.1,697.5,675.6,63.0,53.3,0.03,-1.23,111.7
00:29:35,14049.6,97.2,-12.5,2020,15.33,7.82,108.6,106.3,118.5,107.6,679.4,674.9,697.8,675.2,62.5,53.7,0.04,-0.42,112.0
00:29:36,14049.9,97.4,-13.1,2031,15.4,7.81,108.8,106.1,118.6,107.5,678.5,674.0,696.1,675.4,62.6,53.5,-0.06,0.46,112.6
00:29:37,14052.5,97.6,-12.7,2029,15.4,7.79,108.2,106.4,119.0,107.7,677.4,672.4,696.4,676.2,63.1,53.8,0.19,-1.86,111.2
00:29:38,14048.4,97.4,-13.0,2028,15.37,7.68,108.7,106.5,118.8,107.5,680.6,672.8,697.1,677.0,62.8,53.3,0.13,0.01,111.7
00:29:39,14053.0,98.4,-12.7,2024,15.41,7.7,108.2,106.1,118.9,107.3,679.7,673.4,695.1,677.9,63.4,53.2,0.09,0.59,112.1
00:29:40,14047.5,97.8,-13.0,2031,15.39,7.75,108.4,107.0,119.6,107.5,679.0,672.8,698.2,676.2,63.1,53.1,0.16,-1.32,112.5
00:29:41,14062.4,97.6,-13.2,2028,15.35,7.76,108.2,106.7,118.8,107.7,678.9,671.5,696.4,675.4,62.4,53.2,0.0,-0.41,111.3
00:29:42,14060.0,97.4,-13.0,2029,15.35,7.65,108.9,106.8,119.5,108.2,679.8,672.8,695.1,678.2,62.5,53.8,-0.26,0.52,111.9
00:29:43,14048.1,97.6,-12.8,2022,15.41,7.75,108.5,107.0,118.8,107.9,678.1,674.8,697.0,676.6,62.9,53.4,-0.08,-1.54,112.5
00:29:44,14048.7,98.6,-13.0,2028,15.48,7.75,108.9,107.1,119.3,107.7,680.2,673.5,696.7,675.2,63.2,53.9,-0.0,-0.48,112.6
00:29:45,14059.0,97.6,-12.8,2024,15.47,7.66,109.1,107.1,118.8,107.9,678.7,674.6,695.0,676.3,62.5,53.8,0.26,-1.9,111.0
00:29:46,14054.2,97.2,-13.1,2023,15.4,7.8,108.7,106.9,119.2,107.6,680.4,674.0,697.2,675.4,63.3,53.2,-0.21,-0.73,112.6
00:29:47,14054.3,98.7,-12.8,2028,15.4,7.72,108.7,107.1,119.4,107.6,680.0,673.3,697.4,676.7,63.0,53.4,0.17,0.24,110.6
00:29:48,14053.7,97.5,-12.9,2033,15.45,7.68,108.7,107.2,119.4,108.1,678.5,674.0,698.2,674.5,63.3,53.4,0.13,-0.98,111.6
00:29:49,14051.2,98.6,-12.5,2033,15.39,7.78,108.8,106.9,119.3,107.6,680.3,673.4,698.2,676.5,62.6,53.7,-0.0,1.06,111.5
00:29:50,14042.9,98.6,-13.0,2031,15.51,7.71,109.1,106.4,119.9,108.2,680.9,672.4,697.2,678.2,63.1,53.4,0.03,-1.48,112.3
00:29:51,14043.4,97.9,-12.9,2025,15.49,7.69,109.4,107.1,119.1,107.7,678.2,672.6,696.6,676.9,62.5,53.3,0.25,-0.77,112.5
00:29:52,14048.4,98.2,-12.5,2030,15.4,7.66,108.8,106.9,119.3,107.6,680.5,674.3,695.0,677.0,62.9,53.4,-0.03,1.83,112.1
00:29:53,14051.7,97.7,-12.4,2030,15.39,7.73,108.5,106.9,119.6,108.4,679.6,672.9,696.6,675.2,62.9,53.6,0.19,1.45,111.6
00:29:54,14050.2,98.6,-12.5,2023,15.51,7.67,108.9,106.5,119.3,107.8,679.6,674.8,696.0,678.2,63.0,53.0,0.15,-0.77,111.7
00:29:55,14051.3,98.1,-12.9,2035,15.41,7.66,109.5,107.2,120.0,108.4,680.5,673.0,697.9,677.7,63.0,53.9,0.06,1.94,112.2
00:29:56,14046.8,97.4,-12.6,2023,15.46,7.76,109.0,106.8,119.2,108.2,678.6,671.7,697.5,676.8,63.3,52.9,-0.19,-0.68,111.5
00:29:57,14043.1,98.5,-12.7,2026,15.45,7.84,109.2,106.8,119.8,108.3,678.8,671.6,698.8,677.3,63.2,52.9,-0.28,-1.93,112.5
00:29:58,14045.7,98.5,-12.8,2027,15.37,7.69,109.3,107.5,120.1,108.6,679.7,672.1,696.1,675.6,62.7,53.8,-0.1,-1.86,111.4
00:29:59,14038.8,98.1,-13.1,2031,15.38,7.74,109.5,107.5,120.2,108.0,678.8,673.3,695.2,675.7,63.3,53.1,-0.0,-1.23,111.1
00:30:00,14043.0,98.3,-12.4,2029,15.41,7.77,109.3,107.1,120.1,108.7,681.2,674.7,695.6,677.6,62.4,53.6,-0.25,0.07,111.6
00:30:01,14051.4,97.8,-12.7,2036,15.47,7.78,108.9,107.6,119.4,108.5,677.5,673.9,697.1,677.1,62.4,53.1,0.17,0.92,111.9
00:30:02,14046.3,98.2,-12.8,2036,15.46,7.71,109.5,107.3,119.5,108.6,680.6,675.1,698.0,675.3,62.3,53.2,-0.29,-1.0,111.5
00:30:03,14036.2,98.5,-13.1,2037,15.47,7.74,109.6,107.5,119.9,107.8,681.2,675.3,698.0,674.8,63.2,53.3,-0.11,0.63,112.0
00:30:04,14033.0,98.1,-13.1,2032,15.39,7.76,109.0,106.8,119.4,108.2,680.5,672.1,695.9,675.0,62.7,53.5,-0.26,1.71,111.3
00:30:05,14044.5,98.1,-12.4,2024,15.42,7.68,109.7,107.5,119.9,108.3,681.2,675.2,697.3,677.5,63.5,53.5,-0.27,0.61,112.4
00:30:06,14036.4,98.0,-12.4,2024,15.51,7.69,109.6,107.7,119.5,108.6,681.2,671.9,696.7,676.5,63.3,53.0,0.04,1.47,112.2
00:30:07,14040.6,97.8,-12.8,2025,15.4,7.73,109.8,107.0,120.0,108.3,680.9,672.8,697.8,675.2,62.9,53.4,0.27,0.27,112.0
00:30:08,14047.9,97.0,-12.6,2035,15.38,7.79,109.5,107.7,120.2,108.6,677.9,675.1,697.8,676.3,63.0,53.8,-0.27,1.83,111.9
00:30:09,14037.2,98.3,-13.1,2035,15.48,7.72,109.3,106.9,119.9,108.6,681.4,675.1,697.0,675.4,63.5,53.6,-0.06,0.21,111.5
00:30:10,14032.2,98.2,-12.7,2028,15.41,7.68,109.9,107.4,120.4,108.1,679.3,674.0,695.4,674.8,62.5,53.5,-0.02,0.92,112.3
00:30:11,14029.6,97.7,-12.4,2035,15.43,7.81,109.9,107.3,119.8,108.2,678.1,673.7,697.4,677.5,63.2,53.9,-0.09,-1.31,111.8
00:30:12,14034.0,97.0,-13.1,2033,15.43,7.75,109.1,107.0,120.2,108.0,680.1,674.3,696.4,675.6,63.2,53.2,0.13,1.94,111.2
00:30:13,14041.5,97.7,-12.7,2027,15.43,7.72,109.4,107.3,120.6,108.4,677.7,672.1,697.2,677.9,62.8,53.1,-0.28,-1.83,112.0
00:30:14,14039.4,98.0,-13.1,2037,15.49,7.75,110.1,107.9,119.9,108.5,678.7,675.4,699.1,674.7,63.4,53.3,-0.08,-0.22,112.0
00:30:15,14027.6,98.3,-12.6,2031,15.43,7.69,109.5,107.5,120.3,108.4,680.2,674.6,697.6,674.8,63.4,53.3,-0.02,1.3,111.1
00:30:16,14041.1,97.6,-13.2,2029,15.51,7.81,110.0,107.4,120.4,108.9,680.5,674.6,698.7,675.4,63.1,53.5,-0.01,-0.88,110.6
00:30:17,14027.3,98.0,-13.1,2032,15.42,7.72,109.4,107.8,120.3,108.8,679.4,673.0,697.1,675.5,63.2,53.0,0.1,0.89,110.4
00:30:18,14039.3,97.8,-12.7,2035,15.54,7.87,110.2,107.4,120.7,109.0,679.1,674.1,696.0,678.2,63.3,54.0,-0.15,0.03,111.7
00:30:19,14025.4,97.8,-13.0,2037,15.53,7.72,109.9,107.5,120.4,108.4,680.1,672.1,697.3,677.8,63.2,53.7,0.21,1.97,111.2
00:30:20,14029.2,97.0,-13.1,2038,15.54,7.77,109.9,107.2,120.2,108.8,678.4,675.1,697.5,675.5,63.0,53.9,-0.1,1.51,111.7
00:30:21,14022.6,97.1,-12.6,2040,15.48,7.72,109.5,107.8,120.2,109.1,680.8,673.3,697.8,676.9,62.5,53.9,-0.16,1.8,110.9
00:30:22,14034.8,97.4,-12.4,2034,15.42,7.89,110.0,107.8,120.9,109.0,678.0,673.9,696.1,676.9,62.4,53.1,0.17,-0.02,111.3
00:30:23,14021.7,97.7,-12.8,2035,15.42,7.8,110.0,107.6,120.5,108.9,680.2,672.2,697.2,675.4,63.1,54.0,-0.01,-0.3,111.1
00:30:24,14020.8,98.0,-12.7,2030,15.54,7.81,110.0,107.7,120.6,108.6,681.0,671.9,697.0,678.2,62.7,53.9,0.2,-0.55,112.1
00:30:25,14026.5,97.1,-13.0,2030,15.56,7.78,109.8,107.9,120.4,108.6,678.7,673.9,698.6,675.2,63.2,53.1,0.23,-1.73,110.9
00:30:26,14034.7,97.6,-12.8,2037,15.51,7.75,110.4,108.1,120.5,108.5,681.6,675.9,695.8,677.7,62.7,53.7,-0.29,-1.92,110.8
00:30:27,14034.3,97.8,-12.8,2027,15.51,7.87,110.1,107.7,121.0,109.2,681.7,675.4,696.3,675.7,62.6,53.2,-0.19,-0.27,111.5
00:30:28,14032.0,97.5,-12.9,2031,15.49,7.73,110.0,107.9,120.8,109.2,678.9,674.1,698.5,678.8,62.9,53.6,0.24,-1.24,110.4
00:30:29,14033.1,96.9,-12.6,2038,15.48,7.75,110.3,108.2,120.2,109.3,680.0,674.6,698.8,675.8,62.9,53.4,0.01,-0.27,111.6
00:30:30,14018.1,98.2,-12.8,2040,15.52,7.88,110.3,108.4,121.2,109.4,681.3,674.4,697.1,676.5,63.4,53.4,0.07,0.09,111.1
00:30:31,14016.6,97.1,-12.4,2028,15.45,7.89,109.6,108.2,121.1,109.0,681.2,675.0,699.2,675.5,62.6,53.8,-0.12,-0.19,110.7
00:30:32,14023.9,97.6,-12.8,2033,15.54,7.74,109.7,107.8,120.8,108.7,680.8,672.6,697.9,678.6,62.8,53.5,-0.23,-0.73,110.5
00:30:33,14020.0,96.9,-12.8,2037,15.52,7.79,109.9,108.0,120.5,109.5,679.5,674.2,696.4,677.1,62.9,53.9,-0.11,1.29,111.1
00:30:34,14022.2,96.9,-12.7,2035,15.54,7.74,109.9,108.1,120.6,109.6,681.2,672.1,697.2,678.8,63.2,53.3,0.17,-0.61,110.7
00:30:35,14015.5,97.1,-13.0,2042,15.49,7.86,110.4,108.0,120.7,108.8,680.3,674.6,699.1,678.5,63.1,53.5,0.06,-0.35,110.8
00:30:36,14015.9,97.5,-12.5,2036,15.54,7.72,110.4,108.4,121.2,109.5,679.4,674.7,699.2,676.0,62.4,53.7,-0.05,1.58,111.0
00:30:37,14017.5,97.6,-12.7,2039,15.48,7.77,109.9,107.9,121.2,109.4,679.2,674.1,698.4,678.6,63.1,53.9,0.16,0.65,111.4
00:30:38,14020.0,97.2,-12.6,2043,15.43,7.9,110.4,108.2,120.9,109.5,681.7,672.6,696.6,675.2,62.8,53.2,-0.04,-0.35,111.5
00:30:39,14022.8,97.6,-12.8,2035,15.58,7.85,110.7,108.0,121.5,108.8,680.9,676.1,698.4,676.8,62.5,53.8,-0.3,0.53,110.8
00:30:40,14014.2,97.1,-13.0,2037,15.43,7.86,110.1,108.3,121.4,109.0,681.4,674.8,697.6,679.1,63.4,53.4,0.08,-0.74,112.0
00:30:41,14020.5,97.0,-12.7,2042,15.57,7.81,110.2,108.2,121.3,109.1,678.9,674.4,699.0,676.9,63.5,54.0,0.1,0.48,111.5
00:30:42,14007.7,97.2,-12.4,2037,15.56,7.76,110.6,108.2,120.7,109.5,679.6,672.8,696.8,675.7,63.0,53.7,0.12,1.26,111.2
00:30:43,14017.4,96.9,-12.4,2031,15.47,7.89,109.9,108.0,120.8,109.4,678.6,673.8,699.6,676.0,63.0,53.9,-0.23,0.71,112.2
00:30:44,14012.1,97.7,-12.8,2037,15.45,7.82,110.4,108.1,121.4,109.5,678.7,674.7,699.7,677.6,63.4,53.7,0.25,0.48,111.0
00:30:45,14006.0,98.3,-13.1,2043,15.58,7.84,110.8,108.6,121.1,109.8,679.5,674.0,699.7,675.9,63.2,54.0,-0.05,1.55,111.2
00:30:46,14019.6,97.1,-12.4,2041,15.46,7.81,110.9,108.1,121.6,109.9,679.3,673.3,697.5,676.2,62.6,54.0,-0.19,-1.5,111.7
00:30:47,14017.4,97.1,-13.1,2042,15.47,7.76,110.7,108.4,121.1,109.4,679.5,673.8,699.5,675.8,63.2,53.3,0.04,-0.89,111.3
00:30:48,14004.4,97.4,-13.1,2033,15.5,7.72,110.5,108.3,121.5,109.5,681.2,673.0,700.0,677.3,63.3,53.6,-0.27,0.93,111.8
00:30:49,14001.8,97.1,-12.6,2041,15.5,7.78,110.3,108.7,121.0,109.1,679.5,672.9,697.3,677.4,62.8,54.0,-0.11,0.34,112.0
00:30:50,14004.7,97.2,-12.9,2034,15.49,7.86,110.3,108.7,121.0,110.0,682.3,674.8,699.6,677.3,62.6,53.9,-0.15,0.77,110.9
00:30:51,14005.7,97.7,-12.5,2036,15.5,7.88,110.2,108.4,121.3,109.7,680.9,676.1,696.6,678.4,63.0,53.3,0.15,-0.46,110.3
00:30:52,14009.0,98.1,-13.0,2038,15.47,7.75,110.9,108.8,121.5,109.5,682.3,674.3,699.5,677.6,62.8,53.4,0.2,-1.69,111.2
00:30:53,13998.3,98.1,-12.9,2041,15.52,7.8,110.3,108.3,122.0,110.0,681.1,675.1,697.0,677.3,62.6,54.0,0.27,-1.56,111.9
00:30:54,14014.6,97.2,-12.9,2046,15.54,7.76,111.1,109.1,121.6,109.8,681.4,673.6,700.2,676.9,63.6,53.9,-0.05,-1.02,111.2
00:30:55,14011.5,98.2,-12.7,2045,15.6,7.83,110.8,108.6,121.1,109.3,680.5,673.3,696.8,678.7,63.1,53.9,0.12,1.27,111.2
00:30:56,14010.7,98.3,-12.9,2040,15.61,7.84,110.6,109.0,121.5,109.6,678.5,674.4,697.9,675.6,62.6,54.1,0.17,1.26,111.3
00:30:57,14005.0,97.2,-12.6,2045,15.47,7.77,110.7,108.8,121.6,109.9,681.4,675.3,698.3,679.4,63.2,53.7,0.2,1.6,110.4
00:30:58,14009.2,96.8,-13.0,2039,15.54,7.87,111.3,108.9,121.3,109.9,679.6,675.6,698.6,676.6,63.6,53.4,-0.21,1.25,112.0
00:30:59,13994.5,97.0,-12.6,2039,15.59,7.79,110.4,109.0,121.8,109.6,681.1,675.1,697.0,676.5,62.7,54.0,0.29,1.62,111.5
00:31:00,13997.9,97.2,-12.8,2046,15.48,7.76,111.1,108.3,121.6,109.7,679.6,675.6,698.8,676.7,62.9,54.0,0.04,-1.24,111.7
00:31:01,14002.8,97.0,-12.5,2034,15.51,7.89,110.6,108.9,121.4,109.6,679.1,674.9,699.0,678.0,63.6,53.7,0.1,1.66,111.9
00:31:02,14008.7,98.0,-12.5,2043,15.54,7.76,110.7,108.9,122.2,110.0,682.5,676.0,700.1,678.8,62.7,53.8,0.25,-1.1,111.3
00:31:03,13999.2,96.7,-12.4,2047,15.56,7.83,111.0,109.0,121.5,109.5,681.8,673.6,699.0,679.0,63.6,53.7,-0.16,0.77,110.5
00:31:04,14001.1,96.8,-12.6,2039,15.54,7.89,110.9,108.6,122.1,109.7,681.9,675.3,697.0,679.4,63.0,53.8,0.08,1.62,111.8
00:31:05,14001.3,97.6,-12.8,2036,15.54,7.75,110.6,109.2,121.7,110.3,680.4,673.4,699.7,676.4,63.4,53.6,-0.28,-1.64,111.7
00:31:06,13990.6,96.8,-13.1,2042,15.5,7.79,111.6,109.0,121.8,110.1,681.6,674.0,698.5,679.5,63.3,53.2,0.21,-1.13,110.7
00:31:07,13995.8,97.3,-12.4,2047,15.54,7.91,110.9,109.0,122.0,110.3,679.0,675.3,697.8,677.6,62.8,54.1,-0.21,-1.47,110.9
00:31:08,13991.8,97.3,-12.4,2040,15.6,7.94,111.1,108.7,122.0,110.5,681.5,675.7,698.3,679.1,63.5,53.3,-0.16,-1.54,111.0
00:31:09,14002.2,96.9,-12.4,2039,15.61,7.77,111.5,108.6,122.2,110.2,679.7,675.4,696.7,677.3,63.5,53.4,0.02,-0.31,112.0
00:31:10,13989.1,97.4,-13.1,2046,15.5,7.89,111.1,109.5,122.3,110.3,682.6,676.5,699.1,676.6,63.1,53.7,0.08,-0.66,111.2
00:31:11,13996.8,97.1,-13.1,2047,15.52,7.88,111.0,108.9,122.4,109.9,679.3,673.2,699.6,678.2,63.5,53.3,-0.05,0.18,111.5
00:31:12,13998.8,97.1,-13.0,2049,15.58,7.91,111.1,108.7,121.9,109.8,680.2,675.5,697.7,679.0,62.6,54.1,0.03,0.14,110.2
00:31:13,13985.4,97.1,-12.3,2046,15.51,7.93,111.4,108.7,122.1,109.8,680.7,673.1,698.5,679.1,63.6,54.1,0.12,-1.37,111.0
00:31:14,13986.0,96.6,-13.0,2037,15.56,7.81,111.1,109.2,122.6,110.1,682.3,672.7,697.6,679.6,62.7,53.7,-0.13,1.01,110.8
00:31:15,13991.2,97.0,-12.9,2042,15.55,7.88,111.4,109.2,121.9,109.9,681.0,675.4,699.9,678.5,63.5,53.3,-0.09,0.33,111.8
00:31:16,13985.0,97.1,-13.0,2049,15.64,7.87,111.5,108.8,122.5,110.4,681.9,673.3,697.9,678.3,63.0,53.6,-0.26,0.24,111.3
00:31:17,13980.8,96.9,-12.6,2041,15.51,7.94,111.7,109.4,122.8,110.4,681.8,672.9,698.6,678.4,63.3,54.1,-0.1,-0.96,110.3
00:31:18,13982.2,97.9,-12.3,2040,15.64,7.77,111.8,109.2,122.1,110.4,682.0,676.2,698.6,676.7,62.9,54.1,-0.03,1.01,111.1
00:31:19,13987.6,96.7,-13.1,2039,15.52,7.9,111.8,109.6,122.3,110.3,682.1,676.1,697.5,679.5,63.3,54.1,-0.13,-1.63,110.6
00:31:20,13977.8,97.6,-13.0,2047,15.65,7.86,111.4,109.0,122.7,110.0,679.4,674.7,697.6,676.4,62.8,54.2,0.21,0.68,111.6
00:31:21,13987.8,98.0,-12.8,2042,15.61,7.91,111.0,109.5,122.2,110.5,681.0,676.7,699.2,679.4,63.3,53.9,0.07,-2.0,111.4
00:31:22,13984.8,96.9,-12.5,2040,15.65,7.96,111.6,109.7,122.4,111.0,682.7,674.1,697.4,676.1,63.5,53.8,-0.07,-1.12,111.1
00:31:23,13973.3,96.5,-12.6,2044,15.54,7.84,111.3,109.5,122.8,110.8,678.9,674.4,699.2,676.7,63.5,53.9,-0.06,0.75,110.3
00:31:24,13978.7,97.9,-12.7,2044,15.65,7.87,111.5,109.4,123.0,110.6,681.6,676.4,699.6,677.8,63.5,53.5,0.07,0.14,111.0
00:31:25,13985.0,96.5,-12.8,2050,15.65,7.92,112.0,109.0,122.9,110.4,679.6,675.5,697.9,677.8,63.5,53.9,-0.19,-0.14,111.0
00:31:26,13975.3,97.7,-12.9,2040,15.52,7.88,112.0,110.0,122.3,110.8,680.4,673.5,700.9,678.7,62.9,53.5,0.3,-0.52,110.5
00:31:27,13979.1,97.3,-12.8,2040,15.57,7.92,111.8,109.1,122.7,111.0,679.8,675.3,698.1,678.4,62.9,53.4,0.09,0.93,109.9
00:31:28,13983.7,97.4,-12.4,2048,15.66,7.97,112.2,109.2,122.7,110.4,682.4,675.5,698.4,676.6,62.8,53.7,-0.05,-0.56,110.9
00:31:29,13969.3,97.2,-12.7,2045,15.66,7.81,112.0,110.0,122.3,110.6,682.9,673.8,699.9,676.1,63.1,54.2,0.07,-1.4,110.7
00:31:30,13967.5,97.8,-12.7,2051,15.67,7.86,111.4,110.0,123.2,111.1,679.5,675.9,698.3,679.3,63.1,53.9,0.06,-1.54,110.4
00:31:31,13967.1,97.8,-12.4,2043,15.54,7.95,112.3,109.9,122.4,110.5,679.9,674.6,697.5,679.0,62.7,54.0,0.23,1.01,111.0
00:31:32,13978.4,97.1,-12.8,2047,15.63,7.92,111.7,110.0,122.5,110.6,682.4,676.2,700.8,678.2,63.4,53.4,0.24,1.94,110.3
00:31:33,13971.5,96.9,-12.4,2052,15.56,7.85,112.1,109.5,122.6,110.4,679.0,673.0,698.0,678.4,63.8,54.0,0.1,1.36,111.5
00:31:34,13968.0,96.7,-13.0,2044,15.53,7.8,111.9,110.2,123.1,110.7,682.8,675.7,697.7,679.8,62.8,53.8,0.2,1.11,111.7
00:31:35,13968.7,97.5,-12.8,2047,15.64,7.79,111.7,109.7,123.1,110.5,680.4,675.5,699.3,677.9,63.6,53.7,-0.06,1.95,110.3
00:31:36,13965.8,97.7,-12.3,2053,15.66,7.98,112.3,109.7,123.2,111.1,682.0,673.5,700.0,677.2,63.5,53.9,-0.0,-1.92,110.9
00:31:37,13977.1,97.4,-12.9,2044,15.65,7.79,111.8,109.4,123.4,111.1,681.3,676.4,700.5,677.9,62.7,53.9,0.1,0.73,110.4
00:31:38,13967.2,96.5,-12.7,2049,15.61,7.95,111.7,109.9,123.3,111.3,680.4,676.3,699.2,679.0,63.7,54.3,-0.0,-1.81,110.0
00:31:39,13976.1,97.8,-12.9,2041,15.68,7.89,111.9,110.3,122.7,110.8,681.4,674.6,700.4,679.8,63.0,53.5,0.09,0.46,111.2
00:31:40,13973.8,96.5,-12.7,2054,15.68,7.92,112.5,110.2,122.9,111.2,681.7,673.1,699.8,677.7,63.2,53.7,0.16,0.44,111.5
00:31:41,13968.2,97.4,-12.7,2046,15.57,7.91,112.1,110.1,123.4,111.2,680.2,674.4,698.2,677.7,63.8,53.9,0.05,1.22,111.8
00:31:42,13963.0,97.0,-12.3,2054,15.56,7.79,112.1,109.9,123.1,110.8,680.0,674.8,699.9,678.5,63.0,54.3,0.26,1.01,111.2
00:31:43,13962.7,96.8,-12.7,2049,15.54,7.95,111.7,110.4,123.1,110.7,681.8,674.6,700.6,676.7,63.2,54.1,0.16,-1.03,110.1
00:31:44,13966.3,97.1,-12.5,2042,15.56,7.87,112.4,110.6,123.4,111.2,680.3,676.2,699.4,679.9,62.8,54.1,0.29,-1.3,110.1
00:31:45,13963.1,97.9,-12.6,2044,15.55,7.81,112.2,109.7,123.1,110.7,680.8,674.5,698.1,678.5,63.7,54.0,0.1,1.75,111.6
00:31:46,13968.8,96.7,-13.0,2052,15.59,7.88,112.3,109.7,123.0,111.7,680.1,675.3,697.9,677.4,63.7,53.4,0.21,-1.19,111.2
00:31:47,13960.5,97.0,-13.0,2046,15.68,7.97,112.5,110.3,122.9,111.2,680.8,674.5,701.1,676.7,62.8,53.9,-0.22,-1.31,110.4
00:31:48,13959.7,97.6,-12.8,2046,15.56,7.8,112.3,110.2,123.0,111.4,681.9,676.9,698.9,679.7,63.3,53.4,-0.28,0.97,111.5
00:31:49,13961.8,97.6,-12.9,2045,15.56,7.83,112.5,110.4,123.5,111.6,679.9,676.1,700.5,679.7,62.9,53.5,-0.26,1.99,110.3
00:31:50,13959.6,97.4,-12.7,2046,15.61,7.81,112.8,110.3,123.6,111.7,679.9,676.5,701.0,677.0,63.6,53.7,0.04,-0.48,111.6
00:31:51,13950.9,96.8,-12.7,2053,15.63,7.96,112.5,110.2,123.5,111.6,680.0,673.3,701.1,680.2,63.3,54.1,0.01,1.3,111.7
00:31:52,13953.1,97.2,-12.8,2043,15.65,7.81,112.4,110.6,123.1,111.9,682.1,676.6,701.2,679.7,63.8,54.2,-0.17,-0.45,111.6
00:31:53,13960.7,97.0,-13.0,2054,15.64,7.84,112.6,110.4,123.9,111.5,680.5,673.7,700.4,678.5,62.9,53.4,0.21,-1.9,110.4
00:31:54,13948.9,96.7,-12.5,2047,15.65,7.89,112.9,110.2,123.8,111.5,680.1,673.4,700.3,676.4,63.7,53.5,-0.08,0.88,110.1
00:31:55,13947.7,97.3,-12.9,2043,15.64,7.9,112.1,110.6,123.7,111.4,679.4,673.7,697.8,679.9,63.1,54.1,-0.06,-0.36,109.7
00:31:56,13945.3,96.9,-12.4,2052,15.67,8.0,112.8,110.3,123.3,111.2,682.5,676.0,701.2,677.5,63.8,53.9,0.04,0.24,110.0
00:31:57,13944.6,97.3,-12.8,2048,15.61,7.86,112.7,110.3,124.1,111.9,682.1,676.7,700.8,676.4,63.2,53.6,0.15,1.7,110.1
00:31:58,13958.1,97.1,-12.6,2044,15.66,7.87,112.6,110.2,123.3,111.7,683.0,674.2,699.4,679.0,63.1,54.1,0.11,0.49,111.4
00:31:59,13949.6,97.6,-12.4,2048,15.57,7.93,112.7,110.2,124.2,111.9,681.4,673.7,699.0,678.1,62.8,53.5,-0.29,-0.98,110.9
00:32:00,13940.9,96.3,-12.8,2052,15.57,7.86,112.8,110.8,124.0,111.7,681.0,673.9,697.8,679.3,63.6,54.1,0.04,-0.61,110.8
00:32:01,13940.5,97.4,-12.3,2055,15.66,7.94,112.8,110.9,123.8,111.5,680.4,676.0,698.0,678.8,63.2,54.1,-0.24,-1.07,110.6
00:32:02,13942.9,96.7,-12.3,2050,15.62,8.01,112.9,111.0,123.6,111.4,680.7,673.5,699.4,679.4,62.7,54.4,-0.25,0.26,110.6
00:32:03,13944.4,96.3,-12.6,2058,15.59,7.82,112.9,110.7,124.0,112.0,682.6,676.0,700.8,679.2,63.3,53.6,-0.02,0.03,110.3
00:32:04,13946.9,96.9,-12.2,2045,15.65,7.93,112.8,110.4,123.8,111.8,681.6,674.2,699.5,676.9,63.8,53.9,0.14,1.42,110.1
00:32:05,13949.3,97.8,-12.5,2058,15.59,7.9,113.2,110.3,124.2,112.0,680.7,676.4,700.6,678.1,63.4,54.0,0.17,-0.23,111.2
00:32:06,13935.7,97.1,-12.5,2045,15.61,7.92,112.8,110.9,123.6,112.3,682.7,676.8,701.7,677.2,63.8,54.1,-0.19,-0.78,110.7
00:32:07,13944.6,96.4,-12.4,2047,15.65,7.87,113.4,111.0,124.5,111.7,681.0,674.8,698.2,678.5,63.7,53.8,-0.23,-0.65,110.6
00:32:08,13933.2,97.3,-12.3,2059,15.6,7.86,112.9,111.3,124.2,111.6,682.6,675.9,698.7,677.5,63.5,54.1,0.26,0.86,110.8
00:32:09,13948.0,96.8,-12.4,2053,15.73,7.96,112.6,110.9,124.0,112.1,681.6,676.0,699.4,679.1,63.4,53.7,0.02,-1.41,109.7
00:32:10,13944.0,96.9,-12.6,2055,15.71,7.9,113.0,111.3,124.6,111.6,682.5,675.2,701.9,677.2,63.5,53.7,-0.12,-0.91,110.5
00:32:11,13930.3,97.2,-12.5,2057,15.71,8.01,112.9,110.7,124.3,112.2,680.5,674.8,699.6,676.6,63.4,53.7,-0.08,0.05,111.1
00:32:12,13944.0,97.3,-12.9,2052,15.62,7.83,112.6,111.0,124.5,112.3,680.5,675.0,700.3,680.2,63.5,54.1,-0.14,-0.14,109.7
00:32:13,13942.0,96.6,-12.6,2054,15.65,7.86,112.7,110.6,123.9,111.8,681.1,676.1,699.5,678.6,62.8,53.5,-0.22,-0.97,109.9
00:32:14,13942.9,97.6,-12.7,2050,15.63,7.99,113.4,110.9,124.0,112.5,681.0,675.4,701.3,678.7,63.7,54.1,-0.17,0.33,110.6
00:32:15,13938.9,97.6,-12.3,2056,15.68,7.87,113.0,110.8,124.2,112.6,681.7,677.2,700.0,680.1,63.2,54.0,-0.08,-0.06,110.9
00:32:16,13923.1,96.6,-12.9,2054,15.67,8.02,113.6,110.6,124.8,112.2,680.1,675.0,699.3,677.1,63.0,53.8,-0.14,-1.29,109.6
00:32:17,13936.1,96.8,-12.7,2048,15.68,7.84,113.6,111.5,124.4,112.3,680.7,674.9,700.8,680.1,63.3,53.9,0.14,-1.63,110.4
00:32:18,13925.6,97.0,-12.2,2055,15.71,8.02,113.7,111.1,124.5,111.9,683.4,674.6,699.9,677.2,63.5,53.6,0.02,-1.59,110.2
00:32:19,13936.7,96.3,-12.2,2051,15.63,7.95,113.0,111.3,124.1,112.6,679.7,674.5,700.0,679.5,63.3,54.0,0.04,0.48,110.1
00:32:20,13919.7,96.2,-12.8,2057,15.75,7.99,113.0,111.0,124.7,112.3,680.8,673.8,698.3,677.0,63.0,53.9,-0.08,1.72,111.3
00:32:21,13935.2,97.6,-12.7,2061,15.63,7.91,113.5,110.7,125.0,112.2,683.1,675.5,699.8,677.5,63.4,53.7,0.14,-0.04,111.0
00:32:22,13933.2,97.4,-12.5,2049,15.65,8.03,113.1,110.8,124.5,112.7,679.8,674.3,701.4,678.8,63.4,54.0,-0.13,0.53,110.7
00:32:23,13920.6,96.7,-12.4,2049,15.65,7.98,113.5,111.1,124.6,112.4,681.1,674.3,700.0,677.9,62.9,53.7,-0.27,-0.93,111.0
00:32:24,13930.3,96.6,-12.4,2048,15.62,7.97,113.6,110.8,125.0,111.9,682.0,675.7,702.2,678.1,63.2,53.6,0.18,-0.6,111.3
00:32:25,13928.2,96.4,-12.2,2055,15.75,7.94,113.8,111.1,124.5,112.8,680.6,677.4,698.7,678.5,63.3,53.8,-0.24,-1.76,109.8
00:32:26,13928.6,97.5,-12.8,2049,15.66,7.95,113.7,110.9,124.8,112.7,679.8,674.1,700.9,680.1,63.9,54.3,-0.05,-1.81,109.6
00:32:27,13921.6,97.5,-12.6,2052,15.63,7.87,113.2,111.5,124.5,112.3,682.2,677.6,701.1,680.0,63.3,53.9,0.12,-1.09,110.0
00:32:28,13911.8,97.6,-12.8,2050,15.63,7.87,113.2,111.9,124.7,112.5,681.9,676.2,701.0,677.5,63.2,54.4,0.03,0.14,110.9
00:32:29,13924.6,96.1,-12.4,2050,15.66,8.02,113.5,111.6,125.1,112.6,680.5,676.4,701.3,680.8,64.0,54.3,-0.0,1.47,109.5
00:32:30,13920.5,96.4,-12.9,2054,15.74,8.0,113.6,111.8,125.2,112.3,681.5,674.8,700.6,678.1,62.9,54.4,0.1,0.51,111.0
00:32:31,13907.3,97.2,-12.5,2062,15.71,7.95,114.1,111.4,124.8,113.0,682.0,675.3,698.8,677.6,63.0,54.0,0.26,1.26,110.9
00:32:32,13911.5,97.1,-12.6,2056,15.7,8.03,113.2,111.5,125.4,112.7,683.7,676.1,699.5,679.1,63.7,53.9,-0.09,1.13,110.5
00:32:33,13915.6,97.0,-12.5,2050,15.67,7.91,113.7,111.5,125.0,113.0,682.8,676.4,699.8,679.9,62.9,54.2,-0.26,-1.04,110.8
00:32:34,13914.4,96.5,-12.9,2056,15.71,7.98,113.6,111.3,125.5,112.7,681.2,675.1,699.0,679.8,64.0,53.8,0.05,-0.08,111.1
00:32:35,13915.8,97.2,-12.9,2054,15.62,7.87,114.1,111.2,124.7,113.2,683.7,675.6,702.2,677.9,63.3,54.1,0.29,1.11,110.4
00:32:36,13910.8,96.4,-12.8,2054,15.66,8.03,114.2,111.9,125.1,113.0,683.1,674.6,701.2,680.2,64.0,54.2,-0.25,0.71,111.3
00:32:37,13912.7,97.5,-12.8,2054,15.65,8.0,113.8,111.5,125.1,112.5,682.4,675.1,700.9,678.8,63.6,53.6,-0.06,1.18,110.1
00:32:38,13907.3,97.0,-12.5,2054,15.64,7.94,113.4,111.4,125.4,112.6,683.8,675.8,700.6,679.5,63.9,53.7,0.02,-0.27,111.0
00:32:39,13904.6,96.4,-12.3,2054,15.66,7.89,114.3,111.4,125.4,113.4,680.3,677.0,700.0,680.0,62.9,53.8,-0.17,0.65,110.5
00:32:40,13897.6,96.5,-12.9,2061,15.76,8.01,114.1,111.7,125.1,112.4,682.0,676.0,702.6,679.0,62.9,53.7,-0.04,0.05,109.9
00:32:41,13899.3,96.4,-12.2,2058,15.77,7.94,114.1,112.0,125.8,112.9,680.5,674.1,702.1,679.2,63.3,54.0,0.02,0.39,110.1
00:32:42,13897.6,96.5,-12.1,2054,15.74,8.03,113.6,111.8,125.2,113.0,682.8,677.8,699.1,678.4,63.0,54.4,-0.04,-0.74,110.0
00:32:43,13907.4,96.4,-12.7,2060,15.67,7.99,114.4,111.7,125.2,113.1,680.1,677.6,698.8,677.4,62.9,54.5,0.09,-0.93,109.6
00:32:44,13907.8,96.6,-12.2,2051,15.76,7.9,114.2,112.2,125.7,112.7,680.6,674.4,700.0,679.6,63.0,53.9,-0.11,1.56,110.0
00:32:45,13896.1,96.9,-12.3,2065,15.71,7.96,113.8,112.4,125.6,113.4,681.8,675.8,699.8,681.0,63.6,53.6,0.16,0.75,110.4
00:32:46,13905.8,96.6,-12.7,2058,15.68,8.05,113.8,112.0,125.8,113.6,683.7,677.6,702.7,677.5,63.3,53.8,0.28,0.94,110.3
00:32:47,13890.9,97.0,-12.8,2062,15.73,7.99,113.9,111.6,125.7,113.2,682.7,675.9,699.0,678.3,63.2,53.9,-0.29,-0.73,109.8
00:32:48,13905.0,97.1,-12.6,2053,15.78,7.91,113.8,111.9,125.1,113.0,682.3,674.7,701.5,677.2,63.6,54.0,0.19,0.35,110.2
00:32:49,13898.0,97.0,-12.2,2058,15.69,8.05,114.2,112.5,125.3,113.2,681.0,675.5,702.9,681.1,63.4,54.3,0.19,-1.09,109.9
00:32:50,13897.5,97.3,-12.1,2059,15.75,7.94,114.3,112.4,125.2,112.8,681.0,677.1,700.4,678.5,63.0,53.8,-0.06,0.23,110.7
00:32:51,13889.8,96.4,-12.6,2057,15.7,7.96,114.0,111.8,125.2,112.8,684.1,677.2,700.3,677.4,63.5,53.7,0.23,1.3,110.7
00:32:52,13897.9,97.3,-12.3,2062,15.75,7.94,114.5,112.6,125.4,113.5,684.1,675.4,700.8,677.9,63.6,53.9,-0.26,0.21,110.1
00:32:53,13893.5,96.5,-12.1,2057,15.66,7.89,114.5,112.0,125.4,113.5,681.8,676.8,700.7,678.2,63.0,53.9,0.2,-1.21,109.7
00:32:54,13886.4,97.3,-12.4,2066,15.7,7.94,114.5,112.4,126.0,113.7,682.9,677.7,702.1,679.0,63.4,53.7,0.07,1.76,110.8
00:32:55,13897.7,96.9,-12.4,2058,15.68,7.99,114.0,112.3,126.2,113.3,682.9,677.9,701.7,678.1,63.5,54.5,-0.21,-0.75,111.0
00:32:56,13897.3,96.3,-12.8,2060,15.79,8.05,114.8,111.9,125.8,113.1,683.0,677.4,701.5,677.8,63.2,54.1,-0.03,-0.27,109.5
00:32:57,13884.1,96.8,-12.1,2059,15.79,7.9,114.8,111.9,125.6,113.0,684.1,675.4,702.0,678.5,63.5,54.3,-0.18,0.18,109.6
00:32:58,13885.3,96.7,-12.4,2055,15.71,8.05,114.5,112.5,126.3,113.0,681.6,674.9,699.6,679.3,63.1,54.4,0.19,-1.37,109.4
00:32:59,13882.6,96.2,-12.4,2065,15.68,7.99,114.6,112.7,125.7,113.2,681.1,675.8,702.3,680.5,63.3,54.3,-0.12,0.08,109.8
00:33:00,13880.9,96.8,-12.8,2064,15.78,8.01,114.8,112.2,125.6,113.3,684.2,676.8,701.2,679.0,64.0,54.5,-0.05,1.42,110.3
00:33:01,13887.2,95.9,-12.4,2063,15.77,7.97,114.3,112.3,125.6,113.2,682.0,676.9,699.6,678.8,63.5,54.0,-0.06,-1.24,109.3
00:33:02,13887.2,97.0,-12.6,2062,15.7,8.01,114.1,112.3,125.6,113.6,680.4,675.8,701.6,679.0,63.9,53.9,0.24,-1.03,109.6
00:33:03,13883.9,95.8,-12.2,2065,15.8,7.98,114.8,112.9,125.9,113.3,683.2,676.0,701.6,680.0,63.8,54.5,-0.03,0.33,109.2
00:33:04,13873.5,96.0,-12.6,2060,15.73,7.98,114.9,112.5,126.4,113.5,684.3,678.2,702.5,680.6,63.7,54.3,-0.01,1.32,110.3
00:33:05,13876.4,96.8,-12.4,2068,15.79,8.01,114.9,112.3,126.2,114.1,681.8,678.3,700.2,678.4,63.6,53.8,0.04,-1.87,111.1
00:33:06,13885.6,97.2,-12.8,2065,15.76,7.99,114.9,112.8,126.0,113.4,682.7,675.6,702.5,681.1,63.3,54.6,0.15,0.23,110.0
00:33:07,13881.4,96.7,-12.2,2062,15.74,8.03,114.3,112.9,126.5,113.8,681.3,677.3,702.6,680.9,63.4,53.8,-0.11,0.92,110.4
00:33:08,13880.5,96.0,-12.3,2065,15.75,7.98,115.0,112.9,126.7,113.9,682.3,676.4,700.1,677.6,63.6,54.1,-0.2,-1.86,110.7
00:33:09,13866.6,97.1,-12.8,2061,15.76,7.92,115.3,112.8,126.3,113.8,680.7,674.9,701.8,678.2,63.5,54.4,0.28,1.32,109.2
00:33:10,13872.7,96.7,-12.8,2062,15.73,8.02,115.0,112.4,126.4,113.7,681.8,676.9,699.4,678.3,63.3,54.0,-0.19,-0.75,110.9
00:33:11,13865.4,96.4,-12.5,2058,15.71,8.09,114.4,112.8,126.6,114.3,682.2,675.8,702.2,680.4,63.2,53.9,0.23,1.02,110.9
00:33:12,13864.2,96.0,-12.4,2059,15.84,7.95,115.1,112.6,126.3,114.1,681.4,676.3,699.7,678.1,64.0,54.2,0.28,-0.3,109.8
00:33:13,13871.9,97.3,-12.6,2066,15.74,8.03,115.3,112.7,126.6,114.3,680.7,677.2,702.0,679.5,63.1,54.5,0.03,-1.03,110.7
00:33:14,13871.0,96.7,-12.8,2069,15.71,8.05,115.3,112.9,126.3,114.0,683.5,674.7,703.2,678.1,63.6,54.3,0.21,0.42,111.0
00:33:15,13871.0,96.5,-12.4,2060,15.77,8.02,115.0,112.7,126.8,114.4,682.0,677.4,701.1,680.7,64.0,53.8,-0.12,0.71,109.4
00:33:16,13864.0,95.7,-12.1,2061,15.73,8.07,115.0,112.6,126.4,113.7,681.2,675.4,701.6,677.7,63.6,54.2,-0.16,0.67,110.3
00:33:17,13859.9,97.2,-12.3,2063,15.74,8.0,115.2,113.1,126.3,113.7,682.7,676.4,701.6,679.6,63.9,53.8,0.1,-0.06,110.3
00:33:18,13855.3,96.0,-12.7,2064,15.74,8.03,115.2,112.6,126.3,113.7,684.5,677.5,701.1,679.2,63.4,54.5,-0.27,-0.42,109.5
00:33:19,13857.3,96.2,-12.3,2062,15.75,8.02,114.8,113.2,127.1,113.8,681.3,674.8,701.5,679.8,64.2,54.5,-0.02,-1.08,109.9
00:33:20,13860.9,96.8,-12.5,2070,15.72,7.93,115.0,112.5,127.0,114.3,680.8,675.5,701.4,677.9,64.1,54.0,-0.23,-1.58,109.3
00:33:21,13866.8,95.7,-12.5,2071,15.73,7.97,115.6,113.2,126.6,114.3,684.1,676.7,703.6,678.7,64.2,54.5,-0.19,1.35,110.7
00:33:22,13855.4,97.1,-12.5,2069,15.76,7.92,114.9,113.2,126.5,114.6,680.7,678.3,701.1,678.8,63.1,54.0,0.24,1.05,110.2
00:33:23,13864.7,97.2,-12.3,2060,15.73,8.02,115.5,113.3,126.6,114.2,683.6,674.7,702.7,679.1,63.2,54.5,0.08,0.64,110.7
00:33:24,13849.3,96.6,-12.0,2070,15.84,8.05,115.6,112.8,126.6,114.3,684.4,674.7,701.6,678.4,64.0,54.8,0.04,-0.75,109.8
00:33:25,13847.4,96.5,-12.5,2067,15.72,7.97,115.3,113.4,127.3,114.2,683.4,676.9,703.6,679.2,64.1,53.8,-0.17,-0.82,109.7
00:33:26,13848.7,97.1,-12.1,2065,15.83,7.92,115.0,112.8,127.4,114.5,684.2,676.4,701.0,680.7,63.3,54.8,-0.21,0.49,109.9
00:33:27,13858.7,96.8,-12.2,2062,15.75,8.09,115.7,113.5,126.6,114.1,683.2,678.3,701.3,679.2,63.9,54.3,-0.2,-0.74,109.1
00:33:28,13853.0,96.2,-12.6,2067,15.75,8.08,114.9,113.7,126.9,114.7,684.1,676.3,700.6,677.8,64.0,54.6,-0.15,-0.79,110.3
00:33:29,13849.4,96.3,-12.7,2067,15.83,7.99,114.9,113.7,127.0,114.2,684.6,675.3,702.4,678.2,63.1,54.2,-0.11,0.28,110.4
00:33:30,13843.3,96.2,-12.3,2061,15.8,7.96,115.1,112.9,127.0,114.7,681.2,674.8,700.6,677.8,63.6,54.2,0.02,1.29,110.1
00:33:31,13845.9,96.5,-12.1,2072,15.87,8.07,115.6,113.5,127.2,114.7,684.7,677.3,703.4,679.3,63.5,54.6,0.01,0.46,109.2
00:33:32,13845.1,96.1,-12.3,2063,15.84,8.12,115.8,113.2,126.7,114.4,683.6,676.6,701.2,679.8,63.3,54.0,0.28,1.39,110.0
00:33:33,13849.3,96.4,-12.5,2070,15.83,7.94,115.9,113.8,127.1,114.6,682.2,678.5,700.7,680.1,63.0,53.9,0.13,-0.11,110.4
00:33:34,13848.0,96.4,-12.6,2072,15.77,8.1,115.6,113.0,127.0,114.9,682.8,678.7,700.1,681.1,63.1,53.9,-0.23,-0.5,109.0
00:33:35,13842.0,96.6,-12.0,2062,15.86,7.93,115.3,113.0,126.8,115.0,683.6,677.6,702.4,678.4,63.0,54.7,0.21,0.07,110.4
00:33:36,13836.4,96.7,-12.1,2063,15.81,7.96,115.2,113.8,127.3,114.1,681.0,675.8,700.4,680.1,63.7,54.6,-0.18,-1.48,109.5
00:33:37,13832.9,95.5,-12.0,2062,15.73,8.08,115.9,113.1,127.7,114.8,684.6,677.9,702.1,678.3,63.9,54.4,0.06,0.25,110.5
00:33:38,13842.6,97.0,-12.0,2068,15.78,8.02,115.3,113.7,126.9,114.7,682.8,675.4,703.7,680.8,63.6,54.8,0.14,0.6,109.6
00:33:39,13829.1,95.9,-12.1,2068,15.84,8.09,116.0,113.2,127.1,114.5,683.6,676.3,704.0,680.2,63.9,54.4,-0.2,-0.06,109.0
00:33:40,13827.7,95.5,-12.5,2061,15.86,8.11,115.6,113.9,127.4,114.7,684.2,677.7,703.5,679.6,63.4,54.8,-0.03,-0.57,109.2
00:33:41,13835.0,96.7,-12.6,2071,15.75,7.99,115.7,113.6,127.7,115.1,683.0,675.4,702.0,678.3,64.1,53.9,-0.01,-0.4,109.3
00:33:42,13838.3,96.7,-12.7,2070,15.74,7.98,115.4,114.1,127.8,114.8,684.3,678.3,700.4,678.8,63.5,54.4,-0.29,1.66,110.8
00:33:43,13835.2,96.5,-12.0,2064,15.78,8.11,116.0,113.6,127.5,115.0,682.0,678.1,704.0,680.8,63.6,54.1,-0.17,-0.08,109.4
00:33:44,13824.0,95.8,-12.0,2062,15.76,8.12,116.1,113.7,127.3,115.3,681.0,677.8,701.7,681.7,63.9,54.5,-0.13,0.95,109.6
00:33:45,13827.3,96.0,-12.2,2074,15.82,8.06,116.3,113.7,127.6,114.8,684.5,677.1,700.3,681.7,63.1,54.3,0.21,-0.07,110.5
00:33:46,13831.7,97.0,-12.1,2064,15.88,8.11,115.5,114.2,128.1,114.9,682.3,676.7,700.9,678.2,63.9,54.6,-0.26,-1.65,109.5
00:33:47,13825.4,95.7,-12.2,2068,15.82,8.05,115.5,113.7,127.7,115.0,685.0,676.7,703.2,678.0,63.4,54.5,0.25,0.88,109.6
00:33:48,13828.0,95.5,-12.5,2073,15.9,7.98,116.2,113.9,127.4,115.3,682.8,675.8,701.5,680.8,64.0,54.6,0.2,1.31,109.6
00:33:49,13823.4,96.5,-12.7,2063,15.78,8.0,116.0,113.5,127.9,115.3,681.3,676.5,701.3,680.7,64.1,54.5,0.13,0.65,109.1
00:33:50,13826.2,96.4,-12.1,2062,15.83,8.14,115.7,114.1,127.4,115.4,684.1,675.4,703.9,680.4,63.5,54.4,-0.24,0.03,109.3
00:33:51,13829.9,96.1,-12.4,2070,15.77,7.97,116.0,113.5,127.7,114.7,682.3,675.7,702.2,679.7,64.0,54.3,0.16,1.39,109.5
00:33:52,13816.9,95.7,-12.7,2066,15.77,8.12,115.9,113.9,128.3,114.6,682.8,675.6,701.6,681.6,64.2,54.8,-0.06,-1.86,109.4
00:33:53,13811.8,96.7,-12.5,2073,15.81,8.07,116.5,113.9,127.5,115.2,684.6,677.5,703.5,680.1,63.7,54.4,0.29,0.79,109.4
00:33:54,13825.7,96.8,-12.4,2075,15.89,8.14,116.6,113.9,127.9,115.4,681.2,676.0,703.0,681.6,63.5,54.0,0.12,-0.47,108.8
00:33:55,13817.2,96.6,-12.6,2074,15.83,8.11,116.1,114.3,128.4,114.7,683.0,678.2,701.9,680.9,63.7,54.3,0.22,-1.76,109.3
00:33:56,13818.6,95.8,-12.1,2071,15.76,7.98,116.4,114.0,128.2,115.7,682.4,678.2,700.7,678.3,64.2,54.4,-0.09,-0.8,109.1
00:33:57,13810.4,96.4,-12.7,2065,15.77,8.09,116.7,114.0,128.1,114.9,684.7,675.3,701.4,680.4,63.5,54.4,0.07,0.64,108.8
00:33:58,13809.6,96.2,-12.2,2068,15.84,8.05,116.4,114.4,127.6,115.6,682.4,676.7,703.6,682.0,64.2,54.2,-0.11,-0.65,108.6
00:33:59,13816.9,95.9,-12.5,2067,15.81,7.99,116.6,114.1,127.6,115.3,683.1,676.7,702.7,678.6,63.9,54.1,-0.22,-1.5,109.7
00:34:00,13807.1,95.7,-12.1,2076,15.84,7.96,116.1,114.5,128.3,115.4,683.6,677.9,703.2,678.6,63.4,54.0,-0.06,1.98,109.8
00:34:01,13812.9,95.6,-12.0,2070,15.91,8.03,116.8,114.5,128.1,114.9,682.0,675.6,703.0,680.4,63.4,54.1,-0.1,1.04,109.3
00:34:02,13807.4,95.8,-12.5,2074,15.78,8.12,116.5,114.4,128.6,115.2,683.5,676.8,704.0,679.0,63.5,55.0,0.29,-0.13,110.1
00:34:03,13806.1,95.7,-12.0,2064,15.9,8.11,116.1,113.9,128.1,115.8,681.5,677.2,703.8,678.2,63.8,54.2,-0.19,-0.52,109.7
00:34:04,13803.6,95.4,-12.7,2073,15.89,8.02,116.2,114.5,128.2,115.2,685.0,677.5,704.5,681.5,64.2,54.9,-0.1,-1.71,109.7
00:34:05,13802.2,95.7,-12.0,2069,15.84,8.11,116.3,114.6,128.0,115.7,685.2,677.4,703.2,682.0,63.7,54.8,-0.18,-0.89,109.1
00:34:06,13807.7,96.0,-12.7,2073,15.87,7.98,116.5,114.6,128.1,116.0,682.1,677.3,702.3,680.8,63.8,54.8,-0.25,-0.64,109.1
00:34:07,13795.3,96.2,-12.1,2072,15.85,8.07,116.1,114.2,128.6,115.6,682.6,678.4,700.7,680.2,63.7,54.1,-0.08,-1.02,110.5
00:34:08,13795.3,96.4,-12.2,2074,15.83,8.05,116.2,114.1,127.9,115.6,685.1,678.9,704.2,682.1,64.2,54.5,-0.17,1.37,110.3
00:34:09,13803.1,95.8,-12.0,2065,15.87,8.09,116.8,114.7,128.0,115.5,683.1,679.2,701.9,681.3,63.7,54.4,-0.21,1.01,109.4
00:34:10,13793.6,96.1,-12.1,2069,15.8,8.11,116.6,114.2,128.3,115.7,681.5,676.6,701.1,679.7,63.7,54.2,0.03,-0.83,108.9
00:34:11,13796.0,96.8,-11.9,2076,15.87,7.98,116.8,114.7,128.1,115.3,683.3,675.8,703.1,680.5,64.0,54.2,-0.11,-1.4,109.9
00:34:12,13801.0,95.4,-12.2,2070,15.84,8.14,116.2,114.5,129.0,115.3,682.7,675.4,704.7,679.3,63.2,54.7,-0.2,-1.76,109.1
00:34:13,13786.7,95.6,-12.0,2065,15.85,8.03,116.6,114.4,128.1,115.9,682.7,677.6,704.5,680.1,63.3,54.8,0.27,1.77,109.2
00:34:14,13798.9,96.5,-12.7,2070,15.86,8.13,116.9,114.7,128.1,115.9,684.1,678.9,701.5,682.2,63.6,54.2,-0.18,1.98,108.7
00:34:15,13783.1,96.6,-12.6,2077,15.84,8.15,116.8,115.0,129.1,115.4,683.3,675.5,702.0,680.1,63.5,54.3,-0.05,0.96,109.1
00:34:16,13794.5,95.8,-12.0,2073,15.84,8.06,117.0,114.7,128.8,115.9,685.0,677.8,701.9,678.7,64.0,54.9,-0.15,1.01,109.3
00:34:17,13793.5,95.6,-12.6,2070,15.82,8.16,116.5,115.1,128.9,115.9,683.3,676.6,703.7,679.9,64.2,54.3,-0.14,-0.75,109.3
00:34:18,13793.8,95.9,-12.7,2075,15.85,8.07,117.0,114.6,129.0,115.8,684.5,679.0,702.1,679.2,63.7,55.1,-0.0,1.23,109.6
00:34:19,13794.8,96.5,-12.2,2068,15.84,8.12,116.6,115.1,129.1,116.2,684.6,675.5,701.5,681.1,64.1,54.5,0.18,-1.02,108.7
00:34:20,13785.3,96.5,-12.6,2073,15.9,8.03,116.7,114.9,128.9,116.0,682.6,679.3,703.5,680.3,64.2,54.4,-0.1,-0.87,110.3
00:34:21,13781.3,96.6,-12.3,2069,15.94,8.03,117.4,115.2,128.5,116.1,684.5,678.1,703.8,681.7,63.6,55.0,-0.02,0.67,110.2
00:34:22,13782.4,95.9,-11.9,2072,15.83,8.15,117.1,115.2,129.1,115.8,684.0,678.1,704.8,681.6,63.2,54.2,0.16,0.6,109.0
00:34:23,13786.0,95.3,-12.3,2069,15.92,8.1,116.6,114.8,129.3,115.8,683.2,678.3,702.7,682.2,63.8,54.8,-0.02,-1.21,109.2
00:34:24,13785.8,95.7,-12.4,2067,15.85,8.1,117.5,115.4,129.3,116.0,682.7,679.4,704.0,681.8,64.0,54.7,0.08,-0.77,108.7
00:34:25,13772.5,95.7,-12.5,2072,15.96,8.02,117.1,114.8,129.0,116.4,682.6,675.9,703.9,681.3,64.3,54.3,-0.13,-1.33,110.3
00:34:26,13779.8,95.3,-12.2,2073,15.89,8.17,116.7,114.7,128.6,116.6,683.1,678.6,701.9,679.5,63.5,54.3,0.03,-1.99,110.3
00:34:27,13782.4,95.2,-12.2,2078,15.85,8.17,116.7,114.6,128.6,115.6,683.5,676.9,703.4,679.2,63.7,55.0,-0.06,-1.51,108.7
00:34:28,13773.9,96.4,-12.5,2080,15.86,8.03,116.7,114.7,128.9,116.3,684.6,676.6,701.3,679.2,64.2,54.9,0.23,-1.4,109.8
00:34:29,13763.8,95.3,-12.0,2080,15.88,8.07,116.9,115.5,128.9,116.2,683.3,679.2,704.9,678.9,64.0,54.2,0.05,1.38,108.4
00:34:30,13773.8,95.6,-12.5,2077,15.83,8.0,117.4,115.5,129.6,115.9,685.0,679.2,702.9,682.5,64.1,54.4,0.19,0.64,109.6
00:34:31,13764.0,95.5,-12.1,2070,15.86,8.04,117.0,114.9,128.9,115.8,682.2,679.2,703.5,678.7,64.0,54.2,-0.16,1.81,110.1
00:34:32,13764.8,96.5,-12.4,2067,15.84,8.18,117.7,115.5,129.6,115.8,681.9,678.8,701.5,678.9,63.2,55.0,-0.26,-0.28,109.9
00:34:33,13767.3,95.2,-12.3,2071,15.94,8.18,117.7,115.4,129.3,116.3,685.6,679.3,702.7,681.2,63.4,55.1,-0.03,-1.13,110.1
00:34:34,13773.2,96.1,-12.0,2077,15.91,8.02,117.3,114.8,129.4,116.1,685.5,676.4,702.8,681.6,63.3,54.7,0.11,-0.39,109.2
00:34:35,13765.8,95.5,-12.3,2078,15.92,8.16,117.4,115.7,129.3,116.0,684.8,678.0,705.1,680.3,63.7,55.1,0.02,-1.66,109.1
00:34:36,13756.1,95.2,-12.2,2072,15.84,8.02,117.9,115.5,129.6,116.8,685.4,676.8,703.5,681.6,63.6,54.8,-0.0,1.45,109.9
00:34:37,13755.9,95.7,-12.3,2069,15.84,8.15,117.6,115.5,128.9,116.6,682.1,675.9,701.5,681.4,63.4,55.0,0.25,-1.93,109.3
00:34:38,13762.2,95.1,-12.1,2078,15.82,8.06,117.6,115.0,129.7,116.0,684.6,677.4,704.0,681.1,64.0,54.9,0.09,1.13,109.7
00:34:39,13751.4,95.9,-12.4,2070,15.94,8.1,117.9,115.0,129.3,116.4,685.0,677.3,701.7,681.9,63.7,54.3,-0.24,0.5,108.7
00:34:40,13750.1,95.1,-12.3,2077,15.93,8.06,117.7,115.7,129.6,116.1,683.6,678.0,701.5,681.2,64.1,54.5,-0.13,0.59,108.4
00:34:41,13758.9,96.4,-11.9,2082,15.95,8.16,117.4,115.4,129.6,116.1,682.0,679.0,704.4,680.9,64.1,55.1,0.28,1.61,108.8
00:34:42,13757.8,95.6,-11.8,2076,15.88,8.18,117.3,115.3,129.3,116.6,684.0,676.4,702.3,681.7,63.2,54.6,0.03,-0.94,110.0
00:34:43,13759.7,95.6,-11.9,2074,15.86,8.1,117.7,115.9,129.7,116.9,682.5,676.1,703.6,682.6,63.6,54.3,0.17,1.33,109.6
00:34:44,13751.1,96.2,-12.2,2073,15.85,8.06,117.2,115.7,129.3,116.7,683.5,678.0,702.3,680.9,64.1,54.9,-0.18,1.51,109.9
00:34:45,13751.3,96.0,-12.6,2078,15.96,8.12,118.1,115.3,129.9,116.7,682.7,678.2,702.7,680.6,63.3,55.0,-0.02,-1.9,109.8
00:34:46,13756.2,95.4,-12.0,2070,15.95,8.1,117.9,115.8,129.6,116.6,684.2,678.0,703.2,680.5,63.6,54.9,0.2,0.6,109.3
00:34:47,13751.7,96.1,-11.8,2073,15.88,8.05,117.9,115.5,129.2,116.8,685.2,675.8,703.0,682.7,64.2,55.1,-0.04,1.69,109.3
00:34:48,13743.1,95.3,-11.9,2079,15.98,8.2,118.2,115.3,129.8,116.9,683.5,676.3,705.0,680.2,63.4,54.7,0.18,1.95,109.5
00:34:49,13749.4,95.9,-11.9,2073,15.87,8.2,118.1,115.4,129.7,116.7,682.0,676.5,702.4,681.2,63.5,54.6,0.05,-1.57,109.5
00:34:50,13734.5,95.5,-12.5,2078,15.86,8.16,117.4,115.6,129.9,116.9,685.4,677.1,703.8,680.2,63.4,55.0,-0.17,-0.07,109.0
00:34:51,13735.2,96.4,-11.9,2077,15.85,8.1,118.2,115.7,129.7,116.7,684.7,679.4,703.1,680.7,63.3,54.3,-0.06,0.46,110.1
00:34:52,13736.0,95.1,-12.6,2076,15.85,8.19,117.9,116.0,129.9,117.2,684.2,677.1,704.2,680.1,63.9,55.0,-0.0,-1.76,108.2
00:34:53,13746.5,96.1,-12.5,2081,15.89,8.04,117.8,115.5,129.5,116.8,682.8,678.4,702.3,679.9,63.5,54.9,-0.17,-1.64,108.8
00:34:54,13744.6,95.1,-12.3,2075,16.0,8.08,117.5,116.2,129.8,117.4,683.4,675.9,702.1,679.4,64.1,54.3,0.01,0.74,109.8
00:34:55,13727.6,96.2,-12.2,2073,15.92,8.16,117.9,116.1,129.8,116.6,685.0,677.8,701.9,679.3,63.8,55.0,0.03,-1.18,108.8
00:34:56,13731.2,96.0,-12.5,2083,15.9,8.19,118.0,115.7,129.8,116.6,684.5,679.8,704.2,681.1,63.6,54.6,0.24,-1.46,108.5
00:34:57,13736.8,94.9,-12.0,2076,15.99,8.18,117.6,115.7,130.6,116.9,683.4,676.4,703.4,681.2,64.4,54.9,-0.1,-1.42,108.5
00:34:58,13737.8,95.5,-12.6,2074,15.86,8.11,118.0,116.2,129.9,117.1,685.3,678.7,702.0,680.9,64.0,54.9,-0.24,0.2,108.7
00:34:59,13726.2,95.5,-12.5,2080,15.93,8.06,117.8,115.8,130.6,116.8,682.8,678.5,703.8,679.6,63.6,54.4,0.03,0.25,108.3
00:35:00,13735.8,95.4,-12.4,2076,15.91,8.06,117.9,116.2,130.0,117.3,685.3,679.8,705.6,681.5,63.8,54.4,-0.08,0.02,109.5
00:35:01,13735.0,95.1,-12.1,2080,15.86,8.15,118.5,116.5,129.8,116.8,684.2,678.7,705.5,682.3,64.3,54.4,0.1,1.63,108.7
00:35:02,13734.8,95.8,-12.3,2073,15.97,8.15,118.2,116.2,130.3,117.0,682.5,677.3,705.2,682.2,64.1,54.3,-0.13,-0.05,109.8
00:35:03,13725.9,95.9,-11.9,2078,16.0,8.21,118.5,116.5,130.2,116.7,683.7,677.4,704.0,681.3,63.9,54.3,-0.25,1.04,108.7
00:35:04,13714.7,95.1,-11.9,2073,15.89,8.03,117.8,115.8,130.1,117.6,685.2,679.9,705.0,681.3,64.2,54.3,0.17,0.4,108.2
00:35:05,13718.4,95.4,-12.1,2075,15.92,8.21,118.6,116.4,130.3,117.3,684.0,676.9,702.4,682.0,64.3,54.4,-0.02,0.75,108.8
00:35:06,13726.8,96.4,-11.9,2076,15.99,8.17,118.6,116.2,130.9,117.7,685.9,678.8,704.4,681.1,63.3,54.3,0.29,1.71,109.0
00:35:07,13714.9,96.4,-12.5,2082,15.99,8.19,118.4,116.2,130.1,117.1,685.3,676.4,705.5,680.3,64.3,54.5,0.22,-0.04,109.9
00:35:08,13713.1,95.6,-12.0,2079,16.01,8.06,118.8,116.3,130.4,117.1,683.5,676.1,702.5,680.3,64.2,54.5,-0.08,-0.62,108.1
00:35:09,13723.1,95.6,-12.0,2074,16.02,8.09,118.0,115.9,130.9,117.5,682.3,677.6,703.8,682.0,63.9,54.3,0.11,0.69,108.9
00:35:10,13717.9,96.1,-12.2,2079,15.89,8.04,118.0,115.9,130.4,117.3,684.9,676.4,705.4,682.6,63.8,54.3,-0.13,0.17,109.1
00:35:11,13711.6,95.9,-11.8,2077,15.92,8.23,118.6,116.5,130.9,117.3,682.9,679.2,704.4,680.8,64.0,54.6,0.06,-0.61,109.3
00:35:12,13713.0,95.1,-11.9,2084,15.98,8.1,118.1,116.6,130.7,117.1,683.9,680.0,704.9,682.7,63.9,55.1,0.3,-0.94,109.3
00:35:13,13704.4,95.8,-12.0,2085,15.88,8.07,118.4,116.6,131.0,117.7,685.9,676.3,704.6,680.0,63.5,55.3,0.22,1.89,109.1
00:35:14,13700.4,94.9,-12.0,2082,15.96,8.05,118.1,116.1,130.8,117.7,684.3,679.3,703.7,680.4,63.6,55.3,-0.28,-1.54,109.4
00:35:15,13706.5,95.8,-12.1,2085,15.96,8.14,118.4,115.9,130.7,117.8,683.4,679.3,703.8,682.4,63.8,54.8,-0.02,-1.94,109.9
00:35:16,13699.0,94.9,-12.0,2085,15.98,8.2,118.1,116.8,130.6,117.3,684.3,677.3,705.3,682.1,63.5,54.4,0.2,0.15,109.1
00:35:17,13707.7,95.4,-12.0,2083,15.95,8.2,118.7,116.1,130.7,117.4,683.0,677.4,703.4,682.9,64.2,54.4,-0.26,-0.03,109.8
00:35:18,13700.3,96.3,-12.4,2079,15.99,8.12,119.0,116.0,130.7,117.9,683.9,679.7,704.7,683.1,63.4,54.4,0.13,0.54,108.6
00:35:19,13709.1,95.9,-11.8,2085,15.92,8.07,118.3,116.0,131.2,117.7,685.6,677.4,705.3,680.1,64.0,55.0,0.09,1.58,109.3
00:35:20,13699.8,95.3,-12.2,2082,16.04,8.14,118.8,116.7,130.8,118.0,685.7,677.6,704.0,681.9,63.7,54.9,0.02,-1.88,108.6
00:35:21,13703.7,96.1,-11.9,2081,15.91,8.2,119.1,116.8,131.4,117.9,685.2,680.2,705.7,680.9,64.4,54.9,-0.01,0.72,108.3
00:35:22,13705.5,96.0,-12.5,2084,16.0,8.17,119.1,116.5,130.9,117.3,683.4,680.0,702.6,680.8,63.8,55.1,0.02,1.36,109.0
00:35:23,13692.0,95.4,-11.9,2083,15.98,8.12,118.9,116.6,130.8,117.8,682.6,676.6,703.9,680.4,63.3,54.9,0.25,-0.46,109.2
00:35:24,13693.0,96.0,-11.8,2081,15.94,8.17,118.3,116.5,130.6,117.3,682.7,680.0,704.0,680.0,63.6,55.2,-0.23,0.78,109.5
00:35:25,13693.0,95.6,-11.9,2082,16.05,8.14,119.1,117.0,131.0,118.3,686.1,676.9,704.5,681.4,64.0,55.2,0.07,0.5,109.2
00:35:26,13698.5,95.9,-12.2,2085,15.97,8.15,118.9,116.9,131.0,118.2,683.8,677.3,705.3,681.4,63.7,54.8,-0.03,0.94,108.2
00:35:27,13694.6,95.7,-12.4,2079,15.91,8.11,119.0,116.8,131.4,118.2,685.3,678.1,702.4,680.7,63.4,54.7,-0.17,-1.86,108.1
00:35:28,13689.4,95.6,-11.9,2077,15.99,8.21,119.1,116.6,130.7,118.1,685.0,676.7,703.7,683.1,64.2,54.4,-0.03,0.86,109.4
00:35:29,13691.1,95.4,-12.3,2085,15.97,8.05,118.5,116.9,131.0,117.8,686.2,679.6,705.0,682.6,63.6,54.8,0.04,0.67,108.4
00:35:30,13693.9,95.6,-12.5,2076,15.99,8.25,119.2,117.2,131.0,118.3,685.6,679.9,704.2,681.2,63.7,55.0,0.08,-1.67,108.9
00:35:31,13692.9,95.8,-12.4,2082,16.01,8.1,118.5,117.1,131.5,117.8,682.6,677.5,704.2,679.4,63.9,54.5,-0.18,-1.11,109.0
00:35:32,13689.5,96.2,-12.0,2077,16.0,8.1,119.0,117.0,131.7,117.6,683.4,677.1,703.6,679.5,63.7,54.6,0.04,-0.71,109.5
00:35:33,13685.5,95.9,-12.1,2088,15.97,8.07,118.6,116.5,130.9,117.7,683.4,679.8,702.9,680.3,64.2,54.6,0.04,-0.4,109.2
00:35:34,13679.3,95.8,-12.3,2080,16.0,8.24,118.8,116.5,131.5,117.9,682.5,678.4,703.1,681.1,63.3,55.4,0.3,-1.28,108.7
00:35:35,13686.9,95.8,-11.9,2082,15.95,8.23,118.9,116.5,130.9,117.8,686.0,677.3,706.3,682.6,63.8,54.9,-0.1,1.49,109.4
00:35:36,13677.1,95.7,-12.4,2088,16.01,8.18,118.7,116.7,131.6,118.3,685.6,678.3,703.7,680.0,63.5,54.8,-0.01,-0.08,108.2
00:35:37,13681.4,95.5,-11.7,2089,15.95,8.11,119.5,117.2,131.9,117.6,684.3,679.3,706.4,680.2,64.0,54.8,0.08,0.6,109.6
00:35:38,13677.5,94.8,-11.7,2083,16.01,8.22,119.3,117.0,131.6,118.2,683.7,679.6,704.1,681.7,64.1,55.3,-0.14,-1.6,109.4
00:35:39,13677.4,95.5,-12.0,2087,15.95,8.24,118.8,117.0,131.8,118.1,684.9,678.2,706.5,681.3,63.7,54.7,-0.23,1.8,109.6
00:35:40,13669.6,96.0,-12.3,2085,16.05,8.12,119.1,116.9,131.7,117.9,685.8,676.6,703.4,682.4,63.7,55.0,0.22,-0.76,109.3
00:35:41,13670.4,94.7,-12.0,2079,15.95,8.23,118.9,116.9,131.3,118.3,683.8,679.1,705.7,681.0,64.0,54.6,0.05,0.14,109.2
00:35:42,13667.0,96.0,-11.8,2079,16.01,8.07,119.0,117.4,131.3,118.5,682.8,678.5,702.9,680.3,64.3,54.6,-0.2,0.42,109.1
00:35:43,13674.4,96.1,-12.2,2079,16.0,8.26,119.6,117.5,132.0,118.6,685.5,676.8,704.8,681.7,63.5,55.2,0.02,0.3,109.1
00:35:44,13663.5,95.8,-12.4,2083,16.07,8.09,119.7,117.6,132.0,118.4,686.0,679.5,705.8,681.5,64.4,55.0,0.17,0.62,108.5
00:35:45,13658.4,95.3,-12.1,2089,16.04,8.24,119.0,117.5,131.4,118.1,682.6,677.3,705.0,682.2,63.9,55.0,-0.01,-1.62,108.3
00:35:46,13661.2,95.6,-11.9,2081,16.06,8.2,119.0,117.0,132.1,118.0,684.4,680.0,703.5,679.8,64.4,54.7,0.03,1.47,109.2
00:35:47,13658.9,95.4,-11.8,2084,16.04,8.26,119.8,117.3,132.2,118.7,684.8,678.5,704.6,683.3,63.4,54.5,-0.22,1.49,108.4
00:35:48,13650.6,95.8,-12.0,2078,16.0,8.2,119.8,116.9,132.1,118.5,685.0,677.5,706.1,681.0,63.6,54.5,0.11,-0.07,109.2
00:35:49,13659.1,95.4,-12.4,2089,16.0,8.25,119.6,117.8,132.0,118.2,684.3,678.7,705.5,681.3,64.4,55.2,0.16,0.42,109.3
00:35:50,13648.1,95.4,-12.0,2086,16.01,8.2,119.2,117.3,131.8,118.6,683.9,676.6,704.7,681.8,63.3,55.4,-0.03,0.54,108.6
00:35:51,13652.0,95.2,-11.7,2087,15.93,8.15,119.2,117.3,132.2,118.8,686.6,678.1,703.0,682.4,63.6,54.8,-0.12,1.51,108.6
00:35:52,13645.1,95.1,-12.4,2080,16.03,8.12,120.0,117.4,131.7,118.0,686.1,677.4,702.9,681.0,64.1,55.1,-0.06,0.49,107.9
00:35:53,13652.8,95.9,-12.1,2085,16.06,8.18,119.9,117.1,131.8,118.6,682.7,677.2,706.1,682.7,63.8,55.1,0.1,1.87,109.4
00:35:54,13645.5,95.1,-12.0,2082,16.05,8.11,119.5,117.3,131.5,118.1,686.2,677.9,703.4,683.2,64.4,54.8,-0.16,-0.69,108.5
00:35:55,13643.5,94.9,-11.9,2085,16.06,8.17,119.7,117.1,131.6,118.3,683.1,677.9,705.1,680.0,64.0,54.8,0.2,0.79,108.8
00:35:56,13647.0,94.6,-11.6,2081,15.94,8.19,119.5,117.7,132.1,118.9,683.2,678.0,704.6,683.3,64.3,54.5,-0.04,0.51,108.1
00:35:57,13651.8,95.3,-11.8,2081,16.04,8.08,119.1,117.4,131.7,118.3,684.3,679.4,703.6,683.1,63.7,54.6,-0.1,-1.58,108.1
00:35:58,13636.6,94.7,-12.0,2081,15.94,8.21,119.2,117.1,132.3,118.3,685.8,678.4,703.6,681.0,63.5,55.5,0.19,-1.1,107.9
00:35:59,13633.8,95.0,-11.9,2084,16.04,8.21,120.0,117.1,132.4,118.9,683.7,678.9,703.2,681.2,63.6,54.7,-0.04,-0.68,109.1
00:36:00,13636.3,95.7,-12.1,2085,15.99,8.11,119.2,117.8,132.6,119.1,684.2,677.7,703.6,679.8,64.1,54.6,-0.25,-0.04,109.6
00:36:01,13635.4,94.6,-11.7,2078,16.06,8.09,120.1,117.9,132.6,118.5,686.0,679.5,706.7,683.0,64.1,55.1,0.22,-0.56,108.4
00:36:02,13641.1,95.9,-11.7,2080,16.08,8.18,119.8,118.1,132.4,119.0,683.0,680.7,706.4,683.2,64.4,55.3,-0.0,-0.05,108.4
00:36:03,13630.9,95.2,-11.7,2087,16.02,8.24,120.1,117.6,132.1,118.6,685.1,679.5,704.1,683.3,64.3,55.1,-0.04,-1.23,107.7
00:36:04,13636.8,94.5,-12.4,2085,15.99,8.16,119.7,117.6,132.2,119.1,683.3,677.0,706.3,682.6,64.3,55.3,-0.16,-0.74,109.3
00:36:05,13638.4,95.4,-12.3,2086,16.06,8.2,119.5,118.2,132.2,119.1,686.0,677.9,703.7,680.3,63.4,55.3,-0.07,-1.93,108.4
00:36:06,13631.9,94.6,-12.1,2090,15.95,8.1,119.9,117.5,132.1,119.2,683.9,676.8,705.9,682.2,63.6,55.4,-0.06,1.49,107.9
00:36:07,13638.0,95.8,-11.9,2080,15.96,8.17,120.2,117.6,132.4,118.6,682.9,677.3,706.6,680.8,63.9,55.1,-0.24,-1.52,108.5
00:36:08,13621.4,95.9,-11.7,2082,15.96,8.11,119.9,117.5,132.0,118.6,684.1,678.8,706.0,682.6,63.4,55.6,-0.22,0.82,107.7
00:36:09,13618.0,95.6,-12.2,2086,16.1,8.16,119.8,118.3,132.3,118.5,683.9,677.8,706.1,680.0,64.1,55.5,0.07,-0.64,109.2
00:36:10,13625.5,95.0,-12.0,2091,16.0,8.13,119.6,117.5,132.7,118.5,683.8,677.4,704.2,680.5,63.7,55.3,-0.1,-0.4,108.2
00:36:11,13628.4,94.5,-11.9,2090,16.0,8.17,120.0,117.8,132.9,119.3,684.2,680.2,704.4,682.7,64.0,54.7,-0.01,-1.85,109.0
00:36:12,13626.1,95.9,-12.0,2080,16.1,8.14,119.9,118.2,132.7,118.9,685.6,680.4,704.0,683.3,63.6,55.0,0.25,1.22,109.3
00:36:13,13620.4,94.7,-12.0,2079,16.01,8.2,119.6,117.4,132.1,119.1,685.3,677.2,703.5,682.5,64.4,55.2,0.04,1.66,109.4
00:36:14,13613.1,94.7,-12.2,2082,15.99,8.14,120.3,118.0,132.9,119.1,684.4,679.5,703.6,681.8,63.4,55.5,0.14,-1.27,107.6
00:36:15,13620.2,94.7,-11.6,2092,16.09,8.17,120.2,118.5,132.3,119.1,686.3,679.2,704.4,682.9,64.3,55.1,-0.28,0.32,108.8
00:36:16,13609.2,95.8,-12.1,2085,16.08,8.25,120.1,117.6,133.1,119.3,685.1,677.6,704.5,680.9,64.5,55.1,-0.15,-0.36,109.4
00:36:17,13621.9,95.7,-12.2,2090,16.04,8.17,119.9,118.3,132.2,119.3,686.5,677.9,704.4,683.6,64.4,54.9,0.2,-1.36,109.2
00:36:18,13610.6,95.1,-11.7,2080,15.98,8.11,120.3,117.9,133.0,119.0,685.7,680.9,705.0,682.4,64.4,54.9,-0.03,-1.32,109.3
00:36:19,13608.6,95.7,-12.1,2081,16.11,8.12,120.1,118.0,132.6,119.3,684.7,680.3,704.1,679.9,63.5,55.0,-0.24,-0.92,108.7
00:36:20,13616.7,95.4,-12.0,2080,15.97,8.18,120.5,118.2,133.1,119.2,685.5,677.5,703.7,683.1,63.6,54.9,0.15,-0.54,109.0
00:36:21,13603.9,95.4,-11.7,2092,15.98,8.12,119.9,118.5,133.3,119.5,683.8,680.1,704.4,680.2,64.0,54.9,0.03,-1.04,108.4
00:36:22,13605.6,95.0,-12.2,2090,16.11,8.1,120.5,117.9,132.5,119.1,683.9,678.9,707.1,680.5,64.2,54.9,-0.22,-1.41,107.7
00:36:23,13608.0,94.7,-11.6,2088,16.05,8.28,120.2,118.4,132.5,119.0,683.3,679.1,703.9,683.4,63.4,55.0,-0.17,-1.65,107.9
00:36:24,13605.4,95.3,-11.7,2089,15.99,8.2,119.9,118.1,133.3,119.8,685.6,677.7,706.7,680.7,64.2,55.4,0.25,-1.44,109.2
00:36:25,13605.7,95.1,-11.6,2091,15.98,8.1,120.0,117.9,132.5,118.9,683.1,678.7,706.7,682.0,63.6,55.0,-0.28,-1.5,109.3
00:36:26,13601.2,94.5,-12.2,2089,16.0,8.17,120.0,118.1,132.8,119.6,684.4,680.8,707.0,681.0,64.1,54.9,-0.19,-0.29,108.4
00:36:27,13606.2,95.5,-11.7,2092,16.11,8.13,120.2,118.5,132.5,119.1,686.7,680.5,704.3,680.8,64.2,54.8,-0.05,0.3,109.3
00:36:28,13604.0,95.0,-11.6,2088,16.09,8.24,120.2,117.9,132.7,119.3,683.9,678.0,703.7,681.8,64.2,55.5,-0.05,1.73,108.1
00:36:29,13601.4,94.3,-11.9,2086,16.09,8.25,120.7,118.5,132.7,119.0,686.8,677.7,704.4,682.7,63.6,54.8,-0.05,-1.48,108.3
00:36:30,13588.1,94.5,-12.0,2092,16.0,8.22,120.5,118.3,133.1,119.0,683.9,677.1,705.1,683.9,64.5,55.0,0.15,-0.07,108.1
00:36:31,13589.5,94.8,-12.2,2082,16.01,8.2,120.8,118.0,132.7,119.9,686.8,678.6,706.1,683.4,63.6,55.0,0.06,0.75,108.4
00:36:32,13593.0,94.7,-11.8,2081,16.03,8.23,120.7,118.4,133.0,120.0,684.1,678.3,705.8,680.6,63.4,55.1,0.18,1.69,108.7
00:36:33,13592.1,94.5,-12.3,2093,16.04,8.19,120.4,118.9,133.1,119.6,685.1,677.2,705.6,680.6,64.2,55.5,-0.01,0.46,108.7
00:36:34,13585.6,94.4,-12.2,2084,16.03,8.26,120.2,118.5,133.3,119.6,684.9,680.9,707.0,682.6,63.5,55.2,-0.13,-0.15,109.0
00:36:35,13591.3,95.4,-11.9,2080,16.0,8.21,120.8,118.3,133.0,119.2,686.8,680.3,705.4,681.1,63.6,55.2,0.1,0.57,108.8
00:36:36,13576.9,95.6,-12.3,2087,16.01,8.14,121.0,118.4,132.7,119.3,683.2,678.7,705.1,683.3,64.4,54.8,0.21,-1.45,107.3
00:36:37,13576.2,94.8,-11.7,2081,16.02,8.11,120.7,118.4,133.2,120.1,685.0,677.3,705.2,681.6,64.2,55.5,-0.2,-1.44,109.3
00:36:38,13586.4,95.1,-12.0,2086,16.15,8.27,120.9,118.2,133.0,120.0,684.5,677.9,704.3,681.5,63.5,55.0,-0.24,0.31,108.3
00:36:39,13572.6,95.7,-11.8,2091,16.11,8.24,121.0,118.5,132.9,119.4,683.7,680.8,704.9,680.4,63.7,55.3,0.14,1.93,107.9
00:36:40,13571.0,95.4,-11.5,2086,16.04,8.13,121.2,118.4,132.8,119.4,684.4,680.1,704.9,682.2,63.4,55.2,-0.01,-1.67,109.0
00:36:41,13582.5,95.6,-11.5,2083,16.05,8.28,121.1,118.3,133.1,120.1,686.3,678.0,706.4,683.5,63.7,54.8,0.29,1.46,108.7
00:36:42,13577.9,95.3,-11.9,2089,16.02,8.13,120.9,119.2,133.5,119.4,683.9,680.2,706.6,680.5,63.5,55.4,0.08,-1.66,108.7
00:36:43,13566.1,95.0,-12.1,2093,16.03,8.13,120.8,118.3,133.5,120.2,683.7,679.5,704.0,680.5,64.0,54.8,-0.13,-1.88,108.1
00:36:44,13578.4,95.1,-12.1,2090,16.13,8.12,121.3,118.9,134.0,120.2,685.8,680.9,706.8,683.2,64.0,55.3,-0.17,-0.21,109.1
00:36:45,13571.6,94.4,-12.2,2090,16.02,8.3,120.7,118.2,133.4,119.5,683.5,679.9,705.0,681.9,63.6,55.7,0.19,0.36,108.7
00:36:46,13565.2,95.0,-12.0,2085,16.15,8.14,120.4,118.6,133.2,119.6,683.9,678.5,704.9,684.1,64.5,55.2,-0.21,-0.51,107.4
00:36:47,13562.2,95.3,-11.5,2082,16.08,8.29,120.4,118.9,133.9,120.3,686.0,680.1,704.5,684.0,64.6,55.5,0.02,1.51,108.0
00:36:48,13566.0,94.7,-12.0,2089,16.15,8.16,120.6,119.1,133.8,120.3,685.2,677.8,706.1,683.3,64.0,55.2,0.16,1.08,108.9
00:36:49,13559.7,94.9,-12.0,2083,16.13,8.28,121.2,118.8,133.2,120.4,683.5,680.2,707.2,683.4,63.8,54.8,0.01,-0.94,107.8
00:36:50,13564.9,94.4,-11.9,2090,16.1,8.28,120.9,118.5,133.6,120.0,685.6,677.5,707.4,683.2,64.6,55.4,0.05,-0.72,107.9
00:36:51,13562.3,94.4,-12.0,2095,16.12,8.21,120.9,118.7,133.8,120.3,684.3,678.2,704.1,680.3,63.7,55.4,0.3,1.33,107.3
00:36:52,13549.8,95.3,-12.1,2092,16.01,8.32,121.2,118.9,133.5,120.2,686.4,677.4,706.9,683.5,64.2,55.2,0.09,-1.11,108.1
00:36:53,13559.7,95.0,-11.6,2081,16.15,8.23,120.9,119.3,133.4,120.5,685.3,677.8,704.4,680.7,64.5,55.2,0.13,1.78,108.4
00:36:54,13556.6,95.0,-11.9,2094,16.08,8.24,120.8,118.7,133.4,120.1,686.4,680.1,706.5,680.5,64.0,55.5,0.12,1.68,108.9
00:36:55,13555.7,94.1,-11.8,2095,16.01,8.26,120.7,118.5,133.5,119.8,686.1,679.0,704.5,683.5,64.5,55.6,0.13,-0.77,108.1
00:36:56,13549.5,95.5,-11.7,2085,16.11,8.31,121.4,118.8,134.2,120.3,686.2,679.3,706.2,683.8,63.5,54.9,0.15,-1.74,108.1
00:36:57,13542.9,95.0,-11.6,2093,16.17,8.15,121.6,119.0,133.6,119.7,683.5,677.3,704.2,680.9,63.7,54.8,0.14,1.66,108.6
00:36:58,13544.3,95.1,-11.5,2093,16.05,8.21,121.0,119.3,133.7,119.8,683.7,680.3,706.8,681.2,63.9,55.3,0.15,1.54,107.4
00:36:59,13552.6,95.6,-11.5,2091,16.17,8.27,121.6,119.1,134.2,120.3,683.9,680.1,706.1,683.6,63.5,55.7,0.06,-0.3,107.4
00:37:00,13537.5,94.4,-12.1,2085,16.17,8.22,121.3,118.8,133.5,119.9,685.5,681.2,707.8,683.0,64.0,55.0,-0.23,-0.53,108.6
00:37:01,13544.4,94.5,-12.0,2082,16.05,8.32,120.7,119.1,134.0,120.1,684.1,680.4,706.6,683.8,63.9,55.2,0.27,-1.45,108.0
00:37:02,13533.9,95.5,-12.1,2083,16.13,8.32,121.5,119.1,134.1,120.5,686.4,680.5,707.5,681.8,64.1,55.6,-0.05,-0.26,107.7
00:37:03,13541.8,94.9,-11.6,2084,16.12,8.24,121.3,119.0,134.3,119.9,683.4,680.1,704.8,682.8,63.7,54.9,-0.25,-0.3,108.9
00:37:04,13547.2,95.3,-11.6,2083,16.18,8.14,121.0,119.0,134.0,120.4,686.6,679.9,706.9,683.0,63.7,55.3,0.2,-0.67,108.2
00:37:05,13532.8,94.3,-11.7,2094,16.06,8.29,121.0,118.7,134.0,120.8,684.3,679.1,706.2,683.2,64.4,55.4,0.24,-1.31,108.6
00:37:06,13533.3,94.7,-11.4,2084,16.16,8.25,121.5,118.7,133.7,120.5,686.8,678.3,704.3,681.7,64.5,55.4,0.2,-0.34,107.7
00:37:07,13535.7,94.7,-12.0,2085,16.15,8.3,121.3,119.3,134.5,120.6,685.6,678.9,707.1,683.5,64.0,55.4,0.28,-1.1,107.5
00:37:08,13535.7,95.1,-11.8,2088,16.17,8.31,121.2,119.0,133.7,120.6,684.3,679.8,704.7,682.5,64.0,55.1,-0.16,-1.83,107.4
00:37:09,13539.3,95.2,-11.5,2093,16.11,8.26,121.1,119.3,134.4,120.7,685.5,679.5,707.4,681.0,63.5,55.0,-0.07,0.99,108.2
00:37:10,13521.9,94.9,-12.1,2088,16.05,8.29,121.0,119.2,133.8,120.4,686.4,679.5,707.0,683.8,63.5,55.2,-0.04,1.34,108.2
00:37:11,13524.2,95.5,-11.6,2092,16.13,8.19,121.2,119.7,134.6,120.3,686.9,681.2,705.8,683.0,63.9,54.9,0.27,0.72,108.1
00:37:12,13523.8,94.0,-12.0,2084,16.17,8.14,121.1,119.8,134.5,120.9,686.3,679.1,705.6,682.6,63.8,54.9,-0.12,0.34,108.2
00:37:13,13525.0,94.3,-12.1,2089,16.05,8.18,121.3,119.2,134.0,120.9,685.0,677.6,705.2,681.0,64.2,55.8,0.03,0.14,107.7
00:37:14,13530.0,94.7,-11.6,2083,16.08,8.29,121.4,118.9,133.9,120.3,684.0,680.8,706.6,683.0,63.7,54.9,-0.2,1.9,108.1
00:37:15,13522.3,95.3,-11.4,2093,16.04,8.18,121.1,119.8,134.3,120.5,684.1,679.0,705.3,683.6,63.9,55.5,-0.08,1.36,108.2
00:37:16,13518.2,95.5,-11.8,2085,16.06,8.24,121.7,119.2,134.0,120.6,684.8,678.8,705.3,682.4,64.6,55.0,-0.24,-0.07,108.9
00:37:17,13509.3,95.1,-12.1,2087,16.12,8.18,121.6,119.9,134.4,120.8,685.7,679.5,707.6,684.2,64.5,55.4,-0.23,-1.86,108.2
00:37:18,13513.2,93.9,-11.6,2084,16.07,8.24,121.6,119.0,134.2,121.0,683.6,678.1,707.2,681.7,64.6,55.1,-0.21,0.57,107.9
00:37:19,13513.3,94.7,-11.4,2092,16.14,8.32,122.0,119.2,134.9,120.8,683.8,680.4,706.2,681.4,64.6,55.8,-0.13,0.66,108.9
00:37:20,13509.0,94.5,-11.8,2084,16.11,8.3,121.8,119.1,134.5,120.5,683.8,679.1,704.8,684.4,63.7,55.3,0.06,-1.87,107.4
00:37:21,13502.3,95.5,-11.8,2094,16.07,8.27,122.1,119.2,134.9,120.9,684.1,681.3,707.0,682.5,64.5,55.0,0.14,-0.5,108.3
00:37:22,13512.8,94.0,-12.0,2096,16.06,8.14,121.3,119.1,134.2,121.0,685.8,681.2,705.1,683.2,63.8,55.2,0.09,0.75,108.2
00:37:23,13499.3,95.1,-12.1,2091,16.17,8.23,121.7,119.2,134.2,120.7,684.0,678.9,708.1,683.1,64.3,55.4,-0.15,0.02,107.8
00:37:24,13501.8,94.3,-11.5,2094,16.2,8.25,121.8,119.8,134.7,121.1,685.3,679.7,707.9,683.2,63.7,55.7,0.18,-1.95,108.8
00:37:25,13503.7,94.5,-11.5,2094,16.18,8.2,122.1,120.1,134.3,120.3,687.1,681.4,707.6,683.3,64.3,54.9,-0.17,0.2,108.2
00:37:26,13500.0,94.0,-11.8,2093,16.16,8.21,121.9,119.9,134.1,120.5,685.0,679.6,705.0,683.3,64.4,55.3,-0.12,1.36,108.7
00:37:27,13504.7,94.8,-11.8,2087,16.1,8.22,122.0,119.4,134.2,120.3,686.1,681.4,706.0,683.1,64.0,54.9,-0.12,1.47,108.8
00:37:28,13498.0,94.1,-12.1,2089,16.06,8.28,121.4,120.2,134.5,121.1,684.0,679.8,704.6,683.1,63.7,55.9,0.22,0.49,108.2
00:37:29,13489.5,94.8,-11.4,2088,16.2,8.23,121.3,119.2,134.3,120.3,686.5,679.4,708.2,682.9,64.1,55.2,0.1,1.19,107.3
00:37:30,13495.2,94.0,-11.8,2086,16.21,8.19,121.4,119.9,135.0,121.0,685.4,678.0,705.7,681.1,63.6,55.5,-0.03,-0.85,107.2
00:37:31,13495.7,94.6,-12.0,2090,16.19,8.23,121.5,119.3,134.4,121.3,683.7,681.0,704.8,683.6,64.1,55.4,-0.0,1.05,107.7
00:37:32,13501.2,93.8,-12.0,2093,16.15,8.3,121.9,119.7,134.9,121.3,685.5,680.2,705.5,681.1,64.2,55.1,0.14,1.54,108.8
00:37:33,13488.0,95.0,-11.5,2086,16.12,8.27,121.6,119.7,134.9,120.8,687.4,679.6,707.3,684.3,63.6,55.8,-0.01,-1.73,107.8
00:37:34,13488.6,95.2,-12.1,2088,16.21,8.23,122.1,120.2,135.2,120.4,684.1,678.8,707.1,683.3,64.2,55.6,-0.05,-0.92,108.4
00:37:35,13492.7,94.3,-11.7,2097,16.08,8.19,121.9,120.1,134.7,121.0,683.8,679.9,706.6,684.1,63.8,54.9,0.16,-1.25,106.9
00:37:36,13484.6,94.6,-11.4,2096,16.08,8.21,121.6,120.3,134.5,120.7,685.3,679.0,704.9,682.0,64.6,55.3,0.02,1.42,108.4
00:37:37,13491.8,93.8,-11.4,2092,16.17,8.28,122.4,120.1,135.4,120.7,685.4,679.4,707.2,680.6,63.9,55.9,0.01,-1.06,107.4
00:37:38,13490.8,93.9,-11.9,2086,16.21,8.32,122.4,119.6,135.3,120.9,687.2,678.0,707.8,681.6,64.3,55.9,-0.04,-1.64,106.9
00:37:39,13484.8,95.3,-11.6,2087,16.15,8.15,122.0,119.9,134.7,120.9,684.3,677.7,704.9,681.7,63.9,55.7,-0.19,-0.7,107.0
00:37:40,13486.6,94.7,-11.9,2086,16.06,8.19,122.4,120.4,134.8,121.5,685.4,678.5,705.4,681.8,63.9,55.9,0.08,-1.22,107.5
00:37:41,13472.8,94.6,-11.9,2091,16.2,8.3,122.4,119.6,134.6,121.1,685.2,679.9,708.5,683.8,64.0,55.0,0.17,-1.25,108.5
00:37:42,13484.6,94.2,-11.4,2084,16.2,8.34,122.2,119.6,135.5,121.0,684.0,680.6,707.2,683.9,64.4,55.6,0.02,1.89,108.1
00:37:43,13481.7,94.8,-11.9,2092,16.22,8.29,122.2,120.4,134.7,121.4,687.4,678.2,707.9,682.8,64.5,55.3,0.26,0.07,107.8
00:37:44,13475.0,93.9,-11.3,2089,16.13,8.23,122.3,120.1,134.6,121.6,687.4,679.8,706.8,681.4,64.3,55.1,-0.23,-1.14,107.0
00:37:45,13464.4,94.5,-12.0,2093,16.17,8.28,122.5,120.5,135.6,121.6,687.2,680.0,708.0,682.3,64.1,55.3,0.09,-1.02,108.2
00:37:46,13475.6,94.6,-11.7,2092,16.17,8.34,122.5,120.4,135.1,120.9,685.5,679.9,704.9,682.4,63.8,55.5,0.08,-1.33,106.8
00:37:47,13458.8,94.7,-11.5,2086,16.18,8.19,121.9,119.6,135.3,120.9,685.0,678.3,707.1,684.1,63.7,55.2,0.13,1.29,108.7
00:37:48,13472.0,93.9,-11.4,2096,16.23,8.28,122.7,120.0,135.2,121.2,684.7,680.0,707.7,683.3,64.0,55.9,0.04,1.08,108.3
00:37:49,13466.4,94.0,-11.5,2085,16.1,8.23,122.7,120.3,135.2,120.8,684.4,681.3,707.3,680.8,64.0,55.9,-0.22,-1.28,107.5
00:37:50,13458.4,94.6,-11.6,2085,16.15,8.29,121.9,120.5,135.5,121.6,684.1,680.4,705.8,683.6,63.6,55.0,-0.18,1.14,107.8
00:37:51,13464.5,93.7,-11.6,2095,16.21,8.21,122.4,120.0,135.4,121.1,685.9,680.6,704.8,684.5,64.4,55.3,-0.08,-0.69,106.9
00:37:52,13455.7,94.9,-11.6,2097,16.23,8.31,122.4,119.8,135.0,120.8,686.6,677.9,707.1,682.0,63.7,55.3,-0.06,1.84,107.3
00:37:53,13464.4,95.1,-11.7,2096,16.19,8.29,122.4,119.9,135.8,121.5,684.9,680.2,706.0,683.9,64.7,55.0,0.23,-1.58,106.9
00:37:54,13451.5,95.2,-11.5,2097,16.12,8.3,122.7,120.5,135.8,121.0,687.5,681.1,704.8,681.3,64.4,55.9,0.17,0.13,108.1
00:37:55,13457.5,93.9,-11.9,2092,16.13,8.27,122.1,120.0,135.6,121.2,686.1,679.5,707.2,682.2,64.6,55.4,0.22,-0.23,108.6
00:37:56,13458.7,95.1,-11.3,2086,16.17,8.18,122.5,120.2,135.5,121.6,685.0,678.0,706.0,681.7,63.9,55.4,0.08,-1.86,108.0
00:37:57,13458.8,94.6,-12.0,2084,16.23,8.3,122.1,120.0,135.7,121.1,687.2,680.5,706.9,681.3,64.1,55.4,-0.12,-2.0,106.8
00:37:58,13443.0,94.8,-12.0,2089,16.13,8.22,122.5,119.9,135.4,121.7,687.3,680.6,707.3,684.1,64.3,55.6,-0.16,1.09,108.6
00:37:59,13444.4,93.7,-11.9,2090,16.1,8.34,122.6,119.9,135.0,121.3,686.4,680.3,708.4,683.3,64.1,55.2,-0.05,-1.23,108.5
00:38:00,13450.9,94.3,-11.9,2093,16.2,8.2,122.2,120.0,135.5,121.8,684.8,678.6,707.5,683.8,64.1,55.4,0.29,-0.72,107.1
00:38:01,13445.6,94.3,-11.8,2094,16.24,8.21,122.4,120.4,135.2,121.5,686.6,681.3,707.3,682.6,64.1,55.4,0.16,-0.44,107.2
00:38:02,13443.3,94.7,-12.0,2087,16.21,8.29,122.9,120.5,135.6,122.0,684.4,677.8,708.8,682.0,64.1,55.6,-0.25,-1.24,107.4
00:38:03,13440.2,93.6,-11.3,2084,16.17,8.29,122.5,120.8,135.8,122.0,686.7,680.7,707.8,683.7,64.3,55.8,0.06,-0.28,106.8
00:38:04,13442.4,95.1,-11.8,2088,16.09,8.17,122.6,120.5,135.2,121.8,686.2,678.3,707.4,683.2,63.8,55.4,0.28,1.27,107.6
00:38:05,13430.2,95.2,-12.0,2087,16.24,8.32,122.5,120.0,135.6,121.9,687.6,680.7,707.1,681.7,63.7,55.7,-0.23,-1.48,107.8
00:38:06,13432.8,94.5,-11.7,2096,16.13,8.2,122.5,120.7,135.2,121.2,684.4,679.8,704.9,684.0,64.2,55.3,-0.18,-1.79,108.3
00:38:07,13435.0,93.8,-11.6,2084,16.21,8.3,123.0,120.0,136.1,121.2,685.5,681.0,707.7,682.1,64.5,56.0,0.02,0.68,107.7
00:38:08,13425.2,94.9,-11.6,2094,16.11,8.22,122.5,121.0,135.7,121.3,684.5,681.5,706.7,682.1,64.1,55.6,0.1,1.35,107.5
00:38:09,13438.1,93.9,-11.7,2092,16.21,8.18,122.2,120.1,135.7,122.0,687.1,681.5,707.5,684.2,64.2,55.3,0.01,0.08,107.5
00:38:10,13427.3,94.9,-11.3,2091,16.11,8.21,123.0,120.3,135.7,121.2,687.1,681.1,705.9,681.6,64.3,55.9,-0.25,1.01,108.1
00:38:11,13434.0,93.9,-11.4,2089,16.1,8.3,122.5,120.8,135.4,122.0,685.6,679.2,705.6,684.5,63.7,55.9,0.1,1.56,108.2
00:38:12,13422.2,93.8,-11.4,2096,16.2,8.28,122.7,120.9,135.5,121.7,684.7,678.9,706.0,680.9,63.5,55.6,-0.02,-0.32,106.9
00:38:13,13425.3,93.8,-11.8,2085,16.21,8.18,122.3,120.4,136.1,122.0,684.2,678.3,708.6,683.9,64.2,55.4,0.28,-1.04,107.8
00:38:14,13413.1,94.7,-11.3,2092,16.12,8.2,122.5,120.8,135.6,121.7,686.8,681.0,708.9,681.8,64.3,55.6,-0.24,-0.23,107.8
00:38:15,13428.8,94.6,-11.2,2088,16.14,8.22,122.6,120.6,136.1,121.8,686.5,678.9,706.0,682.7,64.5,55.7,-0.03,-0.0,108.2
00:38:16,13421.6,94.9,-11.9,2091,16.23,8.26,122.4,121.0,135.4,121.6,684.7,680.3,707.9,682.0,64.2,55.2,-0.18,1.59,107.5
00:38:17,13409.7,95.0,-11.3,2098,16.17,8.22,122.6,120.9,136.0,121.8,683.9,681.0,708.0,682.9,63.7,55.9,-0.07,1.57,106.8
00:38:18,13410.3,93.7,-11.5,2091,16.19,8.32,123.2,120.4,136.0,122.1,686.6,680.7,708.2,684.7,63.9,55.5,0.04,0.62,108.1
00:38:19,13421.3,94.9,-11.2,2085,16.26,8.34,123.1,121.1,135.8,121.9,684.4,681.0,707.4,684.4,64.4,55.2,-0.13,1.62,108.3
00:38:20,13409.3,94.3,-11.5,2097,16.25,8.23,122.4,120.5,136.3,121.6,685.2,678.0,707.7,684.8,64.6,55.9,0.24,0.24,106.7
00:38:21,13404.0,93.9,-11.6,2097,16.18,8.26,122.7,120.6,136.4,121.5,685.6,678.6,706.6,683.6,64.5,55.9,-0.25,-1.34,108.3
00:38:22,13415.6,94.2,-11.2,2086,16.26,8.34,122.4,121.0,135.9,121.8,685.5,678.8,706.6,683.7,63.7,55.6,0.2,1.96,107.5
00:38:23,13408.9,94.0,-11.4,2090,16.23,8.21,123.2,120.9,136.0,121.9,686.1,680.0,708.1,682.2,63.5,55.3,-0.08,1.12,107.3
00:38:24,13406.2,93.8,-11.7,2095,16.11,8.21,122.5,120.5,136.2,122.3,684.4,680.8,706.2,683.9,64.5,55.5,0.29,-0.79,107.7
00:38:25,13411.8,94.3,-11.9,2097,16.21,8.19,122.6,120.7,136.5,121.5,684.5,678.5,706.6,682.7,64.5,55.9,-0.13,-0.12,108.4
00:38:26,13398.1,93.6,-11.3,2096,16.21,8.29,123.0,120.8,136.6,122.3,686.6,678.4,708.9,681.3,64.0,56.1,0.04,0.5,106.7
00:38:27,13396.2,94.5,-11.2,2090,16.2,8.2,122.9,121.2,136.3,122.1,687.4,679.1,708.5,684.9,63.7,55.7,-0.23,-0.3,107.9
00:38:28,13402.7,94.1,-11.7,2096,16.16,8.26,123.0,120.4,136.0,121.9,684.5,680.0,706.5,682.0,64.4,55.6,0.02,-1.7,106.9
00:38:29,13401.3,94.9,-11.9,2092,16.2,8.36,123.4,120.5,136.5,121.5,684.2,678.5,707.4,683.8,63.9,55.6,-0.05,-0.56,107.1
00:38:30,13398.6,94.1,-11.7,2087,16.16,8.33,123.1,121.3,136.3,122.4,685.0,679.6,708.1,683.6,63.7,55.4,0.29,1.14,108.4
00:38:31,13400.7,94.0,-11.9,2094,16.21,8.29,123.5,121.2,136.7,122.1,686.1,681.9,707.2,683.6,63.9,55.4,0.14,-1.0,108.4
00:38:32,13394.4,94.9,-11.6,2091,16.26,8.3,123.0,120.7,135.8,122.4,685.7,680.2,705.8,681.2,64.3,55.5,0.14,-1.29,108.2
00:38:33,13385.3,94.0,-11.6,2088,16.19,8.34,123.5,120.6,136.1,122.3,684.7,681.7,706.5,684.2,64.2,56.0,0.04,-0.78,107.3
00:38:34,13387.8,94.1,-11.9,2090,16.15,8.33,123.1,120.5,136.1,122.3,685.9,681.0,706.9,684.6,64.4,55.2,0.03,0.24,107.4
00:38:35,13388.4,93.9,-11.3,2089,16.2,8.22,123.4,120.9,136.0,122.5,685.9,678.1,705.9,683.1,64.7,55.9,-0.06,0.66,106.4
00:38:36,13388.4,94.1,-11.5,2087,16.18,8.19,122.8,120.9,136.7,122.3,686.4,678.7,708.6,682.5,63.9,56.1,0.07,1.38,107.4
00:38:37,13377.8,94.1,-11.8,2087,16.17,8.36,122.9,120.8,135.9,122.0,685.3,679.0,707.3,684.6,64.1,55.6,-0.23,-0.54,107.4
00:38:38,13374.1,94.6,-11.9,2093,16.17,8.37,123.3,121.4,136.5,122.3,687.6,678.5,709.1,684.0,64.6,55.2,0.26,-1.72,107.4
00:38:39,13385.9,94.7,-11.9,2085,16.27,8.2,123.1,121.2,136.6,121.9,685.6,681.5,707.6,684.5,64.4,55.7,-0.24,-0.61,107.5
00:38:40,13370.6,94.8,-11.4,2086,16.25,8.23,122.8,121.0,136.3,122.0,685.0,681.3,706.1,684.5,64.5,56.0,0.12,-1.77,107.0
00:38:41,13368.5,93.6,-11.8,2086,16.13,8.24,123.3,121.1,136.5,121.7,686.0,680.2,706.0,684.9,64.7,55.9,-0.29,0.65,106.5
00:38:42,13370.8,94.8,-11.7,2090,16.16,8.26,123.7,120.9,136.0,121.7,684.0,679.5,709.0,682.9,64.4,55.9,-0.04,-0.07,106.9
00:38:43,13379.9,93.7,-11.6,2092,16.25,8.32,123.2,121.1,136.8,121.9,686.5,681.3,707.0,682.1,63.8,55.7,-0.17,-1.79,108.2
00:38:44,13361.7,93.9,-11.5,2091,16.15,8.21,123.5,121.6,136.2,122.2,687.9,680.3,706.3,683.8,64.5,55.5,0.17,-1.68,108.3
00:38:45,13368.9,94.3,-11.2,2094,16.18,8.31,122.8,121.3,136.3,122.6,686.2,681.5,706.6,681.5,64.5,55.2,-0.09,0.85,107.9
00:38:46,13369.3,94.8,-11.1,2091,16.13,8.19,123.6,121.4,136.9,121.8,687.1,680.1,706.2,683.4,64.2,55.8,-0.29,0.32,106.5
00:38:47,13374.0,93.5,-11.6,2085,16.28,8.29,122.9,121.6,136.6,121.8,686.0,681.7,708.5,683.1,64.0,55.8,0.09,0.48,107.8
00:38:48,13363.8,94.0,-11.4,2089,16.26,8.33,123.6,121.1,136.4,122.4,685.2,679.6,708.0,683.9,64.1,55.4,0.25,-1.88,106.7
00:38:49,13366.0,93.6,-11.7,2095,16.24,8.22,123.0,120.8,136.7,122.6,685.3,680.8,709.2,681.1,64.3,55.9,0.24,0.8,107.8
00:38:50,13361.9,93.6,-11.4,2096,16.2,8.31,122.9,120.9,136.5,122.2,684.7,681.8,708.2,682.3,63.6,56.2,-0.23,0.23,106.9
00:38:51,13367.1,94.4,-11.4,2097,16.21,8.34,122.9,121.5,136.3,122.2,686.0,678.5,706.7,681.2,64.3,55.9,-0.2,1.94,108.1
00:38:52,13361.8,94.9,-11.5,2098,16.21,8.29,123.5,121.5,137.0,122.8,684.1,681.9,707.2,684.5,64.1,55.3,-0.21,1.13,106.3
00:38:53,13351.5,94.8,-11.6,2095,16.28,8.2,123.8,121.0,136.2,122.0,685.0,678.4,708.3,682.3,64.4,55.8,0.03,1.8,108.2
00:38:54,13344.7,94.8,-11.3,2091,16.22,8.29,123.7,121.1,136.8,122.7,686.4,678.7,707.5,681.3,63.5,55.3,0.22,0.52,107.3
00:38:55,13357.5,93.5,-11.3,2093,16.2,8.27,123.6,121.6,136.3,122.7,686.6,680.5,707.7,683.3,63.9,55.5,-0.29,-0.39,108.1
00:38:56,13346.3,93.8,-11.6,2096,16.14,8.33,123.1,121.2,137.0,122.5,684.6,679.3,707.6,684.8,63.8,55.8,0.19,1.53,107.3
00:38:57,13345.9,94.7,-11.8,2091,16.25,8.33,123.0,121.4,137.0,122.4,685.5,678.8,706.9,682.1,64.0,55.4,-0.25,-1.84,107.6
00:38:58,13346.8,94.2,-11.6,2090,16.27,8.2,123.0,121.6,136.9,122.3,686.7,678.7,707.3,683.3,64.6,55.5,-0.1,0.39,106.2
00:38:59,13343.3,93.4,-11.4,2093,16.25,8.32,123.4,121.7,136.9,122.4,686.2,679.1,707.9,682.9,64.1,55.2,-0.08,0.37,108.2
00:39:00,13349.7,93.9,-11.3,2092,16.18,8.36,123.5,121.5,136.7,122.0,686.4,681.2,707.4,683.3,63.8,55.3,-0.23,-0.94,106.3
00:39:01,13345.1,94.5,-11.6,2090,16.19,8.38,123.7,121.6,136.7,122.3,685.3,679.3,706.1,682.3,64.2,55.6,0.04,1.72,106.6
00:39:02,13341.1,94.6,-11.4,2084,16.14,8.33,123.5,121.0,136.5,122.9,686.0,678.9,705.9,682.9,64.3,55.7,-0.16,0.32,106.9
00:39:03,13330.6,94.7,-11.1,2089,16.23,8.38,123.3,121.4,136.6,122.9,684.9,679.4,706.1,682.2,63.9,55.6,0.12,-0.04,107.3
00:39:04,13334.0,94.1,-11.2,2094,16.24,8.36,123.0,121.6,136.5,122.6,685.8,680.0,708.7,683.3,64.1,56.0,-0.28,-0.71,106.7
00:39:05,13329.0,94.3,-11.4,2086,16.2,8.28,123.6,121.5,136.7,122.6,687.1,681.6,708.6,681.1,64.0,55.7,-0.02,-0.36,108.0
00:39:06,13324.6,94.1,-11.6,2089,16.18,8.21,123.7,121.4,136.7,122.8,686.9,678.2,706.3,682.8,64.3,56.2,-0.25,-1.29,107.0
00:39:07,13323.8,93.7,-11.7,2092,16.28,8.23,123.7,121.4,136.6,122.6,686.3,679.8,708.8,681.1,63.5,55.6,0.19,0.37,106.3
00:39:08,13329.4,93.8,-11.5,2098,16.15,8.38,123.3,121.8,137.1,122.9,684.7,678.8,708.3,684.0,64.0,55.3,-0.13,0.2,106.9
00:39:09,13331.4,94.2,-11.5,2092,16.26,8.19,123.6,121.0,136.8,122.6,685.8,680.0,706.6,682.7,64.2,55.7,-0.06,-1.11,106.7
00:39:10,13321.2,93.9,-11.2,2085,16.23,8.33,124.0,121.8,137.1,122.7,687.6,678.3,708.7,684.1,64.6,55.8,0.06,-1.85,106.5
00:39:11,13324.4,94.3,-11.7,2089,16.21,8.2,123.2,122.0,136.6,123.1,686.0,679.4,706.2,682.7,64.3,55.7,-0.08,0.36,107.2
00:39:12,13314.9,94.2,-11.0,2086,16.3,8.36,123.9,121.3,137.1,123.0,684.2,678.1,707.9,682.1,64.5,56.2,-0.15,-1.14,107.6
00:39:13,13319.1,93.4,-11.7,2084,16.3,8.22,124.1,121.3,137.6,123.0,687.1,678.8,706.6,684.8,63.8,55.8,0.13,0.0,106.9
00:39:14,13326.7,94.5,-11.3,2098,16.19,8.39,123.5,121.3,137.4,122.8,685.4,680.6,707.0,681.6,64.6,55.6,0.21,-0.35,107.2
00:39:15,13311.5,93.6,-11.3,2090,16.21,8.19,123.6,121.8,136.9,122.5,685.2,681.7,708.7,681.4,64.1,55.7,-0.24,-0.88,107.2
00:39:16,13316.0,94.4,-11.4,2088,16.26,8.21,123.5,122.0,137.3,122.5,688.0,680.0,707.1,683.8,64.2,55.6,-0.1,-0.69,107.8
00:39:17,13309.2,93.5,-11.6,2089,16.28,8.35,123.8,121.4,137.2,122.8,685.9,678.5,709.1,682.9,64.2,56.2,-0.15,0.93,106.6
00:39:18,13308.9,93.5,-11.7,2086,16.19,8.33,123.7,121.5,136.7,123.0,684.5,679.5,706.7,684.6,63.7,55.3,-0.09,-0.05,106.1
00:39:19,13304.7,94.6,-11.4,2093,16.3,8.24,123.4,121.4,137.6,122.9,686.2,680.9,708.6,683.2,64.7,55.3,-0.3,-0.69,106.5
00:39:20,13306.1,93.7,-11.0,2092,16.17,8.24,123.6,121.6,137.2,122.8,688.1,678.5,708.8,682.0,64.2,55.6,-0.09,-1.33,106.1
00:39:21,13298.9,93.8,-11.2,2092,16.24,8.25,124.1,121.5,137.1,122.8,687.1,681.1,708.5,683.7,64.6,55.9,-0.03,-1.9,107.3
00:39:22,13306.0,93.7,-11.5,2087,16.28,8.34,123.3,121.7,136.9,122.5,684.6,682.1,708.2,685.0,64.5,56.0,-0.02,-1.37,107.9
00:39:23,13307.6,94.4,-11.4,2087,16.2,8.25,124.3,121.8,137.4,122.7,684.7,681.8,708.5,683.6,64.5,56.1,0.27,-0.45,106.4
00:39:24,13303.8,93.5,-11.7,2096,16.16,8.33,123.4,121.9,137.0,122.7,686.2,680.6,709.0,684.6,63.8,56.3,0.1,-0.75,106.2
00:39:25,13304.2,93.9,-11.0,2094,16.29,8.29,123.5,121.8,136.9,123.0,684.2,680.6,706.5,681.4,63.8,55.7,0.15,0.86,107.3
00:39:26,13302.6,93.7,-10.9,2094,16.27,8.26,123.8,122.0,137.3,122.9,685.5,678.4,709.4,682.6,63.9,56.0,-0.09,-1.22,108.1
00:39:27,13289.8,93.6,-11.4,2095,16.2,8.32,124.1,121.4,137.8,122.6,686.5,678.8,707.7,684.0,63.9,55.8,-0.28,0.46,107.2
00:39:28,13300.4,93.9,-11.0,2086,16.26,8.35,123.4,122.1,137.0,123.3,687.9,679.7,708.0,682.4,63.9,55.4,0.08,0.75,106.1
00:39:29,13300.1,93.1,-11.6,2087,16.16,8.32,123.6,121.4,137.1,123.2,688.1,679.1,709.6,682.9,63.8,55.5,0.05,0.35,106.7
00:39:30,13287.0,93.9,-11.3,2097,16.3,8.34,123.9,121.4,137.1,123.0,686.9,678.3,709.6,684.0,64.5,56.1,-0.16,-1.74,106.4
00:39:31,13280.0,93.3,-10.9,2088,16.23,8.27,123.5,121.8,137.0,122.7,684.8,679.8,707.0,682.7,64.6,55.8,-0.1,-0.79,106.2
00:39:32,13284.9,93.1,-11.0,2087,16.25,8.27,124.0,122.0,137.2,123.2,685.3,678.3,707.8,682.0,64.4,55.8,-0.11,-1.3,106.3
00:39:33,13286.8,94.2,-11.1,2097,16.19,8.26,124.0,122.2,137.2,122.9,686.1,679.5,708.7,682.9,64.5,56.0,-0.23,-0.35,107.9
00:39:34,13283.3,94.4,-11.3,2095,16.23,8.24,124.1,122.2,137.7,122.6,687.4,679.9,709.5,684.8,63.8,56.2,-0.11,1.45,106.4
00:39:35,13281.5,93.6,-11.2,2093,16.22,8.25,124.2,121.5,137.0,122.9,685.0,681.1,706.8,684.3,63.9,55.4,-0.2,1.22,107.6
00:39:36,13279.5,94.6,-10.9,2089,16.19,8.32,123.6,122.1,137.5,123.0,685.9,680.4,709.8,684.0,64.6,55.5,0.15,-0.15,106.7
00:39:37,13269.4,94.0,-11.1,2088,16.17,8.38,124.4,121.4,137.2,122.5,687.2,680.6,709.5,684.8,63.8,56.2,0.11,-1.8,106.2
00:39:38,13269.9,93.9,-11.4,2089,16.29,8.29,124.0,121.7,137.6,123.1,687.5,679.6,709.2,683.0,64.2,55.8,-0.02,0.21,106.7
00:39:39,13281.9,93.2,-11.7,2085,16.23,8.26,124.1,122.3,137.1,122.7,687.6,678.3,708.8,684.9,64.4,55.8,-0.25,1.42,106.4
00:39:40,13271.2,93.1,-11.2,2088,16.23,8.38,123.9,121.9,137.6,123.2,687.7,681.1,709.7,681.2,63.6,55.6,-0.14,-0.77,107.1
00:39:41,13266.2,93.6,-11.0,2092,16.28,8.25,123.5,122.4,137.5,122.6,684.9,678.5,706.6,683.9,63.5,56.3,0.03,-0.34,106.2
00:39:42,13265.9,93.9,-11.5,2088,16.27,8.2,124.5,121.9,137.4,123.4,688.1,678.7,709.6,683.3,64.3,55.9,-0.08,-1.63,106.1
00:39:43,13267.3,94.1,-11.5,2093,16.31,8.34,123.6,122.2,137.8,122.9,684.4,681.8,706.3,684.5,63.9,56.1,0.08,-1.33,106.7
00:39:44,13263.7,93.4,-10.9,2089,16.31,8.22,123.9,122.2,137.7,122.5,686.9,680.9,706.5,682.0,64.1,55.8,0.18,-0.4,107.4
00:39:45,13271.9,93.5,-11.4,2096,16.23,8.36,123.7,121.6,137.7,123.5,688.0,681.0,710.0,682.7,64.5,55.9,0.29,1.8,106.3
00:39:46,13254.3,93.0,-11.3,2094,16.24,8.31,123.6,122.1,137.6,122.9,685.2,680.7,707.5,683.3,64.6,56.3,-0.29,1.06,106.9
00:39:47,13265.9,93.9,-11.5,2091,16.29,8.24,123.7,122.1,137.3,123.0,685.6,679.6,709.0,684.7,63.5,56.3,-0.26,0.23,106.6
00:39:48,13256.4,93.6,-11.3,2095,16.3,8.37,124.4,121.9,138.0,123.0,688.0,680.6,708.8,683.6,64.6,56.2,0.2,1.54,107.6
00:39:49,13262.5,93.1,-11.0,2085,16.21,8.2,124.3,121.7,138.1,123.0,685.1,680.7,707.9,684.4,63.6,55.6,0.15,-1.87,106.7
00:39:50,13257.7,94.5,-11.2,2096,16.26,8.31,123.7,121.7,137.9,122.9,685.8,681.6,708.6,681.8,64.6,56.0,-0.04,1.07,106.1
00:39:51,13261.5,93.7,-11.1,2095,16.22,8.31,124.0,122.3,138.0,122.7,687.5,682.1,708.6,683.0,64.0,55.7,-0.07,-0.22,106.4
00:39:52,13251.5,93.7,-11.3,2087,16.3,8.37,123.8,122.2,138.0,123.4,685.3,679.2,709.0,684.9,63.9,55.5,-0.13,0.47,105.9
00:39:53,13251.5,94.5,-11.2,2092,16.22,8.28,124.2,121.9,138.0,123.5,688.2,679.0,708.3,681.5,64.6,55.5,0.18,0.82,106.5
00:39:54,13251.6,93.5,-11.6,2091,16.22,8.35,123.9,121.6,137.9,123.6,686.4,679.3,708.4,681.3,64.2,56.0,0.12,0.62,106.3
00:39:55,13241.3,93.7,-10.8,2094,16.25,8.27,123.7,122.5,137.8,123.1,687.7,680.9,706.6,683.9,63.6,55.8,-0.27,0.8,106.3
00:39:56,13237.6,94.5,-11.5,2095,16.21,8.28,124.1,122.0,137.3,122.7,687.9,681.4,708.7,681.9,64.3,55.8,0.16,0.89,106.5
00:39:57,13241.0,93.3,-11.3,2089,16.24,8.25,124.0,122.2,138.1,123.4,686.8,680.0,708.1,682.2,63.5,55.5,0.16,0.16,107.4
00:39:58,13237.9,93.1,-11.2,2090,16.22,8.35,124.0,121.9,138.2,122.8,685.2,680.7,707.8,681.3,64.1,55.7,-0.07,0.89,107.5
00:39:59,13246.0,93.9,-11.6,2094,16.18,8.39,124.5,122.6,138.1,123.3,685.8,680.2,707.8,684.0,63.5,56.0,-0.24,-1.06,106.6
